Lead Type,Owner Name,Contact Phone,Project Name,Unit Number,Location,Property Type,Actual Size,Call Date & Time,Call Duration (Seconds),Voice Call Status,Owner Intent / Note,Call Summary,Audio Recording URL,Master Lead ID,Call ID
Hot Seller / Landlord,RASHED BELAL HASSAN MOHAMMED,+971566676272,CANDACE ACACIA HOTEL APARTMENTS,916,Al Furjan,Unit,-,2026-09-23 07:38:13.584+00,92,Awaiting availability – anyone who says yes to rent or sell according to the complete flow,"hesitant - Requests valuation, wants total amount he can get, prefers Arabic","Martin initially requested to speak in Arabic, and the AI offered to arrange a callback with an Arabic-speaking colleague. He then tried to inquire about a total amount, possibly related to a bill or property valuation, expressing confusion about a payment he made. The call ended due to a poor connection before the AI could gather the necessary details to assist him further.",https://qgxgtavkovqklijfpnfl.supabase.co/storage/v1/object/public/owners_data_second/01a0cd33-3a9a-7ee4-a233-dc68e667abbb-1790149188175-670e6d17-38ed-452a-9cbe-1a11c5cb4717-stereo.wav,10102,01a0cd33-3a9a-7ee4-a233-dc68e667abbb
Hot Seller / Landlord,TONY HAJJAR,+971542366282,Elan,B091,TILAL AL GHAF,Building,-,2026-09-23 06:19:25.709+00,38,Awaiting availability,Customer available and open to discuss selling or renting,"The AI repeatedly attempted to confirm if it was speaking with Tony, but the user avoided direct confirmation, instead asking the AI to stay on the line. The call ultimately ended due to a silence timeout, without the AI ever confirming the user's identity.",https://qgxgtavkovqklijfpnfl.supabase.co/storage/v1/object/public/owners_data_second/01a0cceb-2e11-7006-aeb9-407b76662b18-1790144406178-c864b093-5e21-4ef4-913c-f752089c7fd5-stereo.wav,5186,01a0cceb-2e11-7006-aeb9-407b76662b18
Hot Seller / Landlord,MUHAMMAD NASIR,+971508942515,Zada Tower,-,Businessbay,Apartment,-,2026-09-23 06:05:46.364+00,79,Awaiting availability – anyone who says yes to rent or sell according to the complete flow,"positive - Wants to sell 1BR at Zada Tower, expects 1.2M AED","Maya from AS Properties called Mohammed about his 1-bedroom unit at Zada Tower to inquire if he was open to selling or renting. Mohammed stated he was open to selling for 1.2 million AED, but the call ended abruptly before further details could be discussed.",https://qgxgtavkovqklijfpnfl.supabase.co/storage/v1/object/public/owners_data_second/01a0ccde-a2c9-7990-a15a-bc51b3a5b591-1790143628244-5d21a398-0299-425c-bc5c-97f3072e8788-stereo.wav,47638,01a0ccde-a2c9-7990-a15a-bc51b3a5b591
Hot Seller / Landlord,MARIAM VICTOR HANNA KAMIL,+971521233176,Gardenia Livings,-,Arjan,Apartment,-,2026-09-22 14:01:54.077+00,154,Awaiting availability – anyone who says yes to rent or sell according to the complete flow,"positive - Wants to sell 2BR on 1st floor, asking 1.45M, prefers call at 6 PM","Maya from Ace Properties called Mariam regarding her 2-bedroom unit at Gardenia Living, which Mariam is looking to sell for 1.45 million AED. Although the unit is already listed on Property Finder, Ace Properties will help widen its reach with their buyers. A senior consultant will call Mariam at 6 PM today to discuss the sale and next steps.",https://qgxgtavkovqklijfpnfl.supabase.co/storage/v1/object/public/owners_data_third/01a0c96c-0645-7666-b4d5-231aecc8ce64-1790085870593-50429875-ca8d-460c-be8f-4525a54d698a-stereo.wav,44831,01a0c96c-0645-7666-b4d5-231aecc8ce64
Hot Seller / Landlord,MARYAM KHALIFA YOUSEF MOHAMED ALMARZOOQI,+971505048486,NAS3,-,Arjan,Apartment,-,2026-09-22 13:38:24.987+00,134,Awaiting availability – anyone who says yes to rent or sell according to the complete flow,"positive - Wants to rent out 1BR at Nas 3, expects at least 80k",,https://qgxgtavkovqklijfpnfl.supabase.co/storage/v1/object/public/call_recordings_16july/01a0c956-aa8c-7000-832e-2c93b1967162-1790084442127-95063434-3c30-462c-a084-1d6799831e5f-stereo.wav,44750,01a0c956-aa8c-7000-832e-2c93b1967162
Hot Seller / Landlord,GHOLAM HOSSEIN ALIZADEH AZAR DOOST,+971505597439,Uptown Tower,6505,Jumeirah Lake Towers (JLT),Apartment,-,2026-09-22 13:21:09.155+00,23,Awaiting availability – anyone who says yes to rent or sell according to the complete flow,"neutral - Confirmed open to selling Uptown Tower unit, refused renting",,https://qgxgtavkovqklijfpnfl.supabase.co/storage/v1/object/public/call_recordings_16july/01a0c946-ddcd-7001-9156-9772dc96d1cf-1790083294995-06f7256e-909d-4922-a8bb-03a59d995431-stereo.wav,19594,01a0c946-ddcd-7001-9156-9772dc96d1cf
Hot Seller / Landlord,SHATHA AZAT SHAFEEQ HAWARNA,+971503799996,ORION BUILDING,-,0,Apartment,-,2026-09-22 12:37:39.11+00,158,Awaiting availability – anyone who says yes to rent or sell according to the complete flow,"positive - Wants to sell or rent 1BR at Orion, asking 930k sale or 62k rent","Maya from AS Properties called Shata about their 1-bedroom, 2-bathroom unit in the Orion Building, inquiring if they were open to selling or renting. Shata indicated they would sell for 930,000 AED or rent for 62,000 AED, noting the unit is already listed with other agents. They agreed that AS Properties could bring direct buyers or tenants from their network, and a senior consultant will call Shata tomorrow morning to discuss potential leads.",https://qgxgtavkovqklijfpnfl.supabase.co/storage/v1/object/public/owners_data_second/01a0c91e-e310-711b-8ecd-fc66c1af4124-1790080819386-1d6534dd-bd34-4df6-8490-03ce1494864a-stereo.wav,45397,01a0c91e-e310-711b-8ecd-fc66c1af4124
Hot Seller / Landlord,BERNHARD KROHN,+971501240207,Verde by Sobha,5306,Jumeirah Lake Towers (JLT),Apartment,-,2026-09-22 12:14:55.736+00,89,Awaiting availability – anyone who says yes to rent or sell according to the complete flow,"positive - Open to sell or rent after 3 months, unit in JLT Verde by Sobha","Maya from AS Properties called Bernhard regarding his unit at Verde by Soba in Jumeirah Lake Towers to inquire about selling or renting. Bernhard confirmed he has one unit there, which will be ready in three months, and he is open to both selling and renting but has not yet decided. The call concluded with Maya acknowledging this information and thanking Bernhard for his time.",https://qgxgtavkovqklijfpnfl.supabase.co/storage/v1/object/public/owners_data_third/01a0c90a-4678-7bbe-9116-0aa394a2f3ef-1790079387532-0217cde7-9658-45e0-b6bc-cee1f0836036-stereo.wav,19372,01a0c90a-4678-7bbe-9116-0aa394a2f3ef
Hot Seller / Landlord,MOHAMMED SAED SALIM SALEM HILIS,+971557777008,FORTUNE TOWER,1610,Jumeirah Lake Towers (JLT),Apartment,-,2026-09-22 11:52:35.868+00,32,Awaiting availability – anyone who says yes to rent or sell according to the complete flow,"neutral - Wants to rent out unit at Fortune Tower, JLT",,https://qgxgtavkovqklijfpnfl.supabase.co/storage/v1/object/public/call_recordings_16july/01a0c8f5-9f9a-7000-bf71-e68da9c0fb7b-1790077990943-099429a4-bee1-4551-849a-d15135b6d013-stereo.wav,19299,01a0c8f5-9f9a-7000-bf71-e68da9c0fb7b
Hot Seller / Landlord,KAMLESH CHANDRAKANT SAGAR,+971504546605,Aura,TAG-AUR-3-A277,TILAL AL GHAF,Villa,-,2026-09-22 09:19:16.794+00,18,Awaiting availability,"Willing to sell 3-bedroom Modon unit, prefers direct buyer contact","Maya from AS Properties contacted Kamlesh to inquire if they were interested in selling or renting their unit at Aura. Kamlesh explicitly declined, stating they did not want to do anything with the property. The call then ended.",https://qgxgtavkovqklijfpnfl.supabase.co/storage/v1/object/public/owners_data_second/01a0c869-6da1-7000-b9af-982478ebdffb-1790068777159-2644118e-90d6-4b01-bcd6-ca6918656b0b-stereo.wav,5511,01a0c869-6da1-7000-b9af-982478ebdffb
Hot Seller / Landlord,KAMLESH CHANDRAKANT SAGAR,+971504546605,Aura,TAG-AUR-3-A277,TILAL AL GHAF,Building,-,2026-09-22 09:19:16.794+00,18,Awaiting availability,"Willing to sell 3-bedroom Modon unit, prefers direct buyer contact","Maya from AS Properties contacted Kamlesh to inquire if they were interested in selling or renting their unit at Aura. Kamlesh explicitly declined, stating they did not want to do anything with the property. The call then ended.",https://qgxgtavkovqklijfpnfl.supabase.co/storage/v1/object/public/owners_data_second/01a0c869-6da1-7000-b9af-982478ebdffb-1790068777159-2644118e-90d6-4b01-bcd6-ca6918656b0b-stereo.wav,4572,01a0c869-6da1-7000-b9af-982478ebdffb
Hot Seller / Landlord,SAURABH MALHOTRA ANIL MALHOTRA,+971501977116,Zada Tower,-,Businessbay,Apartment,-,2026-09-22 08:59:08.047+00,68,Awaiting availability – anyone who says yes to rent or sell according to the complete flow,"positive - Wants to rent out 1 bed in Zada Tower for 80,000 per month","Maya from AS Properties called Sourav regarding his 1-bedroom unit at Zada Tower in Business Bay. Sourav confirmed he is interested in renting it out for 80,000 dirhams per month and that the unit is already listed elsewhere. The call ended abruptly before a follow-up could be scheduled.",https://qgxgtavkovqklijfpnfl.supabase.co/storage/v1/object/public/owners_data_second/01a0c856-e6e7-7aa7-8a42-d4e4e6c7f6f2-1790067619005-6e9f48d3-4ca3-4785-83c4-ba7745b00155-stereo.wav,47467,01a0c856-e6e7-7aa7-8a42-d4e4e6c7f6f2
Hot Seller / Landlord,AHMAD YACOUB DHAHER,+971506535727,Aura,TAG-AUR-3-A065,TILAL AL GHAF,Villa,-,2026-09-22 07:38:00.103+00,45,Awaiting availability,Confirmed property settled a long time ago,"Maya from AS Properties called Ahmad regarding his unit at Aura. The call was abruptly cut short when Ahmad questioned Maya about her location, asking if she was calling from London or Dubai, before she could fully explain.",https://qgxgtavkovqklijfpnfl.supabase.co/storage/v1/object/public/owners_data_second/01a0c80c-98b4-7666-a9a2-cf846aeecc07-1790062728111-18fa7ee8-05ec-4eab-8d5f-74ebc4cfb633-stereo.wav,8042,01a0c80c-98b4-7666-a9a2-cf846aeecc07
Hot Seller / Landlord,ALAAELRAHMAN RABIEA ABOUELMAGD ABOUBAKR,+971558108994,Aura,TAG-AUR-3-A136,TILAL AL GHAF,Villa,-,2026-09-22 07:37:46.496+00,23,Awaiting availability,"Confirmed identity, asked about selling or renting property","Maya from AS Profit initiated a call with El Al Raman, who was impatient and repeatedly asked about the purpose of the call. The user then abruptly ended the conversation by stating ""No property available"" before Maya could explain why she was calling.",https://qgxgtavkovqklijfpnfl.supabase.co/storage/v1/object/public/owners_data_second/01a0c80c-810d-7000-a227-dd772d22e047-1790062691647-ded2c7cf-63bf-4e17-89f8-be33b8901efe-stereo.wav,7945,01a0c80c-810d-7000-a227-dd772d22e047
Hot Seller / Landlord,STANISLAUS D SOUZA,+971559499799,DAMAC TOWERS BY PARAMOUNT,-,Business Bay,Apartment,-,2026-09-21 11:38:01.764+00,53,Awaiting availability – anyone who says yes to rent or sell according to the complete flow,"positive - Wants to rent out Damac Towers unit, requested WhatsApp follow-up","Maya from AS Properties contacted Stanislaus regarding his unit at Damak Towers in Business Bay to inquire about selling or renting. Stanislaus confirmed his identity and expressed interest in renting the property. He requested Maya send him a WhatsApp message to discuss the rental further, which she agreed to do before the call ended.",https://qgxgtavkovqklijfpnfl.supabase.co/storage/v1/object/public/owners_data_second/01a0c3c1-dda2-7000-8a92-9885c909b114-1789990737729-a1e73a76-6b45-4f6f-8c47-099bb39949e5-stereo.wav,41831,01a0c3c1-dda2-7000-8a92-9885c909b114
Hot Seller / Landlord,MALEK BUKADIDA,+971502685085,Seven City JLT,C12 03,Jumeirah Lake Towers (JLT),Apartment,-,2026-09-21 10:59:39.248+00,27,Awaiting availability – anyone who says yes to rent or sell according to the complete flow,neutral - Asked for details on WhatsApp after selling/renting question,"Maya from AES Properties called Malik regarding his unit at 7 City JLT to inquire if he was interested in selling or renting it. Malik requested that the information be sent to him via WhatsApp, which Maya confirmed would be arranged by her team.",https://qgxgtavkovqklijfpnfl.supabase.co/storage/v1/object/public/owners_data_second/01a0c39e-6842-7000-a2b1-03c6bb0db602-1789988409145-6319a720-0588-4cf0-a742-7eb3517d6bfe-stereo.wav,25257,01a0c39e-6842-7000-a2b1-03c6bb0db602
Hot Seller / Landlord,GEORGE WILLIAM ISHAK NASRALLA,+971529815830,DAMAC TOWERS BY PARAMOUNT,-,Business Bay,Apartment,-,2026-09-21 10:51:35.415+00,200,Awaiting availability – anyone who says yes to rent or sell according to the complete flow,"positive - Wants to rent out 1BR at Tower B, Burj Khalifa view, asking 100,000 AED","Maya from AS Properties called George regarding his 1-bedroom, 939 sq ft unit in Towers BY Paramount, Business Bay, which has a lease expiring in three days. George confirmed he has a client and is seeking 100,000 dirhams for the fully furnished, 29th-floor unit with a Burj Khalifa view. The call ended with George inquiring about the client's job.",https://qgxgtavkovqklijfpnfl.supabase.co/storage/v1/object/public/owners_data_second/01a0c397-80ff-7000-95f7-61dded16476d-1789988098075-02663028-486c-45f2-9878-3a1085a683c9-stereo.wav,41190,01a0c397-80ff-7000-95f7-61dded16476d
Hot Seller / Landlord,MOHAMMED ALI HABIB,+971559655395,CANDACE ACACIA HOTEL APARTMENTS,801,Al Furjan,Hotel Apartment,-,2026-09-21 08:59:13.196+00,54,Awaiting availability – anyone who says yes to rent or sell according to the complete flow,"negative - Has property on market for sale, wants buyer, 1 bedroom at Candace Acacia","Maya from AS Properties called Mohammed about his unit at Candace Acacia Hotel Apartments, inquiring if he was open to selling or renting. Mohammed confirmed the property was on the market for sale, but the call ended abruptly when he became frustrated by Maya's persistence in asking for property details without first answering his question about her location. Mohammed instructed her to call back only if she had a buyer.",https://qgxgtavkovqklijfpnfl.supabase.co/storage/v1/object/public/owners_data_second/01a0c330-a099-7000-935a-211fb1a00fd5-1789981209670-d2144df9-ecbb-4d8b-a2d1-9d4c043283ab-stereo.wav,15415,01a0c330-a099-7000-935a-211fb1a00fd5
Hot Seller / Landlord,ALI PERVAIZ IQBAL,+971581121182,GREEN DIAMOND 1 B,-,Arjan,Apartment,-,2026-09-21 08:37:38.266+00,102,Awaiting availability – anyone who says yes to rent or sell according to the complete flow,"positive - Studio for rent from Oct 1, requested WhatsApp details","The AI called Eli regarding their unit at Green Diamond 1B, which Eli confirmed was already tenanted with a recent renewal. Eli then informed the AI that they have a studio apartment becoming available for rent on October 1st, which they are looking to rent out. The call ended with Eli requesting a WhatsApp message as they were busy.",https://qgxgtavkovqklijfpnfl.supabase.co/storage/v1/object/public/owners_data_second/01a0c31c-cc04-7aa6-9f7f-a72b6b0ca129-1789979962629-b9c1968e-fd3a-48cf-8a30-eebb59301f5a-stereo.wav,45463,01a0c31c-cc04-7aa6-9f7f-a72b6b0ca129
Hot Seller / Landlord,AHMED KAMAL OMAR MAHMOUD MOHAMED,+971508892247,PARAMOUNT TOWER HOTEL & RESIDENCES,-,Business Bay,Apartment,-,2026-09-19 13:37:59.134+00,73,Awaiting availability – anyone who says yes to rent or sell according to the complete flow,"positive - Wants to sell Paramount unit, expects 1.3M, requests WhatsApp for more details",Maya from AS Propel contacted Ahmed regarding his unit at Paramount Tower Hotel and Residences to inquire about selling or renting. Ahmed confirmed he is open to selling the unit for 1.3 million AED and preferred to share further details via WhatsApp. AS Propel agreed to send a message to Ahmed on WhatsApp to facilitate this exchange.,https://qgxgtavkovqklijfpnfl.supabase.co/storage/v1/object/public/owners_data_second/01a0b9e3-19c1-7008-a454-b179ef4a2f50-1789825154454-23629214-34e2-4e37-ab6b-e88ae19969a2-stereo.wav,41083,01a0b9e3-19c1-7008-a454-b179ef4a2f50
Hot Seller / Landlord,FAIZ PAPADOPOULOS,+971557683363,Al Furjan,null,0,Land,-,2026-09-19 11:13:20.059+00,26,Awaiting availability,"Wants to sell, redirected to contact mister Harry or Hadi",,https://qgxgtavkovqklijfpnfl.supabase.co/storage/v1/object/public/call_recordings_16july/01a0b95e-c156-755c-8d58-660ae6ad6a06-1789816428423-322b99da-5456-467c-ac59-11451a71c1aa-stereo.wav,10107,01a0b95e-c156-755c-8d58-660ae6ad6a06
Hot Seller / Landlord,ABDELFATTAH MOHAMED ABOUELNAGA OTHMAN,+971507077804,THE SQUARE,JVC13CHRA005,Jumeirah Village Circle,Residential,-,2026-09-19 10:39:32.958+00,48,Awaiting availability – anyone who says yes to rent or sell according to the complete flow,"neutral - Confirmed unit is a business, open to sell or rent out",,https://qgxgtavkovqklijfpnfl.supabase.co/storage/v1/object/public/call_recordings_16july/01a0b93f-78d2-7000-82d5-1d41ee08442f-1789814423376-d4c55804-4481-46dc-b41e-1d3f33f4759f-stereo.wav,43452,01a0b93f-78d2-7000-82d5-1d41ee08442f
Hot Seller / Landlord,HIRANAND LACHMANDAS TILWANI LACHMANDAS VENSIMAL,+971529842840,DUBAI GATE ONE,3004,Jumeirah Lake Towers (JLT),Apartment,-,2026-09-19 08:41:03.271+00,42,Awaiting availability – anyone who says yes to rent or sell according to the complete flow,"positive - Confirmed open to selling at Dubai Gate 1, JLT",Maya from AS Properties called Hironand to inquire if they were open to selling their unit at Dubai Gate 1 in Jumeirah Lake Towers. The call ended abruptly before the agent could fully pose the question or Hironand could respond.,https://qgxgtavkovqklijfpnfl.supabase.co/storage/v1/object/public/owners_data_third/01a0b8d3-491b-7dd9-a5f8-7fcb9f1f349c-1789807307460-8f2d5be0-dbfb-49d9-ab53-623fba9ad33f-stereo.wav,21515,01a0b8d3-491b-7dd9-a5f8-7fcb9f1f349c
Hot Seller / Landlord,PRADEEP SANKARA WARRIER MURIAMANGALATHU SANKARA,+971506586561,Me Do Re 2,2105,Jumeirah Lake Towers (JLT),Apartment,-,2026-09-19 08:33:20.434+00,185,Awaiting availability – anyone who says yes to rent or sell according to the complete flow,"positive - Wants to sell 1.5 bed at Midori 2, expects 3.2-3.3M AED, callback arranged","Maya from AS Properties called Pradeep regarding his 1.5-bedroom unit at Miduri 2, Jumeirah Lake Towers, which he is looking to sell for 3.2-3.3 million dirhams. The unit is 1242 sq ft and has not been listed with any other agent. A senior consultant will call Pradeep tonight around 6-7 PM to discuss selling options.",https://qgxgtavkovqklijfpnfl.supabase.co/storage/v1/object/public/owners_data_third/01a0b8cc-2bb1-7aa6-8106-c6ce4c48438b-1789806987955-fad54e49-f746-4ebd-9357-e8a71e81dcfa-stereo.wav,21551,01a0b8cc-2bb1-7aa6-8106-c6ce4c48438b
Hot Seller / Landlord,ACHRAJ CHATURVEDI RAJENDRA PRASAD,+971506524894,GOLDCREST VIEWS 2,1704,Jumeirah Lake Towers (JLT),Apartment,-,2026-09-19 08:01:26.783+00,61,Awaiting availability – anyone who says yes to rent or sell according to the complete flow,neutral - Open to renting unit from November at JLT,"Maya from AS Properties contacted Adraj regarding their unit at Goldcrest Fuse in Jumeirah Lake Towers to inquire about selling or renting. Adraj expressed interest in potentially renting out the unit, starting from November.",https://qgxgtavkovqklijfpnfl.supabase.co/storage/v1/object/public/owners_data_third/01a0b8ae-fb29-7660-a756-71ddac031a23-1789804950676-3264bbe2-25ca-4d12-958b-df8d8398907d-stereo.wav,21479,01a0b8ae-fb29-7660-a756-71ddac031a23
Hot Seller / Landlord,ANURAG SINGH ASWAL,+971565243560,DAMAC HILLS - GOLF GREENS 2,-,DAMAC HILLS,Villa,-,2026-09-19 07:37:45.151+00,81,Awaiting availability – anyone who says yes to rent or sell according to the complete flow,"hesitant - Unit not handed over, open to sell if buyer exists","Maya from AS Properties called Anurag regarding his unit at Damak Hills Golf Greens, inquiring if he was interested in selling or renting it. Anurag clarified that the unit had not yet been handed over, making renting impossible, and asked if AS Properties had a buyer for selling. The call ended abruptly when Anurag stated he didn't have time for the discussion and asked Maya to find a buyer.",https://qgxgtavkovqklijfpnfl.supabase.co/storage/v1/object/public/owners_data_second/01a0b899-5642-7ff5-bf89-40c82f6d5ace-1789803548246-c25417ec-7f12-4a5d-8251-b433411e9a1c-stereo.wav,46070,01a0b899-5642-7ff5-bf89-40c82f6d5ace
Hot Seller / Landlord,POOJA MAHESH GOBINDRAM CHATLANI DASWANI MAHESH MOHAN,+971521745108,Harmony,#N/A,TILAL AL GHAF,null,-,2026-09-19 07:00:54.101+00,11,Awaiting availability,"Waiting for properties handed over, follow-up around October","The AI initiated the call by asking if it was speaking with Puja. The user responded that they were not Puja, leading the AI to apologize and end the call.",https://qgxgtavkovqklijfpnfl.supabase.co/storage/v1/object/public/owners_data_third/01a0b877-8ab8-7dd9-a458-fbdf3e07457c-1789801267427-0c41604e-a4b3-46e2-8836-fe67357e69af-stereo.wav,8280,01a0b877-8ab8-7dd9-a458-fbdf3e07457c
Hot Seller / Landlord,MAHESH MOHAN GOBINDRAM,+971521745108,Elan,B235,TILAL AL GHAF,Building,-,2026-09-19 07:00:54.101+00,11,Awaiting availability,"Waiting for properties handed over, follow-up around October","The AI initiated the call by asking if it was speaking with Puja. The user responded that they were not Puja, leading the AI to apologize and end the call.",https://qgxgtavkovqklijfpnfl.supabase.co/storage/v1/object/public/owners_data_third/01a0b877-8ab8-7dd9-a458-fbdf3e07457c-1789801267427-0c41604e-a4b3-46e2-8836-fe67357e69af-stereo.wav,4328,01a0b877-8ab8-7dd9-a458-fbdf3e07457c
Hot Seller / Landlord,MAHESH MOHAN GOBINDRAM,+971521745108,Elan,B235,TILAL AL GHAF,Villa,-,2026-09-19 07:00:54.101+00,11,Awaiting availability,"Waiting for properties handed over, follow-up around October","The AI initiated the call by asking if it was speaking with Puja. The user responded that they were not Puja, leading the AI to apologize and end the call.",https://qgxgtavkovqklijfpnfl.supabase.co/storage/v1/object/public/owners_data_third/01a0b877-8ab8-7dd9-a458-fbdf3e07457c-1789801267427-0c41604e-a4b3-46e2-8836-fe67357e69af-stereo.wav,5820,01a0b877-8ab8-7dd9-a458-fbdf3e07457c
Hot Seller / Landlord,DILIARA CHAGAEVA,+971544761120,UH EAST BY ELLINGTON,E-911,Jumeirah Lake Towers (JLT),Apartment,-,2026-09-19 06:46:36.277+00,74,Awaiting availability – anyone who says yes to rent or sell according to the complete flow,"hesitant - Willing to consider selling if there is a ready buyer, prefers initial offer on WhatsApp","An AI from AS Properties called Dilyara about her unit in JLT, inquiring if she was open to selling or renting. Dilyara repeatedly stated she would only engage if the AI had a ready buyer and an offer to send via WhatsApp. The call ended with Dilyara reiterating her stance that she was only interested in a direct buyer.",https://qgxgtavkovqklijfpnfl.supabase.co/storage/v1/object/public/owners_data_third/01a0b86a-970f-7bb9-9bcc-eb6904cd6dac-1789800472768-83618732-4724-400b-8bf1-320c5368af92-stereo.wav,19909,01a0b86a-970f-7bb9-9bcc-eb6904cd6dac
Hot Seller / Landlord,MUHAMMAD ASLAM MUHAMMAD YOUSUF,+971551160082,Arabian Gates,1207,Dubai Silicon Oasis (DSO),Residential,-,2026-09-19 06:37:32.341+00,165,Awaiting availability – anyone who says yes to rent or sell according to the complete flow,"positive - Wants to rent out 2BR at Arabian Gates, expects 90–95k, open to consultant call","Maya from AS Properties contacted Mohammad regarding his 2-bedroom, unfurnished unit at Arabian Gates in Dubai's Silicon Oasis, as he is considering renting it out. Mohammad was informed of the market rent range (75,000-95,000 AED/year) and is aiming for 90,000-95,000 AED/year. A senior consultant will call him next week to discuss rental options further, after he speaks with his current tenant.",https://qgxgtavkovqklijfpnfl.supabase.co/storage/v1/object/public/owners_data_second/01a0b862-3972-7dd9-a401-1db029e24d4b-1789800019911-ec41954b-9882-4915-9923-6ddbccb017d9-stereo.wav,43190,01a0b862-3972-7dd9-a401-1db029e24d4b
Hot Seller / Landlord,MOHAMED HILAL MOHAMED AHMED ALDARMAKI,+971505599097,ALFURJAN PACKAGE 4,null,Al Furjan,Commercial,-,2026-09-19 05:18:04.936+00,125,Awaiting availability – anyone who says yes to rent or sell according to the complete flow,"positive - Wants to sell 4 bed unit in Alforjan, asks 7,000,000 AED, callback set","Maya from Ace Properties contacted Mohammed regarding his 4-bedroom, 1-maid's room unit in Alfouzhan, which he is looking to sell for 7,000,000 dirhams. Although the property is currently listed with another agency, Mohammed is open to exploring options with Ace Properties. A senior consultant will call him tomorrow afternoon to discuss the sale further.",https://qgxgtavkovqklijfpnfl.supabase.co/storage/v1/object/public/owners_data_third/01a0b819-7eec-7dd9-a31a-7733b46bcd08-1789795212339-6c299f55-c71c-4a18-b1a5-16d8e4abba03-stereo.wav,13264,01a0b819-7eec-7dd9-a31a-7733b46bcd08
Hot Seller / Landlord,VIDYADHARAN PANIKKATH,+971509233248,Azizi Star Hotel Apartments,602A,Al Furjan,Unit,-,2026-09-19 05:03:07.346+00,76,Awaiting availability – anyone who says yes to rent or sell according to the complete flow,"positive - Wants to rent out unit, expects 48k AED monthly","Maya from AS Properties contacted Vidyard Haran regarding his unit at Aziz Star Hotel Apartments to inquire about selling or renting. Vidyard confirmed he is only open to renting the property. He initially stated an expected rental price of ""48,"" which Maya clarified as 48,000 dirhams per month, before the call ended with her re-asking for the desired monthly rent.",https://qgxgtavkovqklijfpnfl.supabase.co/storage/v1/object/public/owners_data_third/01a0b80b-b474-7dd9-ae97-e12793f74915-1789794265807-ed526bce-92a4-409d-bb7e-b13dc7f367d5-stereo.wav,10069,01a0b80b-b474-7dd9-ae97-e12793f74915
Hot Seller / Landlord,RAMNATH RANGANATHAN RANGANATHAN,+971545516781,Al Furjan,111,Al Furjan,Unit,-,2026-09-18 13:53:18.428+00,190,Awaiting availability – anyone who says yes to rent or sell according to the complete flow,"positive - Wants to rent 3BR at Al Furjan, expects 160k/year, agreed callback at 11:30am","Maya from AS Properties called Ramna regarding their 3-bedroom unit in Al Furjan, which Ramna wishes to rent out for 160,000 dirhams per year. Although the unit is currently listed with other agents, Ramna agreed to a callback from a senior consultant from AS Properties tomorrow at 11:30 AM to discuss wider reach for renters.",https://qgxgtavkovqklijfpnfl.supabase.co/storage/v1/object/public/owners_data_third/01a0b4ca-ca32-7000-8a6e-9d287186db56-1789739791212-12ada4ef-54c5-4b01-97c0-c825933e8140-stereo.wav,10495,01a0b4ca-ca32-7000-8a6e-9d287186db56
Hot Seller / Landlord,VENKATA SRIHARI DURGA RAO KUSUPUDI,+971505853853,MURANO RESIDENCE 1,303,Al Furjan,Unit,-,2026-09-18 12:47:47.311+00,168,Awaiting availability – anyone who says yes to rent or sell according to the complete flow,"positive - Wants to sell 1BR at Murano, listed at 840-850K, prefers WhatsApp follow-up","Maya from AS Properties contacted Venkata regarding selling their 1-bedroom unit at Murano Residence 1 in Al Furjun, which is already listed with two other agents for 840,000-850,000 dirhams. Venkata requested AS Properties' senior consultant to send their company profile, market valuation, timeline, and commission terms via WhatsApp.",https://qgxgtavkovqklijfpnfl.supabase.co/storage/v1/object/public/owners_data_third/01a0b48e-b827-7994-9076-451c397faa6e-1789735837638-8ec39e7c-77a8-4b86-92a6-46fd526f6450-stereo.wav,9654,01a0b48e-b827-7994-9076-451c397faa6e
Hot Seller / Landlord,ZAKRIA BAJPE BAJPESHEKUNHI,+971569877770,DREAMZ,null,Al Furjan,Building,-,2026-09-18 12:38:38.282+00,82,Awaiting availability – anyone who says yes to rent or sell according to the complete flow,positive - Wants to sell 6BR at Dubai Pulte Generale for 2M USD,,https://qgxgtavkovqklijfpnfl.supabase.co/storage/v1/object/public/call_recordings_16july/01a0b486-835b-7000-8abe-a21c5d9f94fd-1789735203277-7138c569-a992-4247-b7be-84544f2db54e-stereo.wav,9592,01a0b486-835b-7000-8abe-a21c5d9f94fd
Hot Seller / Landlord,SACHIN KAUSHIK RAGHUNATH PRASAD KAUSHIK,+971529783482,TALIA RESIDENCES,401,Al Furjan,Unit,-,2026-09-18 11:54:51.193+00,103,Awaiting availability – anyone who says yes to rent or sell according to the complete flow,"positive - Wants to rent out 1BR at Talia Residences, expects 76–80k yearly","Maya from AS Properties called Sachin regarding his 1-bedroom unit at Talia Residences, inquiring if he was open to selling or renting. Sachin confirmed he wanted to rent it out for 76,000-80,000 AED per year. The call ended abruptly after Sachin expressed frustration with the line of questioning.",https://qgxgtavkovqklijfpnfl.supabase.co/storage/v1/object/public/owners_data_third/01a0b45e-6f56-7eef-98d0-6c3e9fad5df5-1789732596915-6b65d09a-9792-4c1e-bda2-ecc3f595cbcc-stereo.wav,9076,01a0b45e-6f56-7eef-98d0-6c3e9fad5df5
Hot Seller / Landlord,MOHAMED ELARABY ELSAYED GAD,+201228946530,GEMZ by Danube,206,Al Furjan,Flat,-,2026-09-18 11:53:34.139+00,62,Awaiting availability – anyone who says yes to rent or sell according to the complete flow,"positive - Wants to sell unit at GEMZ by Danube, requested WhatsApp follow-up",,https://qgxgtavkovqklijfpnfl.supabase.co/storage/v1/object/public/call_recordings_16july/01a0b45c-c0a7-7fff-92cf-735b0d0d4f96-1789732478680-3d40da5c-0f6e-4da9-ad85-e661bc1a521d-stereo.wav,9290,01a0b45c-c0a7-7fff-92cf-735b0d0d4f96
Hot Seller / Landlord,MUHAMMAD ARIF ABDUL AZIZ,+971504447524,Aura,TAG-AUR-2-053,TILAL AL GHAF,Villa,-,2026-09-18 11:20:56.147+00,32,Awaiting availability,"Said unit sold out, implying no availability to rent or sell",,https://qgxgtavkovqklijfpnfl.supabase.co/storage/v1/object/public/call_recordings_16july/01a0b43f-49f2-7dd4-a24e-bcf6c9258ee1-1789730490826-70da75c3-c539-47eb-bfbc-a9eee340ed71-stereo.wav,5179,01a0b43f-49f2-7dd4-a24e-bcf6c9258ee1
Hot Seller / Landlord,KHALID ZAHOOR,+971503045467,Elan,B287,TILAL AL GHAF,Building,-,2026-09-18 11:07:24.987+00,9,Awaiting availability,"Hesitant about selling or renting, no clear commitment","The AI initiated the call by asking to speak with Khaled. The user immediately informed the AI that it was a wrong number, leading to the call's abrupt end, which the customer terminated.",https://qgxgtavkovqklijfpnfl.supabase.co/storage/v1/object/public/owners_data_third/01a0b432-fd7e-7eef-97ee-b022b04ad7e0-1789729656395-b3a26ee1-625c-4b4a-ac96-7d98387677ae-stereo.wav,5167,01a0b432-fd7e-7eef-97ee-b022b04ad7e0
Hot Seller / Landlord,ANEESH PHILIP PHILIP,+971551950715,Elan,A153,TILAL AL GHAF,Building,-,2026-09-18 11:07:14.771+00,14,Awaiting availability,"Interested in selling or renting unit, declined listing offer","Maya from AS Properties called Anish regarding his unit. Anish immediately stated he was not interested, leading to the call's termination.",https://qgxgtavkovqklijfpnfl.supabase.co/storage/v1/object/public/owners_data_third/01a0b432-d244-7229-8b95-da435378c9a1-1789729651032-0b97ed67-c1d9-44e6-98b4-0450a8f434b3-stereo.wav,4890,01a0b432-d244-7229-8b95-da435378c9a1
Hot Seller / Landlord,EHAB SAMIR MOHAMED HASSAN ELNADY,+971565224033,Elan,A229,TILAL AL GHAF,Building,-,2026-09-18 11:01:59.135+00,34,Awaiting availability,"Confirmed property listed for sale, available anytime for callback",Maya from AS Properties called Ehab regarding his unit at Elan in Khailal Al GIF to inquire if he was interested in selling or renting the property. Ehab informed her that the unit had already been sold.,https://qgxgtavkovqklijfpnfl.supabase.co/storage/v1/object/public/owners_data_third/01a0b42d-c71b-7777-8bad-e545ba4e4a83-1789729355599-3c106669-6c73-4c00-b71e-39c34e91ea21-stereo.wav,3851,01a0b42d-c71b-7777-8bad-e545ba4e4a83
Hot Seller / Landlord,PETER WALTER WILLIAMS,+971556815266,Elan,A205,TILAL AL GHAF,Building,-,2026-09-18 10:54:36.453+00,12,Awaiting availability,"Considering selling, requested WhatsApp follow-up","The AI initiated the call by asking to speak with Peter. However, the customer ended the call immediately, preventing any further conversation from taking place.",https://qgxgtavkovqklijfpnfl.supabase.co/storage/v1/object/public/owners_data_third/01a0b426-d642-7000-8561-875fd1945477-1789728891166-7444ed76-74e5-487f-a22d-22df522e64e9-stereo.wav,5063,01a0b426-d642-7000-8561-875fd1945477
Hot Seller / Landlord,BHUVANESWARI DHARMARAJULU,+971581076357,Elan,A079,TILAL AL GHAF,Building,-,2026-09-18 10:38:09.902+00,9,Awaiting availability,Customer confirmed property sold long ago,,https://qgxgtavkovqklijfpnfl.supabase.co/storage/v1/object/public/call_recordings_16july/01a0b417-ffe0-744c-8e13-318d2115b94b-1789727901881-128c0b05-ae60-460a-85ff-51e149be40d5-stereo.wav,5091,01a0b417-ffe0-744c-8e13-318d2115b94b
Hot Seller / Landlord,SAMEH SAYED MOHAMED ALI,+966554102510,Zada Tower,-,Businessbay,Apartment,-,2026-09-18 10:08:18.622+00,61,Awaiting availability – anyone who says yes to rent or sell according to the complete flow,"positive - Open to renting Zada Tower unit, confirmed interest in rental","Maya from AS Properties called Sami regarding their unit at Zada Tower, inquiring if they were interested in selling or renting. Sami confirmed the unit is currently rented. Maya then attempted to discuss other investment opportunities or listing the Zada Tower unit for rental, but the call ended abruptly.",https://qgxgtavkovqklijfpnfl.supabase.co/storage/v1/object/public/owners_data_third/01a0b3fc-e542-744c-8d95-0c133898bad3-1789726162224-00579b64-e632-4493-a82b-6b74e58326ed-stereo.wav,47659,01a0b3fc-e542-744c-8d95-0c133898bad3
Hot Seller / Landlord,MASSINISSA BOUZIAD,+33609255713,Zada Tower,-,Businessbay,Apartment,-,2026-09-18 08:55:06.418+00,228,Awaiting availability – anyone who says yes to rent or sell according to the complete flow,"positive - Wants to rent at 70k, may sell after contract ends June 2025","Maya from AS Properties called Masina regarding his 1-bedroom unit at Zara Tower in Business Bay. Masina confirmed the unit is being rented out for 70,000 AED annually with a contract almost finalized, but he is open to selling it next year. AS Properties will have a senior consultant contact Masina in June 2025 to discuss potential selling options after the current rental contract concludes.",https://qgxgtavkovqklijfpnfl.supabase.co/storage/v1/object/public/owners_data_third/01a0b3b9-a730-7777-894e-47c671de9704-1789721937056-5d92bb88-9adc-4150-b4c3-df550ac024be-stereo.wav,47411,01a0b3b9-a730-7777-894e-47c671de9704
Hot Seller / Landlord,SHEHZAD KALEEM,+4915117773332,Zada Tower,-,Businessbay,Apartment,-,2026-09-18 08:53:14.241+00,77,Awaiting availability – anyone who says yes to rent or sell according to the complete flow,"positive - Wants to sell 1BR at Zada Tower, asking 1.2M, prefers agent, callback Monday","Maya from AES Properties called Shizar regarding their 1-bedroom unit at Zada Tower, which is already listed for sale at 1.2 million AED. Shizar confirmed they are open to AES Properties assisting with the sale alongside their current agent. A senior consultant from AES Properties will call Shizar on Monday morning to discuss further.",https://qgxgtavkovqklijfpnfl.supabase.co/storage/v1/object/public/owners_data_third/01a0b3b8-23df-788e-943e-0a6d281c18ff-1789721673444-b89c37d9-4ecb-47b5-a916-a6d85e3edd0f-stereo.wav,47402,01a0b3b8-23df-788e-943e-0a6d281c18ff
Hot Seller / Landlord,NIKOLA ZELJKOVIC,+48534836914,Zada Tower,-,Businessbay,Apartment,-,2026-09-18 08:47:00.999+00,62,Awaiting availability – anyone who says yes to rent or sell according to the complete flow,"positive - Unit at Zada Tower is rented monthly, owner open to rentals","AS Properties contacted Nicola regarding her Zada Tower unit to inquire about selling or renting. Nicola clarified that the unit is already rented on a monthly basis, and the call ended shortly after this clarification.",https://qgxgtavkovqklijfpnfl.supabase.co/storage/v1/object/public/owners_data_third/01a0b3b2-68fc-7000-8302-89d4da18a3c1-1789721285699-dcd2dd7a-74c5-456f-9364-85250678c350-stereo.wav,47385,01a0b3b2-68fc-7000-8302-89d4da18a3c1
Hot Seller / Landlord,MOHAMMED LAGHZAL,+31648194280,Zada Tower,-,Businessbay,Apartment,-,2026-09-18 08:06:42.347+00,174,Awaiting availability – anyone who says yes to rent or sell according to the complete flow,"positive - Wants to rent out 1BR at Zada Tower from November, expects 85-90k",,https://qgxgtavkovqklijfpnfl.supabase.co/storage/v1/object/public/call_recordings_16july/01a0b38d-84ae-7772-9119-7ca6571f1268-1789718978855-79f67151-bace-413c-b407-96901ceb9209-stereo.wav,47239,01a0b38d-84ae-7772-9119-7ca6571f1268
Hot Seller / Landlord,NEERAJ AGGARWAL,+919972275473,Zada Tower,-,Businessbay,Apartment,-,2026-09-18 07:59:01.68+00,25,Awaiting availability – anyone who says yes to rent or sell according to the complete flow,positive - Requested to connect on WhatsApp about Zada Tower opportunity,,https://qgxgtavkovqklijfpnfl.supabase.co/storage/v1/object/public/call_recordings_16july/01a0b386-71b2-7dd4-9e16-aab2ea370350-1789718369780-e133328e-105c-40c3-8baf-ba6ab07a3411-stereo.wav,47209,01a0b386-71b2-7dd4-9e16-aab2ea370350
Hot Seller / Landlord,SUPARNA CHOUDHURY,+971507345274,ELITE BUSINESS BAY RESIDENCE,416,Business Bay,Apartment,-,2026-09-18 07:51:23.971+00,72,Awaiting availability – anyone who says yes to rent or sell according to the complete flow,"Wants to rent out 1BR, agreed to list with us","Maya from AS Properties called Suparna regarding her unit at Elite Business Bay Residence to inquire about selling or renting it. Suparna informed Maya that the unit is already rented and declined any interest in listing another property for investment at this time. Maya acknowledged this and ended the call, offering future assistance if Suparna's situation changes.",https://qgxgtavkovqklijfpnfl.supabase.co/storage/v1/object/public/owners_data_second/01a0b37f-85ba-7000-84c3-f3ccd9384ec5-1789717958493-6d014b8c-820a-4fc9-a9e1-89dadd0f4913-stereo.wav,28979,01a0b37f-85ba-7000-84c3-f3ccd9384ec5
Hot Seller / Landlord,EYAD ALHABBAL,+971509043512,Elan,B545,TILAL AL GHAF,Villa,-,2026-09-18 07:28:09.002+00,11,Awaiting availability – anyone who says yes to rent or sell according to the complete flow,"Wants to sell, asked for offer, shared interest in valuation",,https://qgxgtavkovqklijfpnfl.supabase.co/storage/v1/object/public/call_recordings_16july/01a0b36a-2928-7110-aa76-a01346e523a7-1789716502944-b9182540-4379-4ba8-bc20-d53f465ce065-stereo.wav,7869,01a0b36a-2928-7110-aa76-a01346e523a7
Hot Seller / Landlord,EYAD ALHABBAL,+971509043512,Elan,A095,TILAL AL GHAF,Villa,-,2026-09-18 07:28:09.002+00,11,Awaiting availability – anyone who says yes to rent or sell according to the complete flow,"Wants to sell, asked for offer, shared interest in valuation",,https://qgxgtavkovqklijfpnfl.supabase.co/storage/v1/object/public/call_recordings_16july/01a0b36a-2928-7110-aa76-a01346e523a7-1789716502944-b9182540-4379-4ba8-bc20-d53f465ce065-stereo.wav,7872,01a0b36a-2928-7110-aa76-a01346e523a7
Hot Seller / Landlord,EYAD ALHABBAL,+971509043512,Aura,TAG-AUR-2-027,TILAL AL GHAF,Villa,-,2026-09-18 07:28:09.002+00,11,Awaiting availability – anyone who says yes to rent or sell according to the complete flow,"Wants to sell, asked for offer, shared interest in valuation",,https://qgxgtavkovqklijfpnfl.supabase.co/storage/v1/object/public/call_recordings_16july/01a0b36a-2928-7110-aa76-a01346e523a7-1789716502944-b9182540-4379-4ba8-bc20-d53f465ce065-stereo.wav,7994,01a0b36a-2928-7110-aa76-a01346e523a7
Hot Seller / Landlord,BRUCE THOMAS THOMSON,+971504510669,Seven City JLT,C21 24,Jumeirah Lake Towers (JLT),Apartment,-,2026-09-18 07:07:11.28+00,48,Awaiting availability – anyone who says yes to rent or sell according to the complete flow,"neutral - Unit not ready yet, open to discuss after handover",,https://qgxgtavkovqklijfpnfl.supabase.co/storage/v1/object/public/call_recordings_16july/01a0b356-c42b-7000-83f2-e00e9f324d26-1789715282467-5dddbaed-a03e-45d9-9c44-783d41539a3e-stereo.wav,27787,01a0b356-c42b-7000-83f2-e00e9f324d26
Hot Seller / Landlord,BRIJAL MAHESH SHAH,+971552055605,ARMADA 3,1911,Jumeirah Lake Towers (JLT),Apartment,-,2026-09-18 06:59:39.729+00,98,Awaiting availability – anyone who says yes to rent or sell according to the complete flow,"positive - Wants to rent 2BR at Armada 3, expects 130k+, currently listed elsewhere",,https://qgxgtavkovqklijfpnfl.supabase.co/storage/v1/object/public/call_recordings_16july/01a0b350-2f38-7000-803c-cc5ea21628df-1789714880209-f76f889d-a4bc-4dd8-af74-af8104e93fff-stereo.wav,23800,01a0b350-2f38-7000-803c-cc5ea21628df
Hot Seller / Landlord,YUXUAN WANG,+971529563032,Dubai Star,4004,Jumeirah Lake Towers (JLT),Apartment,-,2026-09-18 06:52:24.156+00,153,Awaiting availability – anyone who says yes to rent or sell according to the complete flow,"positive - Wants to sell 1BR at Dubai Star for 1.1M, unit available after 20th",,https://qgxgtavkovqklijfpnfl.supabase.co/storage/v1/object/public/call_recordings_16july/01a0b349-6f13-7994-8890-b7c2dc0a815a-1789714500339-51933a68-055a-4e2d-b290-e51c00335f13-stereo.wav,24996,01a0b349-6f13-7994-8890-b7c2dc0a815a
Hot Seller / Landlord,SERGEY SURAEV,+971526266799,Seven City JLT,B14 17,Jumeirah Lake Towers (JLT),Apartment,-,2026-09-18 06:19:31.492+00,59,Awaiting availability – anyone who says yes to rent or sell according to the complete flow,"hesitant - Willing to rent out after completion, building not yet finished","Maya from AS Properties called Sergei regarding his unit at 7 City JLT to inquire about selling or renting. Sergei clarified that the building is incomplete and cannot be rented, advising Maya to research the property's status before discussing further options. He indicated he might be open to interesting offers once she understands the situation.",https://qgxgtavkovqklijfpnfl.supabase.co/storage/v1/object/public/owners_data_second/01a0b32b-6333-7000-832b-110b7367f481-1789712433412-f0b0c41d-593d-4f0e-b470-654645e7faab-stereo.wav,22969,01a0b32b-6333-7000-832b-110b7367f481
Hot Seller / Landlord,MALEK KHANAFER,+971553399555,Aura,TAG-AUR-2-093,TILAL AL GHAF,Building,-,2026-09-18 05:23:12.453+00,24,Awaiting availability,Interested in transfer sale and offer rent,"An AI called asking to speak with Gina about a property. Gina's brother answered, clarifying that they live in the property and are not selling it. The AI acknowledged this information and ended the call.",https://qgxgtavkovqklijfpnfl.supabase.co/storage/v1/object/public/owners_data_third/01a0b2f7-e3e2-7777-853d-311410fa8a97-1789709019582-bc03b54a-77b6-44fb-a2c3-dd4e5d2bd6f0-stereo.wav,4235,01a0b2f7-e3e2-7777-853d-311410fa8a97
Hot Seller / Landlord,SAFA SAMIEER M  ANTEET,+966544455804,Oasiz 1 by Danube,305,Dubai Silicon Oasis (DSO),Apartments,-,2026-09-17 12:51:35.296+00,161,Awaiting availability – anyone who says yes to rent or sell according to the complete flow,"positive - Wants to sell 1BR at Oasis 1, expects 1,000,500 AED, asked about commission","Safa confirmed they are open to selling their 1-bedroom unit at Oasis 1 by Danube for 1,500,000 AED, but not renting it as they haven't taken possession. A senior consultant from AS Properties will call Safa tomorrow afternoon to discuss the sale further, including commission and pricing strategy.",https://qgxgtavkovqklijfpnfl.supabase.co/storage/v1/object/public/owners_data_second/01a0af6c-00f6-7eea-b7fc-7f26dd3799bf-1789649659021-959af5b9-3ded-455a-b5f4-90b5d3ce3782-stereo.wav,42536,01a0af6c-00f6-7eea-b7fc-7f26dd3799bf
Hot Seller / Landlord,MUHAMMAD NASIR,+971508942515,Zada Tower,-,Businessbay,Apartment,-,2026-09-17 11:31:51.747+00,0,Awaiting availability – anyone who says yes to rent or sell according to the complete flow,"positive - Wants to sell 1BR at Zada Tower, expects 1.2M AED",,https://qgxgtavkovqklijfpnfl.supabase.co/storage/v1/object/public/owners_data_second/01a0ccde-a2c9-7990-a15a-bc51b3a5b591-1790143628244-5d21a398-0299-425c-bc5c-97f3072e8788-stereo.wav,47638,01a0c2a9-539f-7000-8056-44b31d2ebf65
Hot Seller / Landlord,MUHAMMAD NASIR,+971508942515,Zada Tower,-,Businessbay,Apartment,-,2026-09-17 11:31:51.747+00,0,Awaiting availability – anyone who says yes to rent or sell according to the complete flow,"positive - Wants to sell 1BR at Zada Tower, expects 1.2M AED",,https://qgxgtavkovqklijfpnfl.supabase.co/storage/v1/object/public/owners_data_second/01a0ccde-a2c9-7990-a15a-bc51b3a5b591-1790143628244-5d21a398-0299-425c-bc5c-97f3072e8788-stereo.wav,47638,01a0b3f6-fe7e-7000-842f-a2bbccf90286
Hot Seller / Landlord,SAURABH MALHOTRA ANIL MALHOTRA,+971501977116,Zada Tower,-,Businessbay,Apartment,-,2026-09-17 11:31:45.295+00,0,Awaiting availability – anyone who says yes to rent or sell according to the complete flow,"positive - Wants to rent out 1 bed in Zada Tower for 80,000 per month",,https://qgxgtavkovqklijfpnfl.supabase.co/storage/v1/object/public/owners_data_second/01a0c856-e6e7-7aa7-8a42-d4e4e6c7f6f2-1790067619005-6e9f48d3-4ca3-4785-83c4-ba7745b00155-stereo.wav,47467,01a0b3cb-8039-7772-9270-ce5b68fbe619
Hot Seller / Landlord,SHEIKH MEHBOOB AHMED KHADIM HUSSAIN,+923008472990,Tiger Sky Tower,-,Business Bay,Residential,-,2026-09-17 09:38:09.862+00,196,Awaiting availability – anyone who says yes to rent or sell according to the complete flow,"angry - Asked for offer to sell 1BR at Tiger Sky Tower, wants no further calls","Maya from ASR Properties called Shik about their 1-bedroom unit at Tiger Sky Tower to inquire about selling or renting. Shik, after questioning the caller's location and expressing frustration about the lack of property details, asked for an offer to sell. Upon receiving a market range of 1.2-1.4 million dirhams, Shik rejected it and requested not to be called again.",https://qgxgtavkovqklijfpnfl.supabase.co/storage/v1/object/public/owners_data_second/01a0aeba-c248-7661-84be-d11b2b179bc6-1789638088886-dd9e5c78-864b-4b89-bcb9-f23fd1d9b90f-stereo.wav,39276,01a0aeba-c248-7661-84be-d11b2b179bc6
Hot Seller / Landlord,ASHA NAVIN CHANDRA SHAH,+971505523260,V3 Tower,3004,Jumeirah Lake Towers (JLT),Apartment,-,2026-09-17 08:52:29.259+00,27,Awaiting availability – anyone who says yes to rent or sell according to the complete flow,"Wants to rent out, asked how many bedrooms required, requested WhatsApp chat","Maya from AS Properties called Asha regarding her unit, but Asha quickly interrupted, stating she had been called before. Asha requested that the information be sent via WhatsApp, after which she abruptly ended the call.",https://qgxgtavkovqklijfpnfl.supabase.co/storage/v1/object/public/owners_data_second/01a0ae90-614b-7000-893f-111ee687de19-1789635178728-90164c22-1120-41f5-a879-fe4a7bb4a657-stereo.wav,34954,01a0ae90-614b-7000-893f-111ee687de19
Hot Seller / Landlord,WAEL BOUZRIBA,+971527996208,Pearls by Vision,402,Dubai Silicon Oasis (DSO),Apartments,-,2026-09-17 07:37:21.178+00,56,Awaiting availability – anyone who says yes to rent or sell according to the complete flow,hesitant - Open to exploring selling or renting Pulse by Vision unit,"Maya from ACE Properties called Aliyah to inquire if she was interested in selling or renting her unit at Pulse by Vision in Dubai Silicon Oasis. Aliyah indicated she was open to exploring options, but the call ended abruptly before a clear decision was made.",https://qgxgtavkovqklijfpnfl.supabase.co/storage/v1/object/public/owners_data_second/01a0ae4c-5aa8-7226-9eb2-3f60c15b4009-1789630700536-abc2b5e7-d27d-4fdb-9c16-0806ce117c34-stereo.wav,43124,01a0ae4c-5aa8-7226-9eb2-3f60c15b4009
Hot Seller / Landlord,TOMAS PETSINIS,+420737246342,Nobles Tower,301,Business Bay,Apartments,-,2026-09-16 11:38:06.412+00,40,Awaiting availability – anyone who says yes to rent or sell according to the complete flow,"hesitant - Said yes to selling or renting, requested call back in 2 hours",Maya from AS Properties called Thomas regarding his unit at Noble's Tower to inquire about his interest in selling or renting. Thomas was unavailable due to a meeting and requested a callback. They agreed that a senior consultant would contact him in two hours.,https://qgxgtavkovqklijfpnfl.supabase.co/storage/v1/object/public/owners_data_second/01a0aa02-2ecc-7557-a6bd-31bd480bc7f6-1789558728611-11b843df-58a1-4dff-9a31-b3369c34ce9e-stereo.wav,38168,01a0aa02-2ecc-7557-a6bd-31bd480bc7f6
Hot Seller / Landlord,MARCEL BOTTENHEFT,+31642028602,DAMAC Paramount Tower (Midtown) Hotel And Residences,-,Business Bay,Residential,-,2026-09-16 10:05:31.18+00,101,Awaiting availability – anyone who says yes to rent or sell according to the complete flow,"positive - Wants 2.8M for upgraded 2-bed, has agent, open if price met","Maya from AS Properties called Marcel to inquire about selling or renting his 2-bedroom, 2-bathroom upgraded unit in Business Bay, for which he is seeking 2.8 million AED. Marcel declined to list the property with AS Properties, stating it is already listed with another agent and he does not wish to create competition. The call concluded with Marcel uninterested in further listing options.",https://qgxgtavkovqklijfpnfl.supabase.co/storage/v1/object/public/owners_data_second/01a0a9ad-7f52-7ddd-b7c0-4739178e2552-1789553234845-3362e655-1d39-4908-a6f4-fa5c7c77b6ab-stereo.wav,38197,01a0a9ad-7f52-7ddd-b7c0-4739178e2552
Hot Seller / Landlord,JAMAL MOHAMED IBRAHIM HUSSAIN AMER,+966503190962,DAMAC TOWERS BY PARAMOUNT,-,Business Bay,Apartment,-,2026-09-16 09:12:46.628+00,114,Awaiting availability – anyone who says yes to rent or sell according to the complete flow,"positive - Wants to rent out 3 bedroom unit at Damac Towers, open for callback","Maya from Ace Properties called Jamal about his 3-bedroom unit at Damaq Towers by Paramount in Business Bay, which he wants to rent out. Jamal requested that a senior consultant call his office manager to discuss the details. A follow-up call has been scheduled for tomorrow at 9 PM with Jamal's office manager.",https://qgxgtavkovqklijfpnfl.supabase.co/storage/v1/object/public/owners_data_second/01a0a97d-2c10-777e-acd0-0c13c39f4293-1789550082992-9acc3d01-f4cb-4fe7-ad4f-30342645e0f4-stereo.wav,41607,01a0a97d-2c10-777e-acd0-0c13c39f4293
Hot Seller / Landlord,MORSI MOHAMED MORSI MOHAMED,+971555948059,MERANO TOWER,-,Business Bay,Residential,-,2026-09-16 08:19:24.691+00,47,Awaiting availability – anyone who says yes to rent or sell according to the complete flow,"positive - Wants to sell, owns 1 bed and studio at Mirano Tower","Maya from AS Properties called Mercy to inquire about selling or renting her properties at Mirano Tower. Mercy confirmed she owns both a 1-bedroom and a studio flat and is only interested in selling. However, Mercy was busy and requested to call back in a few minutes, which Maya agreed to.",https://qgxgtavkovqklijfpnfl.supabase.co/storage/v1/object/public/owners_data_second/01a0a94c-72e0-788d-8cee-8d8bebac8a8d-1789546814609-eab6957d-d8a3-4f3b-a068-bec2ba45d866-stereo.wav,39266,01a0a94c-72e0-788d-8cee-8d8bebac8a8d
Hot Seller / Landlord,MUHAMMAD ASHRAF AHMAD AHMAD UMER AHMAD,+971554132123,Aura,TAG-AUR-2-043,TILAL AL GHAF,Villa,-,2026-09-16 07:31:20.961+00,22,Awaiting availability,"Property already rented, no plans to renew or sell","An AI initiated a call, asking to speak with Mohammed. The call subsequently ended due to silence, suggesting no one responded to the AI's query.",https://qgxgtavkovqklijfpnfl.supabase.co/storage/v1/object/public/owners_data_second/01a0a91f-e24d-7cca-b17f-5477abf2fe21-1789543905150-cf9f5c02-99c3-4578-b955-12681b84e5ef-stereo.wav,8636,01a0a91f-e24d-7cca-b17f-5477abf2fe21
Hot Seller / Landlord,MUATH ABDULLAH H ALMUTAIRI,+971545588793,THE SQUARE,JVC13CHRA005,Jumeirah Village Circle,Residential,-,2026-09-16 06:31:42.272+00,108,Awaiting availability – anyone who says yes to rent or sell according to the complete flow,"neutral - Said yes to selling or renting, call clarity poor, needs follow-up","Maya from AS Properties called a user, initially identified as Matt but later as Bennett, regarding their unit at the Square in Jumeirah Village Circle. The purpose of the call was to determine if the user wanted to sell or rent the property. However, due to severe communication issues and unintelligible responses from the user, the call ended without a clear answer.",https://qgxgtavkovqklijfpnfl.supabase.co/storage/v1/object/public/owners_data_second/01a0a8e9-afc5-7885-ad66-6780956a6202-1789540412492-24a2d99f-3c1e-4c6a-b240-dff85f5ebf25-stereo.wav,43359,01a0a8e9-afc5-7885-ad66-6780956a6202
Hot Seller / Landlord,HAMMOUDE ALI DAOUD,+971509663452,ELITE BUSINESS BAY RESIDENCE,1611,Business Bay,Apartment,-,2026-09-16 05:22:13.283+00,46,Awaiting availability – anyone who says yes to rent or sell according to the complete flow,"positive - Open to renting, not selling; unsure of rental price","Maya from AS Properties called Hamud regarding his unit at Elite Business Bay Residence. Hamud confirmed he is open to renting the unit but not selling it. The call ended abruptly when Maya asked for his expected rental price, and Hamud instead asked her for market information.",https://qgxgtavkovqklijfpnfl.supabase.co/storage/v1/object/public/owners_data_second/01a0a8a9-f27b-7cca-af31-10954a871729-1789536181703-01a4be44-2e3f-4b47-a4e8-e1becee0f679-stereo.wav,29123,01a0a8a9-f27b-7cca-af31-10954a871729
Buyer Lead,AIJAZ ABDUL AZIZ,+971502205780,Oasis Star,112,Dubai Silicon Oasis (DSO),Apartments,-,2026-09-15 13:27:09.102+00,152,Create buyers lead – Anyone who wants to buy put in this,"positive - Looking to buy ready studio in Silicon Oasis, budget 380-400k, for investment","The call, initiated by AS Properties about the user's previously owned property, quickly shifted as the user revealed they had sold it and are now looking to buy. The user is interested in a ready studio apartment for investment in Silicon Oasis, with a budget of 380,000-400,000 AED. A senior consultant will call the user tomorrow between 8 AM and 5 PM to discuss suitable options.",https://qgxgtavkovqklijfpnfl.supabase.co/storage/v1/object/public/owners_data_second/01a0a53f-8d96-7ccd-9f38-b107a18ef6d0-1789478983681-2d4beb1b-18bc-4eb1-95d9-3a22f40c0351-stereo.wav,43096,01a0a53f-8d96-7ccd-9f38-b107a18ef6d0
Hot Seller / Landlord,SARAVANAN SELVARAJ SELVARAJ,+971529834819,Vincitore DolceVita Residence,-,Arjan,Apartment,-,2026-09-15 12:44:54.607+00,200,Awaiting availability – anyone who says yes to rent or sell according to the complete flow,curious - Willing to sell 1BR off-plan in Arjun if the price is right,"The call was initiated by ASP Properties to inquire if Saravanan was interested in selling or renting his unit in Arjun. Saravanan clarified that his unit is an off-plan, under-construction 1-bedroom property, and he is open to selling it if the price is right. The conversation ended with Saravanan needing to check the current market price for his 775 sq ft unit.",https://qgxgtavkovqklijfpnfl.supabase.co/storage/v1/object/public/owners_data_second/01a0a519-146c-7000-8654-81b312b326f8-1789476497416-9b070a4a-f469-4857-a2d2-1411768c70ec-stereo.wav,45228,01a0a519-146c-7000-8654-81b312b326f8
Hot Seller / Landlord,SARAHBIBI EBRAHIM AKOO,+971509207609,Elite Business Bay Residence,1004,Business Bay,46.99,-,2026-09-15 12:44:47.734+00,173,Awaiting availability – anyone who says yes to rent or sell according to the complete flow,"Confirmed landlord, asked about rental price for studios","Maya from AS Properties called Sarah Bibi's husband to inquire about selling or renting their studio apartment in Elite Business Bay Residence. The husband stated it's currently rented but asked for the market price, which Maya quoted as 450,000-550,000 AED. He expressed disappointment, having paid 615,000 AED, and declined to sell at that price, leading Maya to offer a free valuation and a callback from a senior consultant.",https://qgxgtavkovqklijfpnfl.supabase.co/storage/v1/object/public/owners_data_second/01a0a518-fd01-7ccd-9daf-a82d3a5793c5-1789476463853-6f62ca3b-1540-41b4-8a11-95f96137a91f-stereo.wav,47104,01a0a518-fd01-7ccd-9daf-a82d3a5793c5
Hot Seller / Landlord,SARAHBIBI EBRAHIM AKOO,+971509207609,ELITE BUSINESS BAY RESIDENCE,1004,Business Bay,Apartment,-,2026-09-15 12:44:47.734+00,173,Awaiting availability – anyone who says yes to rent or sell according to the complete flow,"Confirmed landlord, asked about rental price for studios","Maya from AS Properties called Sarah Bibi's husband to inquire about selling or renting their studio apartment in Elite Business Bay Residence. The husband stated it's currently rented but asked for the market price, which Maya quoted as 450,000-550,000 AED. He expressed disappointment, having paid 615,000 AED, and declined to sell at that price, leading Maya to offer a free valuation and a callback from a senior consultant.",https://qgxgtavkovqklijfpnfl.supabase.co/storage/v1/object/public/owners_data_second/01a0a518-fd01-7ccd-9daf-a82d3a5793c5-1789476463853-6f62ca3b-1540-41b4-8a11-95f96137a91f-stereo.wav,29051,01a0a518-fd01-7ccd-9daf-a82d3a5793c5
Hot Seller / Landlord,NEGM SAID MOHAMED SAID,+971552357799,FLOAREA RESIDENCE,-,Arjan,Apartment,-,2026-09-15 09:44:55.065+00,122,Awaiting availability – anyone who says yes to rent or sell according to the complete flow,"positive - Wants to rent out 2-bedroom at Floria Residence for 145,000 AED","AS Properties called the user about their 2-bedroom unit at Floria Residence, which the user wishes to rent out for 145,000 dirhams. The property is not currently listed with other agents. The user preferred to communicate via WhatsApp to share property details, and a consultant will reach out to them there.",https://qgxgtavkovqklijfpnfl.supabase.co/storage/v1/object/public/owners_data_second/01a0a474-30d1-7447-a40d-1c701dc334d2-1789465619412-e8e031b0-cc73-49a4-9859-a16c07500e0c-stereo.wav,45175,01a0a474-30d1-7447-a40d-1c701dc334d2
Hot Seller / Landlord,SHAMIM ADAM,+971529331271,Seven City JLT,A28 19,Jumeirah Lake Towers (JLT),Apartment,-,2026-09-15 08:38:19.676+00,112,Awaiting availability – anyone who says yes to rent or sell according to the complete flow,"positive - Agreed to sell or rent 1BR at 7 City JLT, wants follow-up next week","Maya from AS Properties called Shamim regarding their 1-bedroom unit at 7 City JLT to inquire about selling or renting. Shamim is open to the idea but needs to consult their agent and determine a price, as the property is not yet finished. They agreed that a senior consultant would contact Shamim via WhatsApp next week, after Shamim returns from travel and has spoken with their agent.",https://qgxgtavkovqklijfpnfl.supabase.co/storage/v1/object/public/owners_data_second/01a0a437-4df6-7000-8e91-6b9008a6d0b6-1789461614021-495cfc1f-6308-4a9f-8823-65f1cab38fe4-stereo.wav,22273,01a0a437-4df6-7000-8e91-6b9008a6d0b6
Hot Seller / Landlord,JIMMY MATHEWS MOHAN MATHEWS,+971506543112,DAMAC Paramount Tower (Midtown) Hotel And Residences,-,Business Bay,Apartment,-,2026-09-15 06:59:19.244+00,29,Awaiting availability – anyone who says yes to rent or sell according to the complete flow,"negative - Said yes to selling, ended call quickly, no details given","Maya from AS Properties called Jimmy to inquire about selling his unit at Paramount Tower. Jimmy immediately ended the call by repeatedly saying ""Bye bye.""",https://qgxgtavkovqklijfpnfl.supabase.co/storage/v1/object/public/owners_data_second/01a0a3dc-c3a3-7119-bff4-ecbe5d38156b-1789455591118-ea1eaccc-9329-43c0-bd48-7a243c9bb8a9-stereo.wav,40870,01a0a3dc-c3a3-7119-bff4-ecbe5d38156b
Hot Seller / Landlord,MUHAMMAD NASIR MUHAMMAD  IQBAL,+971559542208,SIT Tower,2212,Dubai Silicon Oasis (DSO),Residential,-,2026-09-15 05:28:57.637+00,181,Awaiting availability – anyone who says yes to rent or sell according to the complete flow,"positive - Owns full building, open to sell or rent, 1400/sqft, 7% return","An AI from AS Properties called Mohammad to inquire about selling or renting his property in Dubai Silicon Oasis. Mohammad clarified he owned the full building and was open to both selling and renting. He quoted a monthly rent of 1400 per square foot, aiming for a 7% annual return, before the call ended.",https://qgxgtavkovqklijfpnfl.supabase.co/storage/v1/object/public/owners_data_second/01a0a389-ffe1-7aab-a9ce-279853d45e51-1789450320827-1717998c-9646-4788-9d93-a6c1e14a153a-stereo.wav,43238,01a0a389-ffe1-7aab-a9ce-279853d45e51
Hot Seller / Landlord,JATIN DAWAR RAJINDER KUMAR DAWAR,+971585881742,PRIVE BY DAMAC,-,Business Bay,Residential,-,2026-09-14 13:37:57.865+00,67,Awaiting availability – anyone who says yes to rent or sell according to the complete flow,"positive - Owns 2 units at Prive by Damac, open to renting out",Maya from AS Properties called Jatin to inquire about selling his unit at Prive by the Mac. Jatin declined selling but indicated he has two units there and is open to renting one out. The call ended with Jatin requesting Maya to call back in 20 minutes as he was driving.,https://qgxgtavkovqklijfpnfl.supabase.co/storage/v1/object/public/owners_data_second/01a0a023-55c7-7000-9a98-a78681d91f3b-1789393147185-05ab87a3-a2d7-4d87-8743-d81121bdfdeb-stereo.wav,39992,01a0a023-55c7-7000-9a98-a78681d91f3b
Hot Seller / Landlord,ARCHIS GIRISH SULE,+971569815109,DAMAC HILLS - GOLF GREENS 2,-,DAMAC HILLS,Villa,-,2026-09-14 10:45:16.332+00,200,Awaiting availability – anyone who says yes to rent or sell according to the complete flow,"positive - Wants to sell 1 bed at Damak Hills, expects 1.5M, ready by April","Maya from s Properties contacted Arches regarding their 1-bedroom unit at Damak Hills Golf Greens 2, which is currently under development and expected to be completed by February/April next year. Arches is open to selling the unit for around 1.5 million AED, even before completion if a good offer arises, and a senior consultant will call back to discuss further.",https://qgxgtavkovqklijfpnfl.supabase.co/storage/v1/object/public/owners_data_second/01a09f85-5132-7000-8294-0f3300e8dfd4-1789382919056-17d415a2-305f-4605-a4b5-fe5444c7b33a-stereo.wav,46442,01a09f85-5132-7000-8294-0f3300e8dfd4
Hot Seller / Landlord,ABDELHADI ABDELGABBAR ABDELHADI,+971529793000,ELITE BUSINESS BAY RESIDENCE,1016,Business Bay,Apartment,-,2026-09-14 05:44:55.742+00,39,Awaiting availability – anyone who says yes to rent or sell according to the complete flow,positive - Open to selling or renting Elite Business Bay Residence,Maya from AS Properties called Abdul Hadi to inquire if he was interested in selling or renting his unit at Elite Business Bay Residence. Abdul Hadi confirmed his identity but the call ended before he could specify his preference.,https://qgxgtavkovqklijfpnfl.supabase.co/storage/v1/object/public/owners_data_second/01a09e72-1b85-7000-906b-886f3d8cbd79-1789364737736-171f4f65-8e1e-4157-a9ff-5ef75acb633c-stereo.wav,29057,01a09e72-1b85-7000-906b-886f3d8cbd79
Hot Seller / Landlord,AYUB TAHA NURHUSIEN,+971552847090,ELITE BUSINESS BAY RESIDENCE,2010,Business Bay,Apartment,-,2026-09-14 05:44:50.524+00,69,Awaiting availability – anyone who says yes to rent or sell according to the complete flow,curious - Asked for current price for Elite Business Bay Residence unit and wants advisor callback,Maya from AS Properties called Ayub regarding his unit at Elite Business Bay Residence to inquire if he was interested in selling or renting. Ayub expressed interest in knowing the current price and requested an advisor. Maya offered to have a senior consultant provide a full evaluation and asked about his expected price before the call ended due to silence.,https://qgxgtavkovqklijfpnfl.supabase.co/storage/v1/object/public/owners_data_second/01a09e72-3302-7ee8-9e81-1c02955b5bb8-1789364762355-7f51b648-d7c3-4f2a-ac49-34a4ea6d75d0-stereo.wav,29169,01a09e72-3302-7ee8-9e81-1c02955b5bb8
Hot Seller / Landlord,HISAM ALAHDAB,+97470613805,Rove Home Marasi Drive,W-1517,Business Bay,Apartments,-,2026-09-12 12:37:55.343+00,132,Awaiting availability – anyone who says yes to rent or sell according to the complete flow,"positive - Wants to sell 2-bed corner unit, expects close to 3 million AED","Maya from AS Properties called Hizam about his 2-bedroom corner unit in Business Bay to inquire about selling or renting. Hizam stated he was open to selling but found the provided price estimate of 1.4M-1.8M AED too low, expecting closer to 3M AED. A senior consultant is scheduled to call Hizam tomorrow after 2 PM to discuss his unit further.",https://qgxgtavkovqklijfpnfl.supabase.co/storage/v1/object/public/owners_data_second/01a0959f-adcc-7dd1-8616-0918d6e1b656-1789216809622-c4b90f7a-e84d-439c-b1e0-efebc9e52858-stereo.wav,40055,01a0959f-adcc-7dd1-8616-0918d6e1b656
Hot Seller / Landlord,ASADULLA KHAN KHAN,+971524981617,DAMAC HILLS - CARSON,-,DAMAC HILLS,Villa,-,2026-09-12 12:26:54.038+00,200,Awaiting availability – anyone who says yes to rent or sell according to the complete flow,"positive - Wants to sell 1BR Marina apartment, 821 sqft, asking 3.1M, callback agreed","Maya from AS Properties called Assad, who confirmed he owns a 1-bedroom, 2-bathroom, 821 sq ft luxurious apartment with a full water view in Dubai Marina that he wishes to sell for 3.1 million AED. Assad mentioned the property is already listed with another agency for 3.4 million AED. They scheduled a callback with a senior consultant for tomorrow afternoon around 1 PM to discuss further.",https://qgxgtavkovqklijfpnfl.supabase.co/storage/v1/object/public/owners_data_second/01a09595-847e-7000-87e4-15a0e8c5d7de-1789216216735-3be047a8-52b0-43c9-87cc-55820cc7fa34-stereo.wav,46089,01a09595-847e-7000-87e4-15a0e8c5d7de
Hot Seller / Landlord,VINCE DOMNIC FERNANDES,+971564047286,Park Central,-,Business Bay,Residential,-,2026-09-12 12:06:07.245+00,22,Awaiting availability – anyone who says yes to rent or sell according to the complete flow,"neutral - Confirmed open to selling Park Central unit, refused to rent","Maya from AS Properties called Vince to inquire if he was interested in selling or renting his unit at Park Central in Business Bay. Vince quickly declined the offer, indicating he was not open to either option. The call then ended.",https://qgxgtavkovqklijfpnfl.supabase.co/storage/v1/object/public/owners_data_second/01a09582-9215-7000-928a-b77bbc00a71c-1789214791814-0b17be51-7791-4a32-95bc-7c89e28c0cbd-stereo.wav,40424,01a09582-9215-7000-928a-b77bbc00a71c
Hot Seller / Landlord,GHASSAN TAGHLIB HILAL AL BARWANI,+971507986966,Marina Diamonds,-,Dubai Marina,Apartments,-,2026-09-12 11:20:12.542+00,88,Awaiting availability – anyone who says yes to rent or sell according to the complete flow,"positive - Wants to rent out 2BR in Marina Diamonds, expects 100k yearly","Maya from AS Properties called Gasan regarding his 2-bedroom unit at Marina Diamonds in Dubai Marina. Gasan is looking to rent it out for 100,000 AED per year. A senior consultant will call Gasan tomorrow at 4 PM from a UAE number to discuss further.",https://qgxgtavkovqklijfpnfl.supabase.co/storage/v1/object/public/owners_data_second/01a09558-5c6e-7aa0-a589-fe7bb2c4b188-1789212103192-436d0369-ec20-4d7b-a487-90a085298857-stereo.wav,36746,01a09558-5c6e-7aa0-a589-fe7bb2c4b188
Hot Seller / Landlord,BEBISTO ANTONY ANTONY THASAN ANTONY THASAN,+971507098278,Oasiz 2 by Danube,312,Dubai Silicon Oasis (DSO),Residential,-,2026-09-12 10:13:40.711+00,51,Awaiting availability – anyone who says yes to rent or sell according to the complete flow,positive - Open to sell or rent after handover next year,Maya from AS Properties contacted Babisto about their unit at Oasis 2 by Danube to inquire if they were interested in selling or renting. Babisto clarified that the unit is still under construction and will only be handed over next year.,https://qgxgtavkovqklijfpnfl.supabase.co/storage/v1/object/public/owners_data_second/01a0951b-7ce6-7ccf-b5d3-ee77daf79ee2-1789208074527-9fccf231-d512-4eee-a929-a958ef4dfeda-stereo.wav,43138,01a0951b-7ce6-7ccf-b5d3-ee77daf79ee2
Hot Seller / Landlord,MOHAMED HUSSAIN NOORBHAI,+27837759252,Merano Tower,-,Business Bay,Residential,-,2026-09-12 09:51:30.523+00,136,Awaiting availability – anyone who says yes to rent or sell according to the complete flow,"positive - Asked for market value, open to selling studio in Mirano Tower, requested WhatsApp follow-up","Maya from AS Properties called Mohammed regarding his tenanted studio unit at Mirano Tower to discuss its market value for both rent and sale. Mohammed, who was driving, requested the market estimates (15-18k AED/month for rent, 680-750k AED for sale) be sent to him via WhatsApp. Maya agreed to send the information and have a senior consultant follow up with him on WhatsApp.",https://qgxgtavkovqklijfpnfl.supabase.co/storage/v1/object/public/owners_data_second/01a09507-3ff1-7ff2-9cce-41439c90f38f-1789206829013-69044dec-92fd-4880-9cd6-55454a640803-stereo.wav,40033,01a09507-3ff1-7ff2-9cce-41439c90f38f
Hot Seller / Landlord,RASIM ALASGAROV,+994503100816,PARAMOUNT TOWER HOTEL & RESIDENCES,-,Business Bay,Apartment,-,2026-09-12 07:52:07.79+00,77,Awaiting availability – anyone who says yes to rent or sell according to the complete flow,"positive - Wants to sell 3BR at Paramount for 4,000,000 dirhams, already listed elsewhere","Maya from AS Properties called Rasim to inquire about selling his 3-bedroom unit at Paramount Tower Hotel and Residences. Rasim confirmed he is selling the unit for 4,000,000 AED and that it is currently listed with other agents. The call ended as the AI attempted to schedule a follow-up with a senior consultant.",https://qgxgtavkovqklijfpnfl.supabase.co/storage/v1/object/public/owners_data_second/01a0949a-05de-7000-8af4-fee08ea44fe8-1789199607415-9719d14b-79a1-448f-8c78-62f4622829b4-stereo.wav,41037,01a0949a-05de-7000-8af4-fee08ea44fe8
Hot Seller / Landlord,UMA SOLAI BALAKRISHNAN,+971501524927,Sobha Verde,1105,Jumeirah Lake Towers (JLT),Apartment,-,2026-09-12 06:06:04.826+00,113,Awaiting availability – anyone who says yes to rent or sell according to the complete flow,"negative - Willing to discuss selling or renting after handover, unit not yet ready","Maya from Ace Properties called Uma about her unit at Silver Verde to inquire if she was interested in selling or renting. Uma clarified that the unit is still under construction and not yet handed over, expressing frustration that the property company wasn't aware of this. They agreed that Ace Properties would monitor the project timeline and follow up closer to the handover date.",https://qgxgtavkovqklijfpnfl.supabase.co/storage/v1/object/public/owners_data_second/01a09438-cb75-7bbc-bd51-c91165f5fbfa-1789193280832-303c8ddf-bd44-4d40-80e1-b3038fdcfa87-stereo.wav,24261,01a09438-cb75-7bbc-bd51-c91165f5fbfa
Hot Seller / Landlord,FARID MOHAMMAD HASSAN SALEHI KERMANI,+971505459090,Burlington,-,Business Bay,Residential,-,2026-09-12 05:07:58.623+00,111,Awaiting availability – anyone who says yes to rent or sell according to the complete flow,"positive - Wants to sell 5 bedroom at Burlington, asking 20 million, urgent call requested","Maya from AS Properties called Farid about his 5-bedroom unit at Burlington in Business Bay to inquire if he was interested in selling or renting. Farid confirmed he wants to sell the unit for 20,000,000 AED and has exclusively listed it with AS Properties. He requested an immediate callback from a senior consultant due to an urgent need to sell.",https://qgxgtavkovqklijfpnfl.supabase.co/storage/v1/object/public/owners_data_second/01a09403-af7c-7aa0-a118-2b8e96c6235a-1789189792833-10dd0e5b-86a8-4b48-87cc-9811109279be-stereo.wav,39280,01a09403-af7c-7aa0-a118-2b8e96c6235a
Hot Seller / Landlord,VLADISLAV NOVIKOV,+971547738238,SLS DUBAI,5315,Business Bay,Apartment,-,2026-09-11 12:45:21.177+00,12,Awaiting availability – anyone who says yes to rent or sell according to the complete flow,"Not selling yet, rent unpaid, requested price estimate","The call began with the AI attempting to confirm if they were speaking with Vila Dislav. However, the call ended abruptly as the customer terminated it before any further conversation could take place.",https://qgxgtavkovqklijfpnfl.supabase.co/storage/v1/object/public/owners_data_second/01a0907f-eb31-799f-8cce-a89c8305b7d6-1789130735774-35d7f4f3-47ee-408a-977d-67b11c3dd505-stereo.wav,35993,01a0907f-eb31-799f-8cce-a89c8305b7d6
Hot Seller / Landlord,JAMILA MOHAMMED MUSALLAM ALRASHDI,+971506170607,DUBAI GATE ONE,1510,Jumeirah Lake Towers (JLT),Apartment,-,2026-09-11 11:12:39.289+00,185,Awaiting availability – anyone who says yes to rent or sell according to the complete flow,"positive - Wants to sell or rent 1BR in JLT, expects 1.2M, prefers calls after noon","Maya from AS Properties called Jamila regarding her 1-bedroom apartment at Dubai Gate 1 in JLT, inquiring if she was interested in selling or renting. Jamila confirmed she is open to both, aiming for a sale price of 1.2 million dirhams, and is not currently listed with any agent. A senior consultant from AS Properties will call Jamila later this afternoon to discuss further.",https://qgxgtavkovqklijfpnfl.supabase.co/storage/v1/object/public/owners_data_second/01a0902b-3c71-7000-8f7c-5c4cf3f6d709-1789125346974-12fd20e8-34aa-465c-ba77-d17e64835917-stereo.wav,22048,01a0902b-3c71-7000-8f7c-5c4cf3f6d709
Hot Seller / Landlord,JEAN TERIITAHI TEIKIHAAHEI GELY,+971505518411,SLS DUBAI,2205,Business Bay,Apartment,-,2026-09-11 10:51:45.064+00,128,Awaiting availability – anyone who says yes to rent or sell according to the complete flow,"positive - Wants to rent out 1BR duplex at SLS, expects 150k, available Nov 15","Maya from AS Properties called Jane regarding her 1-bedroom duplex at SLS Dubai, which is available for rent from November 15th for 150,000 AED, fully furnished. Jane confirmed the property is already listed with another agent but agreed to a callback. A senior consultant will contact Jane next Tuesday at 3 PM to discuss the rental further.",https://qgxgtavkovqklijfpnfl.supabase.co/storage/v1/object/public/owners_data_second/01a09018-2d69-7003-a3b3-61deb22f1f24-1789124035849-62d32004-9528-4b3d-bf2e-7dccdc3bcab7-stereo.wav,35901,01a09018-2d69-7003-a3b3-61deb22f1f24
Hot Seller / Landlord,RABIH HALAWI,+971557743626,SLS DUBAI,2224,Business Bay,Apartment,-,2026-09-11 10:51:37.804+00,200,Awaiting availability – anyone who says yes to rent or sell according to the complete flow,"Wants to sell, shared price, welcomes buyers, no listing agreement","Maya from AS Properties called a property owner, initially mispronouncing their name, to inquire about a unit in SLS Dubai, Business Bay. After confirming the user owned the unit and it was already listed for sale, Maya pressed for details like the asking price and number of bedrooms. The user, who also owns a real estate company, accused Maya of an unethical attempt to collect owner information for listing purposes and stated they were not interested in listing with AS Properties.",https://qgxgtavkovqklijfpnfl.supabase.co/storage/v1/object/public/owners_data_second/01a09017-fe83-7332-a01b-8b2e9e07eb8c-1789124100435-5c37e918-fae1-4f50-951c-67a9756516fd-stereo.wav,30378,01a09017-fe83-7332-a01b-8b2e9e07eb8c
Hot Seller / Landlord,RABIH HALAWI,+971557743626,SLS DUBAI,2224,Business Bay,Apartment,-,2026-09-11 10:51:37.804+00,200,Awaiting availability – anyone who says yes to rent or sell according to the complete flow,"Wants to sell, shared price, welcomes buyers, no listing agreement","Maya from AS Properties called a property owner, initially mispronouncing their name, to inquire about a unit in SLS Dubai, Business Bay. After confirming the user owned the unit and it was already listed for sale, Maya pressed for details like the asking price and number of bedrooms. The user, who also owns a real estate company, accused Maya of an unethical attempt to collect owner information for listing purposes and stated they were not interested in listing with AS Properties.",https://qgxgtavkovqklijfpnfl.supabase.co/storage/v1/object/public/owners_data_second/01a09017-fe83-7332-a01b-8b2e9e07eb8c-1789124100435-5c37e918-fae1-4f50-951c-67a9756516fd-stereo.wav,35917,01a09017-fe83-7332-a01b-8b2e9e07eb8c
Hot Seller / Landlord,JAIBALAJI DURAI RAJU,+971505284398,PARAMOUNT TOWER HOTEL & RESIDENCES,-,Business Bay,Apartment,-,2026-09-11 10:13:15.893+00,72,Awaiting availability – anyone who says yes to rent or sell according to the complete flow,"positive - Wants to sell 3BR at Paramount, prefers WhatsApp for price discussions","Maya from Properties called Javalaji regarding their 3-bedroom unit at Paramount Tower Hotel and Residences. Javalaji expressed a preference for selling the unit, subject to the rate. A senior consultant will contact Javalaji via WhatsApp to discuss the sale details further.",https://qgxgtavkovqklijfpnfl.supabase.co/storage/v1/object/public/owners_data_second/01a08ff4-f22d-7000-80c0-d8cc8a0971f2-1789121670873-94c30e1a-4812-4bec-989d-03fe675a43b3-stereo.wav,42434,01a08ff4-f22d-7000-80c0-d8cc8a0971f2
Hot Seller / Landlord,ANIL CHANANA KARAM CHAND CHANANA,+971501501613,Seven City JLT,B4 11,Jumeirah Lake Towers (JLT),Apartment,-,2026-09-11 07:27:30.33+00,55,Awaiting availability – anyone who says yes to rent or sell according to the complete flow,"neutral - Open to selling at 7 City JLT, unit not ready yet","Maya from ASR Properties called Anna about her unit at 7 City JLT to inquire if she was open to selling or renting. Anna confirmed she was open to selling, but the unit is not yet ready. The call became confused when Maya asked for clarification about renting, leading Anna to express bewilderment over discussing renting an unready property.",https://qgxgtavkovqklijfpnfl.supabase.co/storage/v1/object/public/owners_data_second/01a08f5c-f76d-7ff5-b36d-c9efdb4f71c1-1789111707701-0a20e0a0-8224-4958-9210-85ba63918ef0-stereo.wav,23019,01a08f5c-f76d-7ff5-b36d-c9efdb4f71c1
Hot Seller / Landlord,SWAPAN KUMAR DAS,+971501058144,Blvd Heights T1,4601,Burj Khalifa,Apartment,-,2026-09-11 05:21:48.309+00,200,Awaiting availability – anyone who says yes to rent or sell according to the complete flow,"positive - Keen to rent out 3BR at 29 Boulevard Tower 1, discussed price and views","Maya from AS Properties called Swapen regarding his 3-bedroom unit at Boulevard Heights, which is currently occupied but will be available for rent or sale at year-end. Swapen was open to renting it for around 480,000 AED annually, depending on market conditions. Additionally, Swapen expressed keen interest in immediately renting out another vacant 3-bedroom unit he owns in 29 Boulevard Tower 1.",https://qgxgtavkovqklijfpnfl.supabase.co/storage/v1/object/public/owners_data_second/01a08eea-0de8-7332-9a4b-8016bfa8889f-1789104310966-49781aee-92b3-4263-a89d-7fb51fbb38c2-stereo.wav,30241,01a08eea-0de8-7332-9a4b-8016bfa8889f
Hot Seller / Landlord,HONGQUN GU,+971585965888,DUBAI GATE ONE,3802,Jumeirah Lake Towers (JLT),Apartment,-,2026-09-11 05:01:25.731+00,83,Awaiting availability – anyone who says yes to rent or sell according to the complete flow,"positive - Open to sell, unit listed with agent, referred to their agent","Maya from AS Properties called Hongkhan to inquire about selling or renting their unit at Dubai Gate 1. Hongkhan informed Maya that the unit is already listed with an agent and requested that AS Properties contact the agent directly. Maya agreed to reach out to the agent, concluding the call.",https://qgxgtavkovqklijfpnfl.supabase.co/storage/v1/object/public/owners_data_second/01a08ed7-4fe2-7cc6-b29c-aab8b97c92e3-1789102971198-9f499661-1c23-4092-b65c-8ecda7c63ae7-stereo.wav,22330,01a08ed7-4fe2-7cc6-b29c-aab8b97c92e3
Hot Seller / Landlord,KHOJA MURAD ATA MURAD,+971506786995,Indigo Tower,1901,Jumeirah Lake Towers (JLT),Apartment,-,2026-09-10 13:45:25.004+00,76,Awaiting availability – anyone who says yes to rent or sell according to the complete flow,"curious - Open to selling or renting unit at Indigo Tower, questioned origin of call","An AI from AS Properties called the user about their unit at Indigo Tower, inquiring if they were interested in selling or renting. The user repeatedly questioned the origin of the calling number, expressing suspicion that it was not from Dubai despite the AI's claims of operating there. The call ended abruptly when the user accused the AI of being a scammer after it admitted the number was UK-based.",https://qgxgtavkovqklijfpnfl.supabase.co/storage/v1/object/public/owners_data_second/01a08b90-803d-7000-864c-635904e77d73-1789048003763-58eca031-6ae5-4cd7-b127-5155e2cd8c26-stereo.wav,21851,01a08b90-803d-7000-864c-635904e77d73
Hot Seller / Landlord,ABBAS HAMMOUD,+971553971737,DAMAC Towers by Paramount Hotels and Resorts,-,Business Bay,Apartment,-,2026-09-10 08:12:41.45+00,81,Awaiting availability – anyone who says yes to rent or sell according to the complete flow,"Wants to sell 3BR at Damak Towers, asks 4.2M, no other agents listed","Maya from AS Properties contacted Abas regarding his 3-bedroom, 2000 sq ft unit at Damak Towers, which he is selling for 4.2 million AED and is not listed with other agents. Abas provided the property details but declined a follow-up call from a senior consultant.",https://qgxgtavkovqklijfpnfl.supabase.co/storage/v1/object/public/owners_data_second/01a08a60-14da-7ee3-b48f-747fa2abdcb3-1789028045177-3d12a1ce-6bb7-47e9-b2a1-f17269ec6621-stereo.wav,42058,01a08a60-14da-7ee3-b48f-747fa2abdcb3
Buyer Lead,THANI ABDULRAHMAN SH ALKUWARI,+971555161654,DAMAC Maison Prive,-,Business Bay,Residential,-,2026-09-10 07:52:11.697+00,50,Create buyers lead – Anyone who wants to buy put in this,"Requested details on WhatsApp, property unclear","Maya from AS Properties called Denny to inquire about selling or renting his property in Dubai. When Denny asked for specific property details, Maya admitted she didn't have them readily available. Denny then requested Maya contact him via WhatsApp or mobile, and the call ended.",https://qgxgtavkovqklijfpnfl.supabase.co/storage/v1/object/public/owners_data_second/01a08a4d-4d80-7ee3-b3f7-d77d90f2f60e-1789026784274-c745015d-4660-4e35-8538-d9bf576e5349-stereo.wav,39440,01a08a4d-4d80-7ee3-b3f7-d77d90f2f60e
Hot Seller / Landlord,CLINTON JARED BROWN,+971506586687,BANYAN TREE RESIDENCES HILLSIDE DUBAI,2004,Jumeirah Lake Towers (JLT),Apartment,-,2026-09-10 06:30:47.998+00,52,Awaiting availability – anyone who says yes to rent or sell according to the complete flow,"Owner traveling, friend is living in unit, declined to sell or rent","Maya from AS Properties called Clinton to inquire if he was interested in selling or renting his unit at Banyan Tree Residences. Clinton declined, stating his friend was currently living there and he was traveling and busy with meetings.",https://qgxgtavkovqklijfpnfl.supabase.co/storage/v1/object/public/owners_data_second/01a08a02-cb63-733a-acb0-a0bd5386ce03-1789021902254-23bf5d65-7c08-4fb1-ad36-0a28bd75b484-stereo.wav,23096,01a08a02-cb63-733a-acb0-a0bd5386ce03
Hot Seller / Landlord,RALPH EDGAR HOWIE,+971521049357,ELITE BUSINESS BAY RESIDENCE,1918,Business Bay,Apartment,-,2026-09-10 06:06:26.512+00,22,Awaiting availability – anyone who says yes to rent or sell according to the complete flow,"Currently rented via another agent, open if situation changes",,https://qgxgtavkovqklijfpnfl.supabase.co/storage/v1/object/public/call_recordings_16july/01a089ec-64c3-7779-ad27-260a4d98b6ab-1789020411693-87bbc70a-4eae-4d22-bcf9-5bc6b7c83cd8-stereo.wav,29159,01a089ec-64c3-7779-ad27-260a4d98b6ab
Hot Seller / Landlord,ROYSON JOAQUIM LOBO LOUIS MARCEL LOBO,+971506479175,The Paragon by IGO,2109,Business Bay,119.42,-,2026-09-10 06:00:34.34+00,54,Awaiting availability – anyone who says yes to rent or sell according to the complete flow,"Unit rented until Feb 2027, no sell intent currently","Maya from AS Properties called Royston to inquire about selling or renting his unit at The Paragon by IGO. Royston informed her that the unit is currently rented until February 2027 and he is not interested in selling, renting, or other investment properties at this time. Maya acknowledged his position and ended the call.",https://qgxgtavkovqklijfpnfl.supabase.co/storage/v1/object/public/owners_data_third/01a089e7-2f8f-7bbe-893f-230e294aa741-1789020090883-b3a6a613-89f8-46b1-a5e8-0690a0325450-stereo.wav,46865,01a089e7-2f8f-7bbe-893f-230e294aa741
Hot Seller / Landlord,BIJAL SUNILKMAR MODI,+971504289786,ELITE BUSINESS BAY RESIDENCE,2209,Business Bay,Apartment,-,2026-09-10 05:39:50.382+00,7,Awaiting availability – anyone who says yes to rent or sell according to the complete flow,"Wants to rent unit yearly with full advance, shared price expectations","The AI initiated the call by asking if they were speaking with ""Bajaj."" The call ended abruptly immediately after, as the customer disconnected.",https://qgxgtavkovqklijfpnfl.supabase.co/storage/v1/object/public/owners_data_third/01a089d4-1adb-7ee3-b216-ee60bd830c8d-1789018799644-89b20b1a-a625-46cb-bcd4-a36a3b3efeed-stereo.wav,29179,01a089d4-1adb-7ee3-b216-ee60bd830c8d
Hot Seller / Landlord,RAMACHANDRA BHAT VENKAT RAMAN N BHAT,+971552317163,ELITE BUSINESS BAY RESIDENCE,2102,Business Bay,Apartment,-,2026-09-10 05:38:58.609+00,33,Awaiting availability – anyone who says yes to rent or sell according to the complete flow,"Wants to rent out studio, quoted annual rent, agreed to callback",,https://qgxgtavkovqklijfpnfl.supabase.co/storage/v1/object/public/call_recordings_16july/01a089d3-4367-733a-abfd-f075530ce493-1789018774487-5a240d16-a194-4fe6-b362-70a8e6362bb4-stereo.wav,29200,01a089d3-4367-733a-abfd-f075530ce493
Buyer Lead,ALIREZA ALI ASGHAR ASHOURI,+971509104080,PARAMOUNT TOWER HOTEL & RESIDENCES,-,Business Bay,Residential,-,2026-09-10 05:31:20.959+00,28,Create buyers lead – Anyone who wants to buy put in this,"Requested WhatsApp message, did not specify interest type","Maya from AS Properties called Alisa to follow up on a property. Alisa, however, quickly ended the call, requesting that Maya send a message via WhatsApp instead.",https://qgxgtavkovqklijfpnfl.supabase.co/storage/v1/object/public/owners_data_second/01a089cc-6b22-7447-bcb2-91506a93560a-1789018312078-7751e1d8-9ba0-4cce-a5ba-4e86b85abb51-stereo.wav,38259,01a089cc-6b22-7447-bcb2-91506a93560a
Hot Seller / Landlord,SARA ALMAGKOT,+971543574002,Millennium Binghatti Residences,-,Business Bay,Residential,-,2026-09-10 05:29:17.125+00,24,Awaiting availability – anyone who says yes to rent or sell according to the complete flow,"Asked for WhatsApp, open to selling or renting Millennium Binghati unit","Maya from AS Properties contacted Jose regarding his unit at Millennium Binghati Residences, inquiring if he was interested in selling or renting the property. Jose requested that Maya send him a WhatsApp message and then promptly ended the call.",https://qgxgtavkovqklijfpnfl.supabase.co/storage/v1/object/public/owners_data_second/01a089ca-6527-7995-97e5-4a3a840b3ad8-1789018183901-b819df87-0efd-4cd7-87c7-20ab8a3c4144-stereo.wav,38656,01a089ca-6527-7995-97e5-4a3a840b3ad8
Buyer Lead,ABDULLA AHMED SULAIMAN ALHADY,+971509488077,The Citadel,-,Business Bay,Residential,-,2026-09-10 05:28:57.593+00,200,Create buyers lead – Anyone who wants to buy put in this,"Wants to rent 1BR near Dubai Mall, budget max 1500 AED/month","The call was initiated by AS Properties to discuss a property they had on file for the user, Yusuf, who clarified his name and location in Dubai. Yusuf expressed interest in renting a 1-bedroom apartment or small house for himself, with a maximum budget of 1500 AED per month, preferably near Dubai Mall or Business Bay, and needing it this month. AS Properties will connect him with a senior consultant to find suitable options.",https://qgxgtavkovqklijfpnfl.supabase.co/storage/v1/object/public/owners_data_second/01a089ca-3665-744a-9a6f-1880e2107cf9-1789018340284-2bc89286-0dd3-4635-b7d6-2a30c2173ac5-stereo.wav,38658,01a089ca-3665-744a-9a6f-1880e2107cf9
Buyer Lead,STANISLAV DENYSYUK,+971508409096,The Paragon by IGO,1209,Business Bay,61.40,-,2026-09-10 05:25:21.328+00,63,Create buyers lead – Anyone who wants to buy put in this,"Requested WhatsApp or SMS, unable to discuss in English","Maya from AS Properties called Stanislav regarding his unit at the Paragon by IGO to inquire about selling or renting. Stanislav, indicating he doesn't speak English well, repeatedly requested that all communication be sent via WhatsApp or SMS in English. The AI confirmed this preference and stated a consultant would reach out via WhatsApp.",https://qgxgtavkovqklijfpnfl.supabase.co/storage/v1/object/public/owners_data_third/01a089c6-7787-7995-97d7-38ae8370665e-1789017986853-4a224fcf-7ed8-4341-b78e-fff7b46e48fc-stereo.wav,47143,01a089c6-7787-7995-97d7-38ae8370665e
Buyer Lead,MOHAMED ADIB GHAZI AMIN,+971555662114,Dubai Star,3209,Jumeirah Lake Towers (JLT),Apartment,-,2026-09-09 13:45:33.349+00,18,Create buyers lead – Anyone who wants to buy put in this,"Requested details on WhatsApp, confirmed communication","Maya from AS Properties called Moham regarding his property in Dubai. Moham requested that Maya send him a WhatsApp message, after which the call ended.",https://qgxgtavkovqklijfpnfl.supabase.co/storage/v1/object/public/owners_data_second/01a0866a-8277-7ff2-bbd1-8a2c8dfc1f79-1788961553615-0cc5180c-707a-49b7-bca7-58d9749cb475-stereo.wav,22118,01a0866a-8277-7ff2-bbd1-8a2c8dfc1f79
Hot Seller / Landlord,TALAL HASSAN SALEH AL ASALI,+971505706873,Elite Business Bay Residence,1807,Business Bay,124.75,-,2026-09-09 13:39:27.114+00,121,Awaiting availability – anyone who says yes to rent or sell according to the complete flow,"Asked about sale value, requested callback with details tomorrow",Maya from AES Properties called Talal regarding his unit at Elite Business Bay Residence to inquire if he was interested in selling or renting. Talal expressed interest in knowing the potential value of his property but was unable to provide details as he was in a meeting. The call concluded with Maya confirming that a senior consultant would call Talal the following day to discuss further.,https://qgxgtavkovqklijfpnfl.supabase.co/storage/v1/object/public/owners_data_third/01a08664-dfff-7bbe-9741-7f87e3b7fd63-1788961290659-f746db97-1263-4f84-9b41-cba05945d7ca-stereo.wav,46755,01a08664-dfff-7bbe-9741-7f87e3b7fd63
Buyer Lead,MUSTAFA MUSAB GUL,+971566336075,WIND ONE,1022,Jumeirah Lake Towers (JLT),Apartment,-,2026-09-09 13:37:17.727+00,19,Create buyers lead – Anyone who wants to buy put in this,"No clear response, user did not engage on property","The call began with the AI attempting to confirm if they were speaking with Mustafa. The user, without confirming identity, discussed purchasing one machine, mentioning billing details from the US, UK, and Texas, and requested it be sent tonight if functional. The call ended abruptly as the customer disconnected.",https://qgxgtavkovqklijfpnfl.supabase.co/storage/v1/object/public/owners_data_second/01a08662-fabf-7000-8380-5a412c684cd6-1788961059640-f58c6b81-50fe-4863-bb51-cd3392e73c91-stereo.wav,23702,01a08662-fabf-7000-8380-5a412c684cd6
Hot Seller / Landlord,SAUD A A A ALMUTAIR,+971503440686,Elite Business Bay Residence,1515,Business Bay,56.62,-,2026-09-09 13:31:04.926+00,112,Awaiting availability – anyone who says yes to rent or sell according to the complete flow,"Wants to sell studio at Elite Business Bay for 1.2M, callback next Saturday",,https://qgxgtavkovqklijfpnfl.supabase.co/storage/v1/object/public/call_recordings_16july/01a0865c-f6bb-7000-8e81-beecc0aca47f-1788960779480-305f371e-6730-420d-9a33-d7bfc27f4043-stereo.wav,46739,01a0865c-f6bb-7000-8e81-beecc0aca47f
Hot Seller / Landlord,HOURIA AZEROUAL,+971522194395,The Paragon by IGO,908,Business Bay,38.77,-,2026-09-09 13:08:41.398+00,37,Awaiting availability – anyone who says yes to rent or sell according to the complete flow,Confirmed open to renting unit at Paragon by IGO,Maya from AES Properties called Julia regarding her unit at The Paragon by IGO in Business Bay. Maya inquired if Julia was interested in selling or renting the property. Julia confirmed her interest in renting the unit before the call ended.,https://qgxgtavkovqklijfpnfl.supabase.co/storage/v1/object/public/owners_data_third/01a08648-c27c-7ff2-ba88-19d35a413038-1788959361095-914ed610-1b80-48a6-ad58-79441c08161a-stereo.wav,47013,01a08648-c27c-7ff2-ba88-19d35a413038
Hot Seller / Landlord,LINA ZUHAIR ABEDALLATEEF HOURANI,+971562598342,V3 TOWER,2508,Jumeirah Lake Towers (JLT),Apartment,-,2026-09-09 12:58:56.641+00,103,Awaiting availability – anyone who says yes to rent or sell according to the complete flow,"Wants to rent out 1BR in 2 months, expects 86-90k rent","Maya from AS Properties called Leyna regarding her 1-bedroom unit at V3 Tower, JLT, which Leyna plans to rent out after November 15th for 86-87k AED. The unit is currently listed with Zuma Properties. A senior consultant from AS Properties will call Leyna tomorrow morning around 11 AM to discuss further.",https://qgxgtavkovqklijfpnfl.supabase.co/storage/v1/object/public/owners_data_second/01a0863f-d75d-7eed-8f98-397a8832df39-1788958842166-0581213c-143e-4de3-ac51-1407394d5cb3-stereo.wav,21763,01a0863f-d75d-7eed-8f98-397a8832df39
Hot Seller / Landlord,ABDELKARIM BOUGUERROUCHE,+971507949075,ELITE BUSINESS BAY RESIDENCE,120,Business Bay,Apartment,-,2026-09-09 12:47:44.157+00,49,Awaiting availability – anyone who says yes to rent or sell according to the complete flow,"positive - Wants to sell and rent out, currently exclusive with Real Choice",Maya from AS Prop Properties called Abid Al Karim regarding his unit at Elite Business Bay Residence to inquire about selling or renting it. Abid informed her that the unit is exclusively listed with Real Choice and declined to list it with AS Prop Properties. Maya acknowledged this and offered future assistance if his situation changes.,https://qgxgtavkovqklijfpnfl.supabase.co/storage/v1/object/public/owners_data_third/01a08635-8a13-7000-819a-e6e4281349d6-1788958115597-fad90e9f-9fb1-4bc2-9c01-1a367489c46c-stereo.wav,28953,01a08635-8a13-7000-819a-e6e4281349d6
Hot Seller / Landlord,ADIL HUSSAIN ILYAS,+971567379398,ELITE BUSINESS BAY RESIDENCE,2206,Business Bay,Apartment,-,2026-09-09 12:29:07.377+00,80,Awaiting availability – anyone who says yes to rent or sell according to the complete flow,"Studio at Elite Business Bay, vacant soon, wants to rent, expects 60,000 AED","Maya from AS Properties called Adil to inquire about his unit at Elite Business Bay Residence. Adil confirmed he has a studio unit becoming vacant this month that he wishes to rent for 60,000 dirhams. They agreed that a senior consultant would call him tomorrow morning to discuss rental options for the property.",https://qgxgtavkovqklijfpnfl.supabase.co/storage/v1/object/public/owners_data_third/01a08624-373f-7eed-8e72-f3b564f2466e-1788957030132-1234a1a2-eb2b-48dc-aff6-cb28285c45a3-stereo.wav,29221,01a08624-373f-7eed-8e72-f3b564f2466e
Hot Seller / Landlord,ADIL HUSSAIN ILYAS,+971567379398,Elite Business Bay Residence,2206,Business Bay,46.3,-,2026-09-09 12:29:07.377+00,80,Awaiting availability – anyone who says yes to rent or sell according to the complete flow,"Studio at Elite Business Bay, vacant soon, wants to rent, expects 60,000 AED","Maya from AS Properties called Adil to inquire about his unit at Elite Business Bay Residence. Adil confirmed he has a studio unit becoming vacant this month that he wishes to rent for 60,000 dirhams. They agreed that a senior consultant would call him tomorrow morning to discuss rental options for the property.",https://qgxgtavkovqklijfpnfl.supabase.co/storage/v1/object/public/owners_data_third/01a08624-373f-7eed-8e72-f3b564f2466e-1788957030132-1234a1a2-eb2b-48dc-aff6-cb28285c45a3-stereo.wav,46993,01a08624-373f-7eed-8e72-f3b564f2466e
Hot Seller / Landlord,BHUPENDRA MATHURADAS SHAH MATHURADAS SHESHKARAN SHAH,+971506569511,ELITE BUSINESS BAY RESIDENCE,2316,Business Bay,Apartment,-,2026-09-09 12:15:54.503+00,31,Awaiting availability – anyone who says yes to rent or sell according to the complete flow,"Wants to sell 1BR, shared price, already listed with 3 agents",Maya from AS Properties called Dipendra regarding a unit at Elite Business Bay Residence. Dipendra informed her that the unit was already sold and requested to be removed from their database. Maya confirmed she would update their records and remove him from their call list.,https://qgxgtavkovqklijfpnfl.supabase.co/storage/v1/object/public/owners_data_third/01a08618-6ab4-7000-85bf-fcf6fd67b475-1788956187931-275d476e-76b6-4066-9b22-218639a211e0-stereo.wav,29252,01a08618-6ab4-7000-85bf-fcf6fd67b475
Hot Seller / Landlord,NAVEEN CHOWDARY GADDIPATI,+971523140358,ELITE BUSINESS BAY RESIDENCE,1421,Business Bay,Apartment,-,2026-09-09 11:38:48.743+00,30,Awaiting availability – anyone who says yes to rent or sell according to the complete flow,"Owner wants to rent out studio for 60000 yearly, open to agent call",,https://qgxgtavkovqklijfpnfl.supabase.co/storage/v1/object/public/call_recordings_16july/01a085f6-817f-7ee7-abe5-247b3afe789f-1788953961107-a69791b9-ac49-40f7-a8ab-63d1a0e982ae-stereo.wav,29223,01a085f6-817f-7ee7-abe5-247b3afe789f
Hot Seller / Landlord,SARAHBIBI EBRAHIM AKOO,+971509207609,Elite Business Bay Residence,1004,Business Bay,46.99,-,2026-09-09 11:35:12.645+00,0,Awaiting availability – anyone who says yes to rent or sell according to the complete flow,"curious - Asked for market price, open to selling if market price is good",,https://qgxgtavkovqklijfpnfl.supabase.co/storage/v1/object/public/owners_data_second/01a0a518-fd01-7ccd-9daf-a82d3a5793c5-1789476463853-6f62ca3b-1540-41b4-8a11-95f96137a91f-stereo.wav,47104,01a089b6-7471-7bb6-8d54-fb31c9f6517c
Hot Seller / Landlord,ADIL HUSSAIN ILYAS,+971567379398,Elite Business Bay Residence,2206,Business Bay,46.3,-,2026-09-09 11:34:34.249+00,0,Awaiting availability – anyone who says yes to rent or sell according to the complete flow,"Studio at Elite Business Bay, vacant soon, wants to rent, expects 60,000 AED",,https://qgxgtavkovqklijfpnfl.supabase.co/storage/v1/object/public/owners_data_third/01a08624-373f-7eed-8e72-f3b564f2466e-1788957030132-1234a1a2-eb2b-48dc-aff6-cb28285c45a3-stereo.wav,46993,019f7ef1-7c67-7772-ab14-9ce9b6296e25
Hot Seller / Landlord,FARIDA FAKHRUDDIN AJMAL,+971554559255,Elite Business Bay Residence,2007,Business Bay,124.75,-,2026-09-09 11:33:56.17+00,0,Awaiting availability – anyone who says yes to rent or sell according to the complete flow,Sold unit in Elite Business Bay Residence 1.5 years ago,,https://qgxgtavkovqklijfpnfl.supabase.co/storage/v1/object/public/owners_data_third/01a089e0-ecf2-7447-bcfa-6306466f70e9-1789019667178-d092f5dc-b0bb-422a-9027-6b6fc5fecbb2-stereo.wav,46882,
Buyer Lead,PURNIMA KISHORE BHAGWANDAS CHATURBHUJDAS BHATIA,+971506453511,Park Lane Tower,-,Business Bay,Residential,-,2026-09-09 11:30:51.75+00,105,Create buyers lead – Anyone who wants to buy put in this,"Spouse answered, lead (Purnima) was not present on call","An AI from AES Properties called Purnima's husband regarding a property in Dubai, aiming to determine if they were interested in selling or renting it. Despite repeated attempts to get a direct answer, the husband was evasive, asking the AI to send information or just ask questions, leading to the customer ending the call without providing a clear response.",https://qgxgtavkovqklijfpnfl.supabase.co/storage/v1/object/public/owners_data_second/01a085ef-1890-7000-8b3d-ce56bcbc0d00-1788953559448-cc104639-3385-4389-84fc-4f83607c7567-stereo.wav,39467,01a085ef-1890-7000-8b3d-ce56bcbc0d00
Hot Seller / Landlord,EISHO MERWAN DALIL,+971552672306,The Crestmark,1702,Business Bay,Apartments,-,2026-09-09 06:27:23.277+00,62,Awaiting availability – anyone who says yes to rent or sell according to the complete flow,"Willing to sell 2-bed Crestmark at 4M AED, wants buyer only","Maya from AS Properties called Aisho to inquire about selling their 2-bedroom unit at Crestmark in Business Bay. Aisho stated they would sell for 4,000,000 AED and confirmed the unit is not listed elsewhere. Aisho then instructed Maya to only contact them if they have a buyer, otherwise to stop contacting them.",https://qgxgtavkovqklijfpnfl.supabase.co/storage/v1/object/public/owners_data_second/01a084d9-389a-7aab-8616-e74aaa4e22d7-1788935307740-5e7edccc-226a-4a2a-b725-912983d0df18-stereo.wav,38866,01a084d9-389a-7aab-8616-e74aaa4e22d7
Hot Seller / Landlord,CHIRAG SINGAL,+971558891847,JUMAIRAH BAY TOWER-X3,1805,Jumeirah Lake Towers (JLT),Apartment,-,2026-09-08 13:13:06.541+00,160,Awaiting availability – anyone who says yes to rent or sell according to the complete flow,"Open to sell or rent JLT XC Tower, provided WhatsApp for details","Maya from AS Properties called Chirag regarding his property in Dubai, specifically a unit in XC Tower, Jumeirah Lake Towers. Chirag confirmed he is open to both selling and renting the unit. To facilitate sharing property details, Chirag provided his WhatsApp number and requested Maya to contact him there.",https://qgxgtavkovqklijfpnfl.supabase.co/storage/v1/object/public/owners_data_second/01a08126-64c8-788e-a65e-8cacce595ca8-1788873349016-669597ba-f2d4-44c2-9679-a2eb34391252-stereo.wav,22236,01a08126-64c8-788e-a65e-8cacce595ca8
Hot Seller / Landlord,DANA CHEHAYEB,+971508523605,Dubai Star,308,Jumeirah Lake Towers (JLT),Apartment,-,2026-09-08 12:38:08.317+00,23,Awaiting availability – anyone who says yes to rent or sell according to the complete flow,"Asked to be removed, claimed no properties, threatened to block number","Maya from ACE Properties called Donna, who immediately asked to be removed from their mailing list, stating she has no properties to sell. Donna ended the call abruptly, threatening to block the number.",https://qgxgtavkovqklijfpnfl.supabase.co/storage/v1/object/public/owners_data_second/01a08106-6cd6-7001-851f-5dcf26550b75-1788871113559-e7306e3b-d411-4ed7-b850-8af1f703f0a9-stereo.wav,25780,01a08106-6cd6-7001-851f-5dcf26550b75
Hot Seller / Landlord,AKSHITH THOMAS JOSEPH,+919446539509,Tiger Sky Tower,7404,Business Bay,Apartments,-,2026-09-08 12:31:36.936+00,63,Awaiting availability – anyone who says yes to rent or sell according to the complete flow,"Unit under construction, not ready to rent or sell yet",Maya from AS Properties called Akshat regarding his unit at Tiger Sky Tower to inquire about selling or renting it. Akshat informed her that the unit is still under construction and not yet ready for the market. Maya acknowledged this and offered their services once the property is complete.,https://qgxgtavkovqklijfpnfl.supabase.co/storage/v1/object/public/owners_data_second/01a080ff-c0c4-7001-9bed-6279183071bf-1788870762635-0b14f2a3-a632-44fb-9150-66bb30f9bc41-stereo.wav,38149,01a080ff-c0c4-7001-9bed-6279183071bf
Hot Seller / Landlord,SHAMIM ADAM,+971529331271,Seven City JLT,A28 19,Jumeirah Lake Towers (JLT),Apartment,-,2026-09-08 12:27:08.495+00,3,Awaiting availability – anyone who says yes to rent or sell according to the complete flow,"positive - Agreed to sell or rent 1BR at 7 City JLT, wants follow-up next week",,https://94bdb67bb98da30b06bdd917725c037d.r2.cloudflarestorage.com/hipaa-recordings/01a080fc-47cb-7bbe-a0f0-05886d14445c-1788870433700-12eb31ad-afed-48af-bde0-a97ed0351e59-mono.wav,22273,01a080fc-47cb-7bbe-a0f0-05886d14445c
Hot Seller / Landlord,NATALIYA BEREZAN,+971556079733,Seven City JLT,C5 19,Jumeirah Lake Towers (JLT),Apartment,-,2026-09-08 12:26:47.1+00,56,Awaiting availability – anyone who says yes to rent or sell according to the complete flow,"Unit still under construction, owner confirmed identity and is open to follow-up","Maya from Ace Properties called Natalia regarding her unit at 7 City JLT, inquiring if she was interested in selling or renting it. Natalia expressed surprise, stating the property is still under construction and questioning the caller's legitimacy. Maya confirmed her company works with properties under construction and reiterated the sales inquiry before the call was abruptly ended by the customer.",https://qgxgtavkovqklijfpnfl.supabase.co/storage/v1/object/public/owners_data_second/01a080fc-0172-7aa6-8d21-4bc9957c466b-1788870465655-63413fd8-b42e-41dd-9031-c31790710f18-stereo.wav,22277,01a080fc-0172-7aa6-8d21-4bc9957c466b
Hot Seller / Landlord,MAAN ABDULLAH M ALOULIT,+966591237171,Ciel Tower,2602 (Q 1),Dubai Marina,Hotel Apartments,-,2026-09-08 11:51:55.324+00,194,Awaiting availability – anyone who says yes to rent or sell according to the complete flow,"Wants to sell 1BR at Seal Tower, asking around 1M AED, callback set tomorrow 2PM",Maya from Ace Properties called Man regarding his 1-bedroom hotel apartment unit at Seal Tower in Dubai Marina. Man confirmed he wishes to sell the unit and is looking for an asking price of around 1 million dirhams. A senior consultant will call him tomorrow at 2 PM to discuss the sale further.,https://qgxgtavkovqklijfpnfl.supabase.co/storage/v1/object/public/owners_data_second/01a080db-9520-788e-a413-7d2d400c05d4-1788868512171-da132fdc-df7c-4d82-9cce-51228ea4d159-stereo.wav,36887,01a080db-9520-788e-a413-7d2d400c05d4
Hot Seller / Landlord,SULTAN ABDULHADI M ALSULTAN,+966505824346,Dolphin Tower,P211,Business Bay,Hotel Apartments,-,2026-09-08 11:45:11.355+00,108,Awaiting availability – anyone who says yes to rent or sell according to the complete flow,"Wants to sell Dolphin Tower unit, expects 10% over 1.29M, managed by Marriott","AS Properties called Sultan about his unit at Dolphin Tower, Business Bay, which is managed by Marriott. Sultan stated he is only open to selling the unit for 10% above his original purchase price of 1.29 million dirhams, approximately 1.42 million dirhams. The call ended after the AI confirmed the asking price.",https://qgxgtavkovqklijfpnfl.supabase.co/storage/v1/object/public/owners_data_second/01a080d5-d72d-711a-aae1-3a2483570987-1788868021644-89cd312e-d978-463b-ac21-59b4f96aff8f-stereo.wav,39848,01a080d5-d72d-711a-aae1-3a2483570987
Buyer Lead,OZGUR CEM MUSRI,+905065982888,Rove Home Marasi Drive,E-606,Business Bay,Apartments,-,2026-09-08 10:59:10.101+00,37,Create buyers lead – Anyone who wants to buy put in this,Asked to be contacted via WhatsApp before speaking further,"Maya from AS Properties called Oscar to inquire if he was interested in selling or renting his unit at Rovio Marathi Drive in Business Bay. Oscar requested that Maya communicate with him via WhatsApp before speaking further. Maya agreed to this request, and the call ended.",https://qgxgtavkovqklijfpnfl.supabase.co/storage/v1/object/public/owners_data_second/01a080ab-d16b-7664-b3d8-7eff32a59eb0-1788865189887-976ca3ac-4273-469a-999f-9ce5a76a8c4c-stereo.wav,40186,01a080ab-d16b-7664-b3d8-7eff32a59eb0
Hot Seller / Landlord,PRADEEP ISSRANI RAMESH ISSRANI,+971552727010,B2B Tower,-,Business Bay,Offices,-,2026-09-08 09:44:43.993+00,190,Awaiting availability – anyone who says yes to rent or sell according to the complete flow,"Wants to rent office unit in October, expects 170,000 yearly","Maya from AS Properties called Pradeep regarding his two units at B2B Tower. Pradeep confirmed one unit is an office space becoming vacant in October, which he wishes to rent for 170,000 AED annually, while the other is already rented. They agreed that a senior consultant would call Pradeep in early November to discuss the vacant office unit.",https://qgxgtavkovqklijfpnfl.supabase.co/storage/v1/object/public/owners_data_second/01a08067-9a63-7000-894b-cfe8e49f32b3-1788860876998-2e0294b0-5f9d-476b-b2ad-9750c0320e25-stereo.wav,39074,01a08067-9a63-7000-894b-cfe8e49f32b3
Hot Seller / Landlord,SALAH HUSSAIN HASSAN TAHLAK,+971506253434,MAG 214,1002,Jumeirah Lake Towers (JLT),Apartment,-,2026-09-08 06:14:06.331+00,23,Awaiting availability – anyone who says yes to rent or sell according to the complete flow,"Requested property details on WhatsApp, too busy to talk now","Maya from AS Properties called Sala regarding her property. Sala, being busy, requested that Maya send the information via WhatsApp. The call ended shortly after Sala made this request.",https://qgxgtavkovqklijfpnfl.supabase.co/storage/v1/object/public/owners_data_second/01a07fa6-55e4-7001-94e5-b31ae030e6c7-1788848071495-9167f439-c857-4bef-bac6-945e8e3c5a56-stereo.wav,24301,01a07fa6-55e4-7001-94e5-b31ae030e6c7
Buyer Lead,FAISAL MAJEED AWAN ABDUL MAJEED AWAN,+971556023619,Icon Tower 2,304,Jumeirah Lake Towers (JLT),Apartment,-,2026-09-08 05:21:22.681+00,46,Create buyers lead – Anyone who wants to buy put in this,"Sold the unit 2 years ago, not interested in buying","Maya from AS Properties called Faisal regarding his former unit at Icon Tower 2 in Jumeirah Lake Towers, inquiring if he was interested in selling or renting it. Faisal clarified that he had sold the property two years ago and expressed no interest in buying any new property. The call concluded with Faisal declining AS Properties' services.",https://qgxgtavkovqklijfpnfl.supabase.co/storage/v1/object/public/owners_data_second/01a07f76-86bd-7000-bd30-a7ed87d02a8e-1788844931662-e4d777c0-0c1f-4e3a-a63c-85f3d3430be3-stereo.wav,26865,01a07f76-86bd-7000-bd30-a7ed87d02a8e
Hot Seller / Landlord,SYED MUHIBULLAH MOHAMED HUSSAIN SITHIQ MOHAMED HUSSAIN SITHIQ,+971522507766,Bayz 101,4817,Business Bay,Apartments,-,2026-09-07 13:27:31.555+00,60,Awaiting availability – anyone who says yes to rent or sell according to the complete flow,"Wants to rent out from 2028, will decide then","Maya from AS Properties called Sai to inquire about selling or renting their property at Base 101 in Business Bay. Sai stated they are not open to selling or renting until 2028 and will contact AS Properties then, which Maya acknowledged.",https://qgxgtavkovqklijfpnfl.supabase.co/storage/v1/object/public/owners_data_second/01a07c0d-0a4a-7000-a4f4-85de1934c60a-1788787714442-d7a0aa19-0e5e-4a61-87f6-f5a6d03d3484-stereo.wav,38812,01a07c0d-0a4a-7000-a4f4-85de1934c60a
Hot Seller / Landlord,BENOIT JACQUES VLADIMIR MARIE RIEGEL,+971585803179,Marina Cove,-,Dubai Marina,Apartments,-,2026-09-07 12:27:35.428+00,126,Awaiting availability – anyone who says yes to rent or sell according to the complete flow,"Wants to sell 3BR at Marina Cove, paid 5M, still off-plan, expects callback","Maya from AS Properties called Benoit regarding his 3-bedroom unit at Marina Cove to inquire if he was open to selling. Benoit, who paid 5 million AED for the off-plan unit, found Maya's market valuation of 1.6-2.2 million AED to be incorrect and expressed frustration that she was unaware of the project's off-plan status. The call concluded with Maya apologizing and arranging for a senior consultant with more off-plan expertise to call Benoit back later that day.",https://qgxgtavkovqklijfpnfl.supabase.co/storage/v1/object/public/owners_data_second/01a07bd6-4d32-7001-8001-299ee175dcf8-1788784184003-5b60467d-4022-4eea-83d7-35651e4b1e16-stereo.wav,37907,01a07bd6-4d32-7001-8001-299ee175dcf8
Hot Seller / Landlord,ANZHELIKA KAIRATOVA,+996222121212,Kempinski Marina Residences,1102,Dubai Marina,Apartments,-,2026-09-07 12:27:29.518+00,77,Awaiting availability – anyone who says yes to rent or sell according to the complete flow,"Wants to sell at Kempinski Marina, requests Russian speaking agent, prefers messages","Maya from AS Properties called Angelica regarding her unit at Kempinski Marina Residences to inquire about selling or renting. Angelica expressed interest in selling but indicated a language barrier, stating her English was ""very small."" Maya offered to arrange a callback from a Russian-speaking colleague, which Angelica accepted, confirming her current number for the follow-up.",https://qgxgtavkovqklijfpnfl.supabase.co/storage/v1/object/public/owners_data_second/01a07bd6-35b6-7778-bc07-bfb8debf04d7-1788784129052-2cc6de27-9631-4721-85ed-d6b0084f3eba-stereo.wav,37871,01a07bd6-35b6-7778-bc07-bfb8debf04d7
Hot Seller / Landlord,MHROUS SABIT,+971564183690,SOUTH BAY 6,102,Dubai South,Townhouse,-,2026-09-07 10:45:06.639+00,62,Awaiting availability – anyone who says yes to rent or sell according to the complete flow,"Shared sale price 7M, unit 102, 5 bedrooms at South Bay 6","Maya from AS Properties called Rose (Mazaros) regarding her unit at South Bay 6 in Dubai South, inquiring about selling or renting. Rose stated a price of 7,000,000 (presumably AED) for her 4-bedroom (effectively 5-bedroom) unit, number 102, before abruptly ending the call.",https://qgxgtavkovqklijfpnfl.supabase.co/storage/v1/object/public/owners_data_second/01a07b78-a43d-7778-b953-52f93aab9ee3-1788777970872-87d221db-46cf-4d92-9c97-80153fbcaf2c-stereo.wav,30879,01a07b78-a43d-7778-b953-52f93aab9ee3
Hot Seller / Landlord,CHHAGAN KUMAR MANILAL PETHANI,+971505587411,Aura,TAG-AUR-1-065,TILAL AL GHAF,Villa,-,2026-09-07 10:26:54.326+00,19,Awaiting availability – anyone who says yes to rent or sell according to the complete flow,"Confirmed property sold years ago, declined further discussion","The AI initiated the call by repeatedly asking the user to confirm if they were Tagan. The user eventually confirmed their identity, after which the call ended.",https://qgxgtavkovqklijfpnfl.supabase.co/storage/v1/object/public/owners_data_second/01a07b67-fb8c-7772-87f0-50b5f289de6e-1788776836194-e88d90ae-8335-4bcb-8eba-f88bc86da3ec-stereo.wav,5673,01a07b67-fb8c-7772-87f0-50b5f289de6e
Hot Seller / Landlord,RAHUL MEHROTRA,+971552746464,Aura,TAG-AUR-3-B154,TILAL AL GHAF,Villa,-,2026-09-07 09:19:30.511+00,156,Awaiting availability – anyone who says yes to rent or sell according to the complete flow,"Wants to rent out 4BR in Aura Gardens, expects 300k rent, prefers callback at 4pm","Maya from AS Properties called Rahul about his 4-bedroom property in Aura Garden Free, which he is looking to rent for 300,000 AED. Rahul confirmed the property is already listed elsewhere. A senior consultant will call him back at 4 PM today to discuss matching his unit with interested renters.",https://qgxgtavkovqklijfpnfl.supabase.co/storage/v1/object/public/owners_data_second/01a07b2a-265c-7000-bc39-ec8d0e582344-1788772929298-d6faaa04-99f3-408f-ac54-c2d66b8c7234-stereo.wav,8310,01a07b2a-265c-7000-bc39-ec8d0e582344
Hot Seller / Landlord,MOHAMMED JASIM ABDULLAH AL ZUBAIDI,+971565538844,Blvd Heights T2,3705,Burj Khalifa,Apartment,-,2026-09-05 13:37:48.854+00,119,Awaiting availability – anyone who says yes to rent or sell according to the complete flow,"Has 1 vacant unit ready for tenant, prefers WhatsApp, has agent","Maya from AS Properties called Mohammed regarding his unit at BLVD Heights, but Mohammed clarified that all his units are currently rented out and not for sale. He mentioned having one vacant unit in Elbursa that is ready for a tenant. Mohammed requested that AS Properties contact him via WhatsApp to connect with his agent about this vacant unit.",https://qgxgtavkovqklijfpnfl.supabase.co/storage/v1/object/public/owners_data_second/01a071c9-d209-7000-a9ab-10a81a5a7743-1788615590587-901328db-7d09-42a3-9b23-59765585d5c7-stereo.wav,30116,01a071c9-d209-7000-a9ab-10a81a5a7743
Hot Seller / Landlord,AYYANAR VETRIVEL PACHAIAPPAN,+971558267756,Bayz by Danube,-,Business Bay,Residential,-,2026-09-05 12:59:25.652+00,164,Awaiting availability – anyone who says yes to rent or sell according to the complete flow,"Will decide after October, quoted 1.3M sale and 86k rent for 1BR","Maya from AS Properties called INR regarding their 1-bedroom unit at Base by Danube, Business Bay, which is currently rented until the end of October for 86,000 AED annually. INR is open to either selling the property for 1,300,000 AED or re-renting it after the current lease expires. A senior consultant from AS Properties will call INR on Tuesday after 5 PM to discuss these options further.",https://qgxgtavkovqklijfpnfl.supabase.co/storage/v1/object/public/owners_data_second/01a071a6-c8c8-7778-9c16-b45c1b6a941a-1788613332311-df36294f-3550-44d9-af4f-8c581089bb7d-stereo.wav,39495,01a071a6-c8c8-7778-9c16-b45c1b6a941a
Hot Seller / Landlord,YASER AL FASSI,+201000843003,Rove Home Marasi Drive,W-702,Business Bay,Apartments,-,2026-09-05 12:38:29.299+00,96,Awaiting availability – anyone who says yes to rent or sell according to the complete flow,"Wants to sell studio at Rove Home, expects 1.3M, currently with 2 agencies","Maya from AS Properties called Yasir regarding his studio unit at Rovuma Rasi Drive in Business Bay, which he is looking to sell for 1.3 million dirhams. Yasir confirmed the property is already listed with two other companies. Maya arranged for a senior consultant to call Yasir back within two hours to discuss further.",https://qgxgtavkovqklijfpnfl.supabase.co/storage/v1/object/public/owners_data_second/01a07193-6f75-7000-971c-19b66acdd27d-1788612008043-be45c7df-875a-4f50-b2bb-dc35227c81e9-stereo.wav,38869,01a07193-6f75-7000-971c-19b66acdd27d
Hot Seller / Landlord,VARUN GUPTA BAJRANG KUMAR GUPTA,+971509001962,Roy Mediterranean Hotel Apartments,412,Al Furjan,Hotel Apartment,-,2026-09-05 12:37:44.466+00,66,Awaiting availability – anyone who says yes to rent or sell according to the complete flow,Unit already rented out until May next year,Maya from Ace Properties called Varun to inquire if he was interested in selling or renting his unit at Mediterranean hotel apartments. Varun informed her that the unit is already tenanted until May of next year and declined interest in considering another investment property.,https://qgxgtavkovqklijfpnfl.supabase.co/storage/v1/object/public/owners_data_second/01a07192-fa0b-7000-9719-f7e9c84a5500-1788611932701-26730936-9961-4f46-9b0a-d101e623c1e1-stereo.wav,12719,01a07192-fa0b-7000-9719-f7e9c84a5500
Hot Seller / Landlord,CHAITANYA SAI SURYA KRISHNA TAMADA,+6587704748,One by Binghatti,3402,Business Bay,Apartments,-,2026-09-05 12:31:18.209+00,187,Awaiting availability – anyone who says yes to rent or sell according to the complete flow,"Wants to sell 2BR with pool at 1 by Binghati, expects 3.8–4M after handover","Maya from AS Properties called Chetanya about his off-plan 2-bedroom unit at 1 by Binghati, which he is open to selling for 3.8-4 million AED after its handover next year. Chetanya is not yet ready to rent but is open to selling at the right price. A senior consultant from AS Properties will call him on Sunday at 1 PM (Singapore time) to discuss options.",https://qgxgtavkovqklijfpnfl.supabase.co/storage/v1/object/public/owners_data_second/01a0718d-0dcd-7cc1-99d1-32d3fd2c9b04-1788611668117-675e484b-f9e4-4449-b4db-2789e8ea98ad-stereo.wav,38409,01a0718d-0dcd-7cc1-99d1-32d3fd2c9b04
Hot Seller / Landlord,WAYNE SACHA WAHIB SAAB,+971585898243,Binghatti Canal Building,2105,Business Bay,Apartments,-,2026-09-05 11:52:33.538+00,22,Awaiting availability – anyone who says yes to rent or sell according to the complete flow,Requested WhatsApp follow-up about selling/renting Bengaluru Building unit,"Maya from ACE Properties called Wayne to inquire if he was interested in selling or renting his unit at Bengaluru Building in Business Bay. Wayne, however, requested that she contact him via WhatsApp instead, leading to the call's abrupt end.",https://qgxgtavkovqklijfpnfl.supabase.co/storage/v1/object/public/owners_data_second/01a07169-537b-7000-a1ef-9f123dfe5fb3-1788609177858-9c9ab7ff-6446-4adf-8a9a-af307bdce80f-stereo.wav,38534,01a07169-537b-7000-a1ef-9f123dfe5fb3
Buyer Lead,MUHAMMAD ISHFAQ ZAHIR SHAH,+971566043291,WIND ONE,905,Jumeirah Lake Towers (JLT),Apartment,-,2026-09-05 10:44:56.08+00,125,Create buyers lead – Anyone who wants to buy put in this,"Looking for ready 1BR, AED 1-1.5M, open to deals, callback October","AS Properties contacted Mohammad regarding a previously owned unit, which he confirmed was sold. Mohammad expressed interest in purchasing a new 1-bedroom, ready property for 1-1.5 million AED anywhere in Dubai, primarily for investment if a good deal arises. A senior consultant will follow up with him in October to discuss suitable opportunities.",https://qgxgtavkovqklijfpnfl.supabase.co/storage/v1/object/public/owners_data_second/01a0712b-b82d-7000-87fd-c8505b6899e1-1788605223434-3e487578-99f3-443a-ad8c-0c579015394f-stereo.wav,23059,01a0712b-b82d-7000-87fd-c8505b6899e1
Buyer Lead,MUHAMMAD ASIF,+971588442249,PRINCESS TOWER,8404,Dubai Marina,Unit,-,2026-09-05 09:19:47.922+00,131,Create buyers lead – Anyone who wants to buy put in this,Asked for distress deals on WhatsApp after selling Princess Tower unit,"An AI agent from AS Properties called Mohammad regarding his unit at Princess Tower to inquire about selling or renting. Mohammad's brother, Jalal, took over the call and clarified that the unit had been sold six months ago. Jalal then requested that the agent send him any distress property opportunities via WhatsApp.",https://qgxgtavkovqklijfpnfl.supabase.co/storage/v1/object/public/owners_data_second/01a070dd-ccfe-7665-bef2-6e060dfe5d9b-1788600121881-c85a716f-62e8-4849-bb3a-91a9da4ce7e6-stereo.wav,31564,01a070dd-ccfe-7665-bef2-6e060dfe5d9b
Hot Seller / Landlord,AMRITA JASBIRSINGH AHLUWALIA,+971502757494,EQUITI ARCADE,105,Al Furjan,Unit,-,2026-09-05 09:19:28.509+00,60,Awaiting availability – anyone who says yes to rent or sell according to the complete flow,"Currently tenanted, confirmed rental status at Equity Arcade, no sell intent denied","Maya from AS Properties called Amrita regarding her unit at Equity Arcade in Al Furjan, inquiring about selling or renting it. Amrita clarified that the unit was already tenanted. Maya then pivoted to asking if Amrita would consider another investment property before the call ended.",https://qgxgtavkovqklijfpnfl.supabase.co/storage/v1/object/public/owners_data_second/01a070dd-5789-7000-8143-bd78bb5e315b-1788600031068-21d7e9aa-96ee-4646-bc63-f25f4b3fc1c6-stereo.wav,13051,01a070dd-5789-7000-8143-bd78bb5e315b
Hot Seller / Landlord,MOHAMED NAZIH OMAR EL CHAOULI,+971508155057,Aura,-,TILAL AL GHAF,Villa,-,2026-09-05 08:30:56.716+00,30,Awaiting availability – anyone who says yes to rent or sell according to the complete flow,Asked about selling or renting all phones units,"Maya from AS Properties initiated a call with Mohim to discuss their unit at Ara in Telal LG IF. However, the conversation was cut short as Mohim ended the call prematurely.",https://qgxgtavkovqklijfpnfl.supabase.co/storage/v1/object/public/owners_data_second/01a070b1-0d70-7000-9048-2f5b2e0ed904-1788597089414-7dd6a8dc-bf43-48c5-bda9-14180dc4734f-stereo.wav,44368,01a070b1-0d70-7000-9048-2f5b2e0ed904
Hot Seller / Landlord,MARTA WOLDEAMANUEL ABEBE,+971545693016,Diamondz by Danube,5407,Jumeirah Lake Towers (JLT),Apartment,-,2026-09-05 07:51:40.887+00,128,Awaiting availability – anyone who says yes to rent or sell according to the complete flow,"Wants to sell 1BR at Diamonds by Danube, asking 1.4M AED","Maya from AS Properties called Martha regarding her 1-bedroom unit at Diamonds by Danube, which Martha is interested in selling for 1.4 million dirhams. The unit is not currently listed elsewhere. A senior consultant will call Martha tomorrow at 20:27 to discuss the sale further.",https://qgxgtavkovqklijfpnfl.supabase.co/storage/v1/object/public/owners_data_second/01a0708c-dc7b-7000-9400-e980f56f28ba-1788594831767-e920132a-85fe-4d6f-b8f0-0e7f06d4b59f-stereo.wav,27104,01a0708c-dc7b-7000-9400-e980f56f28ba
Hot Seller / Landlord,AHMED OMAR ABDULLAH BASHEER,+971509207409,ALFURJAN PACKAGE 4,null,Al Furjan,Land,-,2026-09-04 13:01:20.159+00,15,Awaiting availability,"Interested in renting or selling, requested details via WhatsApp","Maya from AS Properties called Mohammed regarding his unit. Mohammed interrupted her, requesting she send a WhatsApp message instead, which led to the call ending abruptly.",https://qgxgtavkovqklijfpnfl.supabase.co/storage/v1/object/public/owners_data_third/01a06c82-1392-7777-bd9e-5cc5e64bfa73-1788526898105-52178812-e2bb-4e62-999d-199c554ea0d4-stereo.wav,10445,01a06c82-1392-7777-bd9e-5cc5e64bfa73
Hot Seller / Landlord,KHAMIS MUBARAK A ALQAHTANI,+971509207409,Park Central,-,Business Bay,Residential,-,2026-09-04 13:01:20.159+00,15,Awaiting availability,"Interested in renting or selling, requested details via WhatsApp","Maya from AS Properties called Mohammed regarding his unit. Mohammed interrupted her, requesting she send a WhatsApp message instead, which led to the call ending abruptly.",https://qgxgtavkovqklijfpnfl.supabase.co/storage/v1/object/public/owners_data_third/01a06c82-1392-7777-bd9e-5cc5e64bfa73-1788526898105-52178812-e2bb-4e62-999d-199c554ea0d4-stereo.wav,40614,01a06c82-1392-7777-bd9e-5cc5e64bfa73
Hot Seller / Landlord,IMAD RASHEED MOHAMMED YASIN,+971552042211,ORION BUILDING,-,0,Apartment,-,2026-09-04 12:53:08.192+00,46,Awaiting availability – anyone who says yes to rent or sell according to the complete flow,"Unit at Orion is rented, open to sell or rent in future",,https://qgxgtavkovqklijfpnfl.supabase.co/storage/v1/object/public/call_recordings_16july/01a06c7a-1d01-766f-b3d4-f6c34af00dcf-1788526437209-f493fc62-e5b8-42cb-a0c1-b414690310ab-stereo.wav,45451,01a06c7a-1d01-766f-b3d4-f6c34af00dcf
Hot Seller / Landlord,ABDULLA HELAL GHANEM ALMHEIRI,+971506660045,Joya Blanca Residences,-,Arjan,Apartment,-,2026-09-04 12:52:36.937+00,185,Awaiting availability – anyone who says yes to rent or sell according to the complete flow,"Wants to sell studio at 750,000 and rent for 5,000 bimonthly, studio with 1 bathroom",,https://qgxgtavkovqklijfpnfl.supabase.co/storage/v1/object/public/call_recordings_16july/01a06c79-9b44-7118-abee-01006b78c8f6-1788526545056-d50615e8-5397-4637-8079-c2ffc98dab39-stereo.wav,45448,01a06c79-9b44-7118-abee-01006b78c8f6
Hot Seller / Landlord,CAGLA SERT GUNER,+971566271889,DAMAC HILLS - GOLF PROMENADE,-,DAMAC HILLS,Villa,-,2026-09-04 12:38:30.737+00,124,Awaiting availability – anyone who says yes to rent or sell according to the complete flow,"Wants to sell at 3.6M, 2BR+maid, listed with other agents",,https://qgxgtavkovqklijfpnfl.supabase.co/storage/v1/object/public/call_recordings_16july/01a06c6d-4d4e-766f-b353-7c918283a611-1788525637367-8e80d2e1-f02f-4ee4-96f2-a83040e2277a-stereo.wav,46251,01a06c6d-4d4e-766f-b353-7c918283a611
Hot Seller / Landlord,PRINCE KUMAR RANA BHIM SINGH,+971581762080,DAMAC HILLS - ARTESIA,-,DAMAC HILLS,Villa,-,2026-09-04 12:33:41.358+00,382,Awaiting availability – anyone who says yes to rent or sell according to the complete flow,"Open to sell 2BR apartment at Damac Hills, expects 2,000,000 AED, asked AI/human repeatedly","Maya from Ace Properties called Prince regarding selling his 2-bedroom apartment in Damaak Hills for 2,000,000 AED. Prince confirmed the property is vacant and he's open to selling, but the conversation stalled as he repeatedly questioned if Maya was human or AI. Maya consistently evaded the question, leading to the call ending without scheduling a follow-up.",https://qgxgtavkovqklijfpnfl.supabase.co/storage/v1/object/public/owners_data_third/01a06c68-ee6a-7555-9eaa-ba0c9adb096a-1788525605628-3f63c4a3-2f7d-45d3-a34f-5928a08b5881-stereo.wav,46240,01a06c68-ee6a-7555-9eaa-ba0c9adb096a
Hot Seller / Landlord,FADI FADHIL MOHAMMED AL BDIRI,+971505706777,DAMAC HILLS - GOLF VITA,-,DAMAC HILLS,Villa,-,2026-09-04 12:30:15.792+00,127,Awaiting availability – anyone who says yes to rent or sell according to the complete flow,"Wants to sell 1BR off-plan at Damac Hills, expects 1.4M, requested company profile","Maya from AS Properties called Fadi regarding his off-plan, 1-bedroom unit at Damak Hills Golf Witter, which he is looking to sell for 1.4 million dirhams. Fadi requested AS Properties send their company profile via WhatsApp before advertising. A senior consultant will contact him after 3 PM to discuss further steps.",https://qgxgtavkovqklijfpnfl.supabase.co/storage/v1/object/public/owners_data_third/01a06c65-4334-7bbb-aa7a-bf4f9285b903-1788525145483-5e1e16bf-f45a-4800-b0d4-f9bb8485fea2-stereo.wav,46220,01a06c65-4334-7bbb-aa7a-bf4f9285b903
Hot Seller / Landlord,MOHAMED ABDULRAHMAN MOHAMEDALMAHDI ALSHATERI,+971505461547,NAS3,-,Arjan,Apartment,-,2026-09-04 12:20:14.384+00,63,Awaiting availability – anyone who says yes to rent or sell according to the complete flow,"Unit is rented already, did not express future selling interest",,https://qgxgtavkovqklijfpnfl.supabase.co/storage/v1/object/public/call_recordings_16july/01a06c5c-a7a2-7cc0-bb1e-82c4fdcaf2c3-1788524480364-12ad633e-3e5e-48f8-a78c-6839d2745e5a-stereo.wav,45077,01a06c5c-a7a2-7cc0-bb1e-82c4fdcaf2c3
Hot Seller / Landlord,FLORIAN CHRISTOPH WANEK,+971504587027,SUNRISE LEGEND,-,Arjan,Apartment,-,2026-09-04 12:16:04.83+00,51,Awaiting availability – anyone who says yes to rent or sell according to the complete flow,"Unit at Sunrise Legend already rented out, landlord confirmed renting intent","Maya from AS Properties called Florian regarding his unit at Sunrise Legend, initially inquiring if he was open to selling. Florian clarified that he had already rented out the property and was not interested in selling or purchasing another investment property at this time. Maya acknowledged his stance and ended the call.",https://qgxgtavkovqklijfpnfl.supabase.co/storage/v1/object/public/owners_data_third/01a06c58-cc0e-700c-a95e-9a2f4d734686-1788524217928-a618d7b2-749b-4398-ba12-f9ab4880f143-stereo.wav,45070,01a06c58-cc0e-700c-a95e-9a2f4d734686
Hot Seller / Landlord,SHAMEER KASIM PALIATHAZHATHU,+971504663446,Al Furjan,null,Al Furjan,Building,-,2026-09-04 12:02:04.77+00,12,Awaiting availability – anyone who says yes to rent or sell according to the complete flow,Has multiple commercial units in Mazaya Business Avenue to rent out,"The call began with the AI attempting to confirm the recipient's identity by asking ""Am I speaking with Shamir?"". The call ended shortly thereafter, initiated by the customer.",https://qgxgtavkovqklijfpnfl.supabase.co/storage/v1/object/public/owners_data_third/01a06c4b-7bf3-7000-82f9-0c8ddf0ec8ef-1788523339851-0b9d3a80-1bb2-4988-bbca-8c765ee52905-stereo.wav,8945,01a06c4b-7bf3-7000-82f9-0c8ddf0ec8ef
Hot Seller / Landlord,SHAMEER KASIM PALIATHAZHATHU,+971504663446,null,null,Jumeirah Lake Towers (JLT),Apartment,-,2026-09-04 12:02:04.77+00,12,Awaiting availability – anyone who says yes to rent or sell according to the complete flow,Has multiple commercial units in Mazaya Business Avenue to rent out,"The call began with the AI attempting to confirm the recipient's identity by asking ""Am I speaking with Shamir?"". The call ended shortly thereafter, initiated by the customer.",https://qgxgtavkovqklijfpnfl.supabase.co/storage/v1/object/public/owners_data_third/01a06c4b-7bf3-7000-82f9-0c8ddf0ec8ef-1788523339851-0b9d3a80-1bb2-4988-bbca-8c765ee52905-stereo.wav,22541,01a06c4b-7bf3-7000-82f9-0c8ddf0ec8ef
Hot Seller / Landlord,JAPY NIZAR HADI PIRBAY,+971563233586,Aykon City,-,Business Bay,Residential,-,2026-09-04 11:58:59.936+00,56,Awaiting availability – anyone who says yes to rent or sell according to the complete flow,"Open to sell 2BR at Icon City, wants 2M, prefers WhatsApp follow-up","Maya from AS Properties called Jappy regarding his 2-bedroom unit at ICON City in Business Bay. Jappy confirmed he is open to selling the unit for not less than 2,000,000 dirhams. He requested further communication via WhatsApp as he was busy.",https://qgxgtavkovqklijfpnfl.supabase.co/storage/v1/object/public/owners_data_second/01a06c49-37a7-766f-b1b9-aa26cdfa3b03-1788523198192-c109fe48-d5f6-4f34-a11f-f1c85c592601-stereo.wav,40101,01a06c49-37a7-766f-b1b9-aa26cdfa3b03
Hot Seller / Landlord,KONSTANTIN BELYAEV,+971509778233,DAMAC HILLS - LORETO,-,DAMAC HILLS,Villa,-,2026-09-04 11:21:10.804+00,34,Awaiting availability – anyone who says yes to rent or sell according to the complete flow,"Confirmed open to sell or rent at Mack Hills, referred to his agent","Maya from AS Properties contacted Constantin about his unit at Mac Hills, inquiring if he was open to selling or renting. Constantin indicated he was interested in selling and instructed Maya to contact his agent for further details. The call concluded shortly after this exchange.",https://qgxgtavkovqklijfpnfl.supabase.co/storage/v1/object/public/owners_data_third/01a06c26-8e80-7777-babd-ac6fa6da1736-1788520907316-50e9b4ba-3117-4a5d-84ac-a8037cb868ae-stereo.wav,46180,01a06c26-8e80-7777-babd-ac6fa6da1736
Hot Seller / Landlord,YUSUF ERMAN ERDEM,+971565119116,MARINA VIEW TOWER A,1101,Dubai Marina,Flat,-,2026-09-04 11:13:33.078+00,57,Awaiting availability – anyone who says yes to rent or sell according to the complete flow,"Currently renting via agent, open if client available, wants WhatsApp details","Maya from Ace Properties called Yusuf regarding his unit at Marina View Tower A to inquire about selling or renting. Yusuf stated the unit is currently rented and he has an agent, but Maya could show it if she had a client. The call concluded with Yusuf requesting Maya to text him on WhatsApp as he was unable to hear clearly.",https://qgxgtavkovqklijfpnfl.supabase.co/storage/v1/object/public/owners_data_second/01a06c1f-5f33-7000-81ef-76490cf51d6e-1788520472459-7d249edb-496e-4c68-9590-38548154d02d-stereo.wav,31713,01a06c1f-5f33-7000-81ef-76490cf51d6e
Hot Seller / Landlord,MANOJ KULANGARA MENON,+971564708973,MARQUIS ELEGANCE,-,Arjan,Apartment,-,2026-09-04 11:13:09.988+00,103,Awaiting availability – anyone who says yes to rent or sell according to the complete flow,"Wants 1.4M for 1BR at Marcus Elegance, prefers WhatsApp communication only",,https://qgxgtavkovqklijfpnfl.supabase.co/storage/v1/object/public/call_recordings_16july/01a06c1f-2550-7777-977a-6f06d4fe76d1-1788520495429-e439970a-1934-4742-9fcc-208949bf72f5-stereo.wav,45058,01a06c1f-2550-7777-977a-6f06d4fe76d1
Hot Seller / Landlord,AMBREEN KHAN,+971559534685,Building 88,-,Arjan,Apartment,-,2026-09-04 11:01:59.041+00,136,Awaiting availability – anyone who says yes to rent or sell according to the complete flow,"Open to sell 1 BHK in Building 88, Arjan, callback after Tuesday","Maya from ASP Properties called Ambreen to inquire about selling or renting her 1 BHK unit in Building 88, Arjan. Ambreen confirmed she is open to selling but has not yet decided on an asking price. A senior consultant will call Ambreen on Wednesday afternoon for a proper evaluation, as she is currently traveling.",https://qgxgtavkovqklijfpnfl.supabase.co/storage/v1/object/public/owners_data_third/01a06c14-d66e-711f-b6de-143acabd1769-1788519857244-3b2c1298-df4c-4756-8dcf-70044d6990ff-stereo.wav,45354,01a06c14-d66e-711f-b6de-143acabd1769
Hot Seller / Landlord,KHADEEJA TAHA ABDULLA BAHAROON,+971504466896,DAMAC HILLS - GOLF GREENS 1,-,DAMAC HILLS,Villa,-,2026-09-04 06:28:19.085+00,36,Awaiting availability – anyone who says yes to rent or sell according to the complete flow,Asked if we have a buyer after being asked about selling,,https://qgxgtavkovqklijfpnfl.supabase.co/storage/v1/object/public/call_recordings_16july/01a06b1a-5ff6-7003-af13-275d7e32a34e-1788503338223-f2b5218c-9587-4156-adb4-915b538d8827-stereo.wav,46478,01a06b1a-5ff6-7003-af13-275d7e32a34e
Hot Seller / Landlord,HEMANTKUMAR KANTILAL KARIA,+254722513446,Rove Home Marasi Drive,W-1715,Business Bay,Apartments,-,2026-09-04 06:27:27.802+00,155,Awaiting availability – anyone who says yes to rent or sell according to the complete flow,"Wants to rent out commercial unit in 2027, open to valuation, follow-up requested","Maya from AS Properties called Kumar regarding his 1-bedroom commercial unit in Business Bay, which is under construction and expected to be ready in August 2027. Kumar is interested in renting it out but hasn't set a price, so Maya provided a market range of 8,000-15,000 AED. They agreed that a senior consultant would call Kumar in about a week to discuss rental strategies closer to the property's completion.",https://qgxgtavkovqklijfpnfl.supabase.co/storage/v1/object/public/owners_data_second/01a06b19-a1ab-7555-96f7-22273bb7bdd1-1788503404966-6ccd1078-e7de-4407-8bf5-0cfb59de4788-stereo.wav,38084,01a06b19-a1ab-7555-96f7-22273bb7bdd1
Buyer Lead,MOHAMMED HANEEF IBRAHIM PANEMANGALORE,+971506407969,Vincitore DolceVita Residence,-,Arjan,Apartment,-,2026-09-04 06:07:09.887+00,196,Create buyers lead – Anyone who wants to buy put in this,"Wants to buy 1BR with study in Arjan at 1000/sqft, prefers callback tomorrow afternoon",,https://qgxgtavkovqklijfpnfl.supabase.co/storage/v1/object/public/call_recordings_16july/01a06b06-ee7f-7bbb-a27d-7180998f680e-1788502228128-99851b08-389c-4cf2-b55a-6257986becb0-stereo.wav,45324,01a06b06-ee7f-7bbb-a27d-7180998f680e
Hot Seller / Landlord,MARWAN SHAZALI,+971504140803,Al Ghaf 1,-,Arjan,Apartment,-,2026-09-03 13:53:58.692+00,72,Awaiting availability – anyone who says yes to rent or sell according to the complete flow,"Asked price to sell studio, confirmed unit type","Maya from AS Properties contacted Marwan about his unit at Algarve 1 in Arjan, inquiring if he was interested in selling or renting it as they have active buyers and tenants. Marwan asked about potential offers for a studio unit. Maya attempted to clarify the unit type (studio, 1-bedroom, or loft) before providing a quote, but the call ended before this was resolved.",https://qgxgtavkovqklijfpnfl.supabase.co/storage/v1/object/public/owners_data_third/01a0678c-0716-7663-a70b-e46842caff96-1788443713477-ad90b39d-a99d-47ca-a37e-de85b590a6ef-stereo.wav,45275,01a0678c-0716-7663-a70b-e46842caff96
Hot Seller / Landlord,TAHA HUSSEIN ABDULLAH NOMAN,+971506500999,Samana Hills,-,Arjan,Apartment,-,2026-09-03 13:53:10.531+00,103,Awaiting availability – anyone who says yes to rent or sell according to the complete flow,"Wants to sell 1BR, shared price and details, open to callback","Maya from ASR Properties contacted Taha regarding his 1-bedroom unit (533) at Samana Hills in Arjun, which has a full pool view on the 5th floor. Taha confirmed he is looking to sell the unit for 950,000 dirhams. A senior consultant from ASR Properties will call Taha soon to discuss the next steps.",https://qgxgtavkovqklijfpnfl.supabase.co/storage/v1/object/public/owners_data_third/01a0678b-5b38-7ee1-965f-d5d82b23ccf4-1788443696289-82ed9bd7-1826-47b4-939b-69e4bb40ecf5-stereo.wav,45271,01a0678b-5b38-7ee1-965f-d5d82b23ccf4
Hot Seller / Landlord,JEFF KHOURY,+9613802719,Urban Oasis by Missoni,409,Business Bay,Apartments,-,2026-09-03 13:44:57.456+00,144,Awaiting availability – anyone who says yes to rent or sell according to the complete flow,"Wants to rent out unit from mid December, prefers WhatsApp follow-up","Maya from AS Properties called Jeff about his unit at Urban Oasis by Missoni, which will become vacant in mid-December. Jeff plans to rent out the furnished 1-bedroom unit again, currently receiving 120,000 AED, but is concerned about market prices. AS Properties offered to have a consultant provide a market check for mid-December, and Jeff requested to be contacted via WhatsApp.",https://qgxgtavkovqklijfpnfl.supabase.co/storage/v1/object/public/owners_data_second/01a06783-b6e3-7336-9c1b-3ac86500917f-1788443244552-e40a1bcf-9a4b-4040-bebe-cbf340c1fa8e-stereo.wav,40811,01a06783-b6e3-7336-9c1b-3ac86500917f
Hot Seller / Landlord,BASSEL MOUWAFAK JALANBO,+971528666694,DAMAC HILLS - GOLF GREENS 2,-,DAMAC HILLS,Villa,-,2026-09-03 13:40:54.043+00,212,Awaiting availability – anyone who says yes to rent or sell according to the complete flow,"Wants to sell when unit is ready, shared price, requested callback","Maya from AS Properties called Basel regarding his unit at Damak Hills Golf Greens 2. After initial confusion, Basel clarified that his 1-bedroom unit is not yet ready, but when it is, he intends to sell it for 1.7 million dirhams. A senior consultant will call Basel tomorrow at 6 PM to discuss selling options.",https://qgxgtavkovqklijfpnfl.supabase.co/storage/v1/object/public/owners_data_third/01a06780-0c85-7aa6-9674-2930ffb08056-1788443068273-adf7b4b3-fe88-4d6c-a0d0-6123d7039eae-stereo.wav,46429,01a06780-0c85-7aa6-9674-2930ffb08056
Buyer Lead,FOUZIA FATIMA,+919885680556,DAMAC HILLS - CARSON,-,DAMAC HILLS,Villa,-,2026-09-03 13:37:56.423+00,193,Create buyers lead – Anyone who wants to buy put in this,"Wants to buy studio as investment, asked about secondary market, shared budget",,https://qgxgtavkovqklijfpnfl.supabase.co/storage/v1/object/public/call_recordings_16july/01a0677d-3362-7ee1-95eb-e37e4b862b99-1788442871763-20a7c5be-aeb5-468b-9ccc-363a41cc3745-stereo.wav,46412,01a0677d-3362-7ee1-95eb-e37e4b862b99
Hot Seller / Landlord,SEADA ASHEBIR  FENTAW,+251930111316,Bayz 101,8204,Business Bay,Apartments,-,2026-09-03 13:31:04.144+00,117,Awaiting availability – anyone who says yes to rent or sell according to the complete flow,"Asked about selling, inquired on price, prefers WhatsApp communication","Maya from AS Properties called Sarah about her unit at Base 101 in Business Bay, repeatedly asking if she was interested in selling or renting it. After some connection issues and Sarah inquiring about pricing, Sarah requested that Maya send information via WhatsApp. The call ended with Maya agreeing to connect on WhatsApp.",https://qgxgtavkovqklijfpnfl.supabase.co/storage/v1/object/public/owners_data_second/01a06776-bb28-766c-bb6f-71bca9ca32de-1788442383868-0c140821-56a8-4215-be38-4dc8a93ec53e-stereo.wav,40778,01a06776-bb28-766c-bb6f-71bca9ca32de
Hot Seller / Landlord,IMRAN ALI BAIG MOHAMMOD,+971508103598,DAMAC HILLS - GOLF GREENS 2,-,DAMAC HILLS,Villa,-,2026-09-03 13:21:11.73+00,90,Awaiting availability – anyone who says yes to rent or sell according to the complete flow,"Wants to sell, shared price and unit details","Maya from AS Properties called Imran regarding his 1-bedroom unit at Dama Hills Golf Greens 2. Imran expressed interest in selling the unit for 1.3 million dirhams, confirming it is not currently listed elsewhere. The call concluded without scheduling a follow-up with a senior consultant.",https://qgxgtavkovqklijfpnfl.supabase.co/storage/v1/object/public/owners_data_third/01a0676e-12fb-7665-9641-670380012581-1788441764753-dbf6dafd-03e5-4de0-a836-005e51851e27-stereo.wav,46075,01a0676e-12fb-7665-9641-670380012581
Hot Seller / Landlord,SHAKEEL ALAM MUHAMMAD ABDUS SALAM,+971503189250,SKYZ BY DANUBE,-,Arjan,Apartment,-,2026-09-03 13:14:25.581+00,162,Awaiting availability – anyone who says yes to rent or sell according to the complete flow,"Wants to sell, demanded RERA ID before consultant call","Maya from Ace Properties contacted Shakey regarding his studio apartment at Sky's by Danube in Arjan, inquiring if he was interested in selling or renting. Shakey confirmed he is open to selling for 670,000 AED but requested proof of the company's Dubai registration before agreeing to speak with a senior consultant. The call ended with Shakey asking for the consultant's identity.",https://qgxgtavkovqklijfpnfl.supabase.co/storage/v1/object/public/owners_data_third/01a06767-b6f2-7aa6-9598-f83c5444a466-1788441429874-6e76face-e174-42ff-8f2c-a8a5fd6a4750-stereo.wav,45315,01a06767-b6f2-7aa6-9598-f83c5444a466
Hot Seller / Landlord,STEVEN GIBSON,+971522403320,DAMAC HILLS -  TOPANGA,-,DAMAC HILLS,Villa,-,2026-09-03 13:07:11.204+00,102,Awaiting availability – anyone who says yes to rent or sell according to the complete flow,"Unit for sale, shared price, not seeking new agent now","Maya from AS Properties called Steve Gibson regarding his 4-bedroom unit at Damak Hills, which is already listed for sale for over 4,000,000 AED. Steve declined AS Properties' offer to help sell the property, stating he is satisfied with his current agent and close to finalizing a sale.",https://qgxgtavkovqklijfpnfl.supabase.co/storage/v1/object/public/owners_data_third/01a06761-4595-7002-98d5-3becd426b180-1788440936347-dfcb638a-b7ce-4b5f-a72f-2b8dc0eae0d0-stereo.wav,46399,01a06761-4595-7002-98d5-3becd426b180
Hot Seller / Landlord,SAMEER MUSA,+971554705341,Jewelz Residence,-,Arjan,Apartment,-,2026-09-03 12:47:18.067+00,55,Awaiting availability – anyone who says yes to rent or sell according to the complete flow,"Maybe open to sell or rent, unsure, will call back","Maya from AS Properties called Samir regarding his unit at Jules Residence in Arjun, inquiring if he was open to selling or renting the property. Samir confirmed ownership of the unit and expressed potential interest, stating ""Maybe. It depends,"" before the call abruptly ended.",https://qgxgtavkovqklijfpnfl.supabase.co/storage/v1/object/public/owners_data_third/01a0674f-0c23-7aac-bd91-d1d3b651a839-1788439695522-1b2a38a0-e53c-409c-be1a-6e098dd3e846-stereo.wav,45239,01a0674f-0c23-7aac-bd91-d1d3b651a839
Hot Seller / Landlord,IRIELA KASEMI,+971526414096,PRINCESS TOWER,6710,Dubai Marina,Flat,-,2026-09-03 12:44:46.883+00,106,Awaiting availability – anyone who says yes to rent or sell according to the complete flow,"Wants to rent out 1BR in Princess Tower, requested WhatsApp follow-up","AS Properties called Vicky regarding their 1-bedroom apartment in Princess Tower, Dubai Marina, which Vicky confirmed they are interested in renting out. To facilitate a more efficient discussion given Vicky's busy schedule, they agreed that a senior consultant would contact Vicky via WhatsApp to gather further details.",https://qgxgtavkovqklijfpnfl.supabase.co/storage/v1/object/public/owners_data_second/01a0674c-9883-7aa6-9475-88be0aecdeb6-1788439595757-8234a53f-7ec2-4155-b438-a649f83ce78c-stereo.wav,31671,01a0674c-9883-7aa6-9475-88be0aecdeb6
Hot Seller / Landlord,SRAVAN KUMAR KOLLA PARDHA SARADHI KOLLA,+971507225830,DAMAC HILLS - GOLF GREENS 1,-,DAMAC HILLS,Villa,-,2026-09-03 12:33:55.862+00,86,Awaiting availability – anyone who says yes to rent or sell according to the complete flow,"Asked about sale market, shared it's owner, hesitant to continue","Maya from AES property called Strauban to inquire if they were interested in selling or renting their 2-bedroom unit at Damak Hills Golf Greens 1. Strauban asked about the current market price for sale, and Maya provided a range of 1.2 to 1.4 million dirhams for a 2-bed villa. The call ended abruptly when Strauban expressed disinterest, stating Maya didn't know the ""cash price.""",https://qgxgtavkovqklijfpnfl.supabase.co/storage/v1/object/public/owners_data_third/01a06742-c1a1-7777-bbbc-5fc651600312-1788438924312-8c1bc273-6ac3-437a-a26a-d3a502c4c049-stereo.wav,46049,01a06742-c1a1-7777-bbbc-5fc651600312
Hot Seller / Landlord,BERNARD KOPPES,+971561161690,23 Marina,4701,Dubai Marina,Apartments,-,2026-09-03 12:27:00.829+00,49,Awaiting availability – anyone who says yes to rent or sell according to the complete flow,"Wants to sell if buyer available, requested to call when buyer exists","Maya from Ace Properties called Bernard about his unit at 23 Marina in Dubai Marina to ascertain if he was interested in selling or renting it. Bernard inquired if she had a buyer, and upon learning she did not, he ended the call, stating he would only speak with her when a buyer was secured.",https://qgxgtavkovqklijfpnfl.supabase.co/storage/v1/object/public/owners_data_second/01a0673c-7aee-7115-b5b3-bdbb6369ad08-1788438472357-acfc8739-5913-4fe1-a665-f36827054584-stereo.wav,36922,01a0673c-7aee-7115-b5b3-bdbb6369ad08
Hot Seller / Landlord,HERMANN BOUNOU MOMO,+237699099991,Ciel Tower,7115 (Q 2),Dubai Marina,Hotel Apartments,-,2026-09-03 12:06:16.002+00,200,Awaiting availability – anyone who says yes to rent or sell according to the complete flow,"Wants to sell, discussed price, prefers WhatsApp for details","Maya from AS Properties called Herman about his unit at Seal Tower to inquire if he was interested in selling. Herman confirmed he wanted to sell, not rent, and after being given a market range of 800k-1.2M AED, he indicated his asking price was 1.25M AED. The call ended with Herman repeatedly requesting to switch to WhatsApp before confirming the number of bedrooms in the unit.",https://qgxgtavkovqklijfpnfl.supabase.co/storage/v1/object/public/owners_data_second/01a06729-6c36-7665-93aa-7467db72aaec-1788437378654-23aff612-2548-47b8-af23-517c9f7ad2df-stereo.wav,36631,01a06729-6c36-7665-93aa-7467db72aaec
Hot Seller / Landlord,AMR ADEL METWALLY MOBARAK,+971507173794,DAMAC HILLS - GOLF GREENS 2,-,DAMAC HILLS,Villa,-,2026-09-03 12:01:29.145+00,181,Awaiting availability – anyone who says yes to rent or sell according to the complete flow,"Open to sell or rent unit next year, discuss next week","Maya from AS Properties called AMR regarding their unit at Mark Hills Golf Greens 2, inquiring if they were open to selling or renting. AMR confirmed they are open to both options if a good offer is presented, but the unit will not be ready until next March and they cannot provide a price yet. They agreed to schedule a call with a senior consultant next week to discuss potential options.",https://qgxgtavkovqklijfpnfl.supabase.co/storage/v1/object/public/owners_data_third/01a06725-1a0d-7115-b4b2-775ecbb65c61-1788437072532-3c039d59-91d6-4527-a914-343fb891d7dd-stereo.wav,46336,01a06725-1a0d-7115-b4b2-775ecbb65c61
Hot Seller / Landlord,AKHTAR ZAMAN MUHAMMAD ZAMAN,+971555331247,SAMANA SKYROS,-,Arjan,Apartment,-,2026-09-03 11:40:07.546+00,62,Awaiting availability – anyone who says yes to rent or sell according to the complete flow,"Wants to rent out when ready, meeting now, unit delayed","Maya from Properties called Octa regarding their unit at Samanas Kiros in Arjun to inquire about selling or renting. Octa stated they plan to rent the unit once it's ready, but the call was cut short as they were in a meeting.",https://qgxgtavkovqklijfpnfl.supabase.co/storage/v1/object/public/owners_data_third/01a06710-db76-7115-b43e-6efb99e5a73e-1788435671997-5aa327a4-81a0-4b52-b99d-a5cf97700ea5-stereo.wav,45173,01a06710-db76-7115-b43e-6efb99e5a73e
Hot Seller / Landlord,SHADAB AHMED MOHAMMED IFTAKHAR AHMED,+971522123949,The Central Downtown-A,-,Arjan,Apartment,-,2026-09-03 11:37:45.519+00,162,Awaiting availability – anyone who says yes to rent or sell according to the complete flow,"Owner will sell after completion, target price 1.3–1.35M AED",,https://qgxgtavkovqklijfpnfl.supabase.co/storage/v1/object/public/call_recordings_16july/01a0670f-58a3-7aa6-92bb-a3ef659ffc53-1788435629701-fbb2343a-ce5a-423c-83fa-340af251a26c-stereo.wav,45164,01a0670f-58a3-7aa6-92bb-a3ef659ffc53
Hot Seller / Landlord,ARCHIS GIRISH SULE,+971569815109,DAMAC HILLS - GOLF GREENS 2,-,DAMAC HILLS,Villa,-,2026-09-03 11:37:07.332+00,0,Awaiting availability – anyone who says yes to rent or sell according to the complete flow,"positive - Wants to sell 1 bed at Damak Hills, expects 1.5M, ready by April",,https://qgxgtavkovqklijfpnfl.supabase.co/storage/v1/object/public/owners_data_second/01a09f85-5132-7000-8294-0f3300e8dfd4-1789382919056-17d415a2-305f-4605-a4b5-fe5444c7b33a-stereo.wav,46442,01a06785-faea-766c-bc0c-4002fa8d549f
Hot Seller / Landlord,MUHAMMAD ZUBAIR,+971527776699,DAMAC HILLS - PICCADILLY GREEN,-,DAMAC HILLS,Villa,-,2026-09-03 11:35:14.79+00,0,Awaiting availability – anyone who says yes to rent or sell according to the complete flow,"Wants to rent out unit, requested follow-up on WhatsApp, currently outside UAE",,https://qgxgtavkovqklijfpnfl.supabase.co/storage/v1/object/public/call_recordings_16july/01a06b24-0b54-7003-af3e-cce268b175c1-1788504008959-591883a1-db38-425c-a20d-eb7069552c6a-stereo.wav,46113,
Hot Seller / Landlord,KIRAN NADEEM KHAWAJA KHAWAJA NADEEM ASLAM,+971504661153,DAMAC HILLS - GOLF GREENS 2,-,DAMAC HILLS,Villa,-,2026-09-03 11:34:56.323+00,0,Awaiting availability – anyone who says yes to rent or sell according to the complete flow,"positive - Wants to sell 2BR Golf Greens 2, paid 70%, asks 1.998M, prefers WhatsApp",,https://qgxgtavkovqklijfpnfl.supabase.co/storage/v1/object/public/owners_data_second/01a0b8a6-2767-711d-a4d6-252b967ac636-1789804413357-889cb8f9-dd75-4ba1-a36d-c1896383ab13-stereo.wav,46102,019f84eb-a273-7cc2-9b07-dcb91bc902ed
Hot Seller / Landlord,KIRAN NADEEM KHAWAJA KHAWAJA NADEEM ASLAM,+971504661153,DAMAC HILLS - GOLF GREENS 2,-,DAMAC HILLS,Villa,-,2026-09-03 11:34:56.323+00,0,Awaiting availability – anyone who says yes to rent or sell according to the complete flow,"positive - Wants to sell 2BR Golf Greens 2, paid 70%, asks 1.998M, prefers WhatsApp",,https://qgxgtavkovqklijfpnfl.supabase.co/storage/v1/object/public/owners_data_second/01a0b8a6-2767-711d-a4d6-252b967ac636-1789804413357-889cb8f9-dd75-4ba1-a36d-c1896383ab13-stereo.wav,46102,01a06775-df6b-7555-beee-f97db283c3dd
Hot Seller / Landlord,ANURAG SINGH ASWAL,+971565243560,DAMAC HILLS - GOLF GREENS 2,-,DAMAC HILLS,Villa,-,2026-09-03 11:34:56.323+00,0,Awaiting availability – anyone who says yes to rent or sell according to the complete flow,"hesitant - Unit not handed over, open to sell if buyer exists",,https://qgxgtavkovqklijfpnfl.supabase.co/storage/v1/object/public/owners_data_second/01a0b899-5642-7ff5-bf89-40c82f6d5ace-1789803548246-c25417ec-7f12-4a5d-8251-b433411e9a1c-stereo.wav,46070,01a0676d-0e21-7336-9b3e-2fbd0d1c7922
Hot Seller / Landlord,KIRAN NADEEM KHAWAJA KHAWAJA NADEEM ASLAM,+971504661153,DAMAC HILLS - GOLF GREENS 2,-,DAMAC HILLS,Villa,-,2026-09-03 11:34:56.323+00,0,Awaiting availability – anyone who says yes to rent or sell according to the complete flow,"positive - Wants to sell 2BR Golf Greens 2, paid 70%, asks 1.998M, prefers WhatsApp",,https://qgxgtavkovqklijfpnfl.supabase.co/storage/v1/object/public/owners_data_second/01a0b8a6-2767-711d-a4d6-252b967ac636-1789804413357-889cb8f9-dd75-4ba1-a36d-c1896383ab13-stereo.wav,46102,019e3f89-3f50-744f-ab0f-41b55a97b6de
Hot Seller / Landlord,KIRAN NADEEM KHAWAJA KHAWAJA NADEEM ASLAM,+971504661153,DAMAC HILLS - GOLF GREENS 2,-,DAMAC HILLS,Villa,-,2026-09-03 11:34:56.323+00,0,Awaiting availability – anyone who says yes to rent or sell according to the complete flow,"positive - Wants to sell 2BR Golf Greens 2, paid 70%, asks 1.998M, prefers WhatsApp",,https://qgxgtavkovqklijfpnfl.supabase.co/storage/v1/object/public/owners_data_second/01a0b8a6-2767-711d-a4d6-252b967ac636-1789804413357-889cb8f9-dd75-4ba1-a36d-c1896383ab13-stereo.wav,46102,01a09599-2fee-7dd5-a621-115548db4ab3
Hot Seller / Landlord,ASADULLA KHAN KHAN,+971524981617,DAMAC HILLS - CARSON,-,DAMAC HILLS,Villa,-,2026-09-03 11:34:56.323+00,0,Awaiting availability – anyone who says yes to rent or sell according to the complete flow,"positive - Wants to sell 1BR Marina apartment, 821 sqft, asking 3.1M, callback agreed",,https://qgxgtavkovqklijfpnfl.supabase.co/storage/v1/object/public/owners_data_second/01a09595-847e-7000-87e4-15a0e8c5d7de-1789216216735-3be047a8-52b0-43c9-87cc-55820cc7fa34-stereo.wav,46089,01a06773-a8bd-7555-bee8-45018711f268
Hot Seller / Landlord,ANURAG SINGH ASWAL,+971565243560,DAMAC HILLS - GOLF GREENS 2,-,DAMAC HILLS,Villa,-,2026-09-03 11:34:56.323+00,0,Awaiting availability – anyone who says yes to rent or sell according to the complete flow,"hesitant - Unit not handed over, open to sell if buyer exists",,https://qgxgtavkovqklijfpnfl.supabase.co/storage/v1/object/public/owners_data_second/01a0b899-5642-7ff5-bf89-40c82f6d5ace-1789803548246-c25417ec-7f12-4a5d-8251-b433411e9a1c-stereo.wav,46070,01a09588-cc31-7000-8ca8-9e3718676922
Hot Seller / Landlord,ALI PERVAIZ IQBAL,+971581121182,GREEN DIAMOND 1 B,-,Arjan,Apartment,-,2026-09-03 11:34:17.23+00,0,Awaiting availability – anyone who says yes to rent or sell according to the complete flow,"positive - Studio for rent from Oct 1, requested WhatsApp details",,https://qgxgtavkovqklijfpnfl.supabase.co/storage/v1/object/public/owners_data_second/01a0c31c-cc04-7aa6-9f7f-a72b6b0ca129-1789979962629-b9c1968e-fd3a-48cf-8a30-eebb59301f5a-stereo.wav,45463,01a0a37d-5d35-7770-b7a8-9c44529950e3
Hot Seller / Landlord,ALI PERVAIZ IQBAL,+971581121182,GREEN DIAMOND 1 B,-,Arjan,Apartment,-,2026-09-03 11:34:17.23+00,0,Awaiting availability – anyone who says yes to rent or sell according to the complete flow,"positive - Studio for rent from Oct 1, requested WhatsApp details",,https://qgxgtavkovqklijfpnfl.supabase.co/storage/v1/object/public/owners_data_second/01a0c31c-cc04-7aa6-9f7f-a72b6b0ca129-1789979962629-b9c1968e-fd3a-48cf-8a30-eebb59301f5a-stereo.wav,45463,01a06b0d-da72-7557-a2bb-3ad1f402916b
Hot Seller / Landlord,SHATHA AZAT SHAFEEQ HAWARNA,+971503799996,ORION BUILDING,-,0,Apartment,-,2026-09-03 11:33:39.385+00,0,Awaiting availability – anyone who says yes to rent or sell according to the complete flow,"positive - Wants to sell or rent 1BR at Orion, asking 930k sale or 62k rent",,https://qgxgtavkovqklijfpnfl.supabase.co/storage/v1/object/public/owners_data_second/01a0c91e-e310-711b-8ecd-fc66c1af4124-1790080819386-1d6534dd-bd34-4df6-8490-03ce1494864a-stereo.wav,45397,01a06c4e-fd47-7cc9-b9a5-7ed69227a520
Hot Seller / Landlord,SHATHA AZAT SHAFEEQ HAWARNA,+971503799996,ORION BUILDING,-,0,Apartment,-,2026-09-03 11:33:39.385+00,0,Awaiting availability – anyone who says yes to rent or sell according to the complete flow,"positive - Wants to sell or rent 1BR at Orion, asking 930k sale or 62k rent",,https://qgxgtavkovqklijfpnfl.supabase.co/storage/v1/object/public/owners_data_second/01a0c91e-e310-711b-8ecd-fc66c1af4124-1790080819386-1d6534dd-bd34-4df6-8490-03ce1494864a-stereo.wav,45397,01a0a946-9ae4-7557-a361-15ed27425455
Hot Seller / Landlord,ABDULLAH M ALI ALHAMMAD,+971529177757,Jewelz Residence,-,Arjan,Apartment,-,2026-09-03 11:33:20.251+00,0,Awaiting availability – anyone who says yes to rent or sell according to the complete flow,"Asked to send details, open to more info on unit",,https://qgxgtavkovqklijfpnfl.supabase.co/storage/v1/object/public/owners_data_third/01a06b08-70a5-7000-8294-d3710b10f9b1-1788502183088-e3d91067-212f-405a-a58c-83a6f4d98f32-stereo.wav,45333,01a0c7be-ec6b-7000-a06a-94b816149486
Hot Seller / Landlord,SARAVANAN SELVARAJ SELVARAJ,+971529834819,Vincitore DolceVita Residence,-,Arjan,Apartment,-,2026-09-03 11:32:42.065+00,0,Awaiting availability – anyone who says yes to rent or sell according to the complete flow,curious - Willing to sell 1BR off-plan in Arjun if the price is right,,https://qgxgtavkovqklijfpnfl.supabase.co/storage/v1/object/public/owners_data_second/01a0a519-146c-7000-8654-81b312b326f8-1789476497416-9b070a4a-f469-4857-a2d2-1411768c70ec-stereo.wav,45228,01a0674d-30a5-7cc2-a0b3-fdcafb0871f2
Hot Seller / Landlord,NEGM SAID MOHAMED SAID,+971552357799,FLOAREA RESIDENCE,-,Arjan,Apartment,-,2026-09-03 11:32:23.445+00,0,Awaiting availability – anyone who says yes to rent or sell according to the complete flow,"positive - Wants to rent out 2-bedroom at Floria Residence for 145,000 AED",,https://qgxgtavkovqklijfpnfl.supabase.co/storage/v1/object/public/owners_data_second/01a0a474-30d1-7447-a40d-1c701dc334d2-1789465619412-e8e031b0-cc73-49a4-9859-a16c07500e0c-stereo.wav,45175,01a06711-3152-7aa6-92c4-f4b4d1a9e7f5
Hot Seller / Landlord,MAHREEN ASAD KHAN,+971568835705,MAG 214,1108,Jumeirah Lake Towers (JLT),Apartment,-,2026-09-03 11:31:00.639+00,61,Awaiting availability – anyone who says yes to rent or sell according to the complete flow,"Asked about selling offer, open if good offer found","Maya from AS Properties called Maureen to inquire if she was open to selling or renting her unit at Mach 2 14 in Jumeirah Lake Towers. Maureen, after asking about potential offers, instructed Maya to find the unit's information online and only reach out with a good offer, effectively ending the call due to lack of interest.",https://qgxgtavkovqklijfpnfl.supabase.co/storage/v1/object/public/owners_data_second/01a06708-d928-7aa6-927d-b6971962f7f1-1788435124117-871dfe36-8a41-41a6-a206-de69a35abdd8-stereo.wav,24698,01a06708-d928-7aa6-927d-b6971962f7f1
Hot Seller / Landlord,MOHAMED ABDELRAHMAN MOHAMED SALEM,+97455501087,Marina Pinnacle,-,Dubai Marina,Apartments,-,2026-09-03 07:52:12.6+00,159,Awaiting availability – anyone who says yes to rent or sell according to the complete flow,"Wants to rent out 7 units, asked about tower situation","Maya from AS Properties called Mohim regarding his seven units (3-bedroom and 1-bedroom) at Marina Pinnacle, inquiring if he was interested in selling or renting. Mohim confirmed he only wants to rent them out, mentioning a past fire in the tower and his current lack of market knowledge as he resides in Qatar. The call ended with Mohim needing to consult his assistant for rental pricing.",https://qgxgtavkovqklijfpnfl.supabase.co/storage/v1/object/public/owners_data_second/01a06640-b17e-7004-b012-69c4f3008012-1788422094362-b13359c7-88c9-4d69-ac22-8f6b58d73d76-stereo.wav,37472,01a06640-b17e-7004-b012-69c4f3008012
Hot Seller / Landlord,MHROUS SABIT,+971564183690,SOUTH BAY 6,102,Dubai South,Townhouse,-,2026-09-03 07:15:54.001+00,20,Awaiting availability – anyone who says yes to rent or sell according to the complete flow,"Shared sale price 7M, unit 102, 5 bedrooms at South Bay 6","Maya from AS Properties called Maros to inquire if they were open to selling their unit at Aura. Maros explicitly declined the offer, and the call concluded shortly thereafter.",https://qgxgtavkovqklijfpnfl.supabase.co/storage/v1/object/public/owners_data_third/01a0661f-a39d-7777-b3ac-9c977f236573-1788419776373-6a81ec6a-af7f-4f54-9e74-1b1840d1ee5f-stereo.wav,30879,01a0661f-a39d-7777-b3ac-9c977f236573
Hot Seller / Landlord,CHHAGAN KUMAR MANILAL PETHANI,+971505587411,Aura,TAG-AUR-1-065,TILAL AL GHAF,Villa,-,2026-09-03 06:45:14.477+00,20,Awaiting availability – anyone who says yes to rent or sell according to the complete flow,"Confirmed property sold years ago, declined further discussion",,https://qgxgtavkovqklijfpnfl.supabase.co/storage/v1/object/public/call_recordings_16july/01a06603-9cb8-7004-aeb1-1a50e7c5642d-1788417936647-70d1617b-77eb-4b7a-a1d6-2ac0cd97a308-stereo.wav,5673,01a06603-9cb8-7004-aeb1-1a50e7c5642d
Hot Seller / Landlord,YAZAN NAZIH IBRAHIM KARADSHEH,+971506556173,Aura,TAG-AUR-1-059,TILAL AL GHAF,Villa,-,2026-09-03 06:00:48.103+00,6,Awaiting availability,Confirmed property already sold,"The call began with an AI attempting to confirm the recipient's identity by asking ""Am I speaking with Yasen?"". The call ended abruptly, initiated by the customer, before any further conversation could take place.",https://qgxgtavkovqklijfpnfl.supabase.co/storage/v1/object/public/owners_data_third/01a065da-b57b-7ee1-8b49-04eaab5fbf5f-1788415256566-c7c6c8cc-64f3-4ff4-afbf-059390490467-stereo.wav,7753,01a065da-b57b-7ee1-8b49-04eaab5fbf5f
Hot Seller / Landlord,KIRAN MAYI KALLURI,+971557658829,Aura,TAG-AUR-3-B110,TILAL AL GHAF,Villa,-,2026-09-03 05:53:20.638+00,44,Awaiting availability,Has property but waiting for market stability before selling,"Maya from AS Properties called Kiran regarding their property at Aura in Thala Algarve, inquiring if they were open to selling or renting. Kiran informed Maya that the property had been sold three years prior and their system was outdated. Maya then asked for the exact date of the sale before the call ended.",https://qgxgtavkovqklijfpnfl.supabase.co/storage/v1/object/public/owners_data_third/01a065d4-11d1-7000-870e-12ede2d797b1-1788414846812-a5bb3407-5ebe-4682-9903-a0a31c085ce4-stereo.wav,8342,01a065d4-11d1-7000-870e-12ede2d797b1
Hot Seller / Landlord,FOWZIA KHATRI,+971523216254,Aura,TAG-AUR-3-A149,TILAL AL GHAF,Villa,-,2026-09-03 05:45:46.466+00,9,Awaiting availability,"Customer stayed on line, engaged with rent/sell questions",,https://qgxgtavkovqklijfpnfl.supabase.co/storage/v1/object/public/call_recordings_16july/01a065cd-33c1-7000-86ec-cf009268a98a-1788414358287-de3bb117-aa7d-431a-b2c0-f47b7c2a648d-stereo.wav,8023,01a065cd-33c1-7000-86ec-cf009268a98a
Hot Seller / Landlord,TALAL SAID ABDULLA NASER AL JUNAIBI,+971501475377,DUBAI GATE ONE,702,Jumeirah Lake Towers (JLT),Apartment,-,2026-09-02 13:38:28.749+00,67,Awaiting availability – anyone who says yes to rent or sell according to the complete flow,"Wants to sell unit, provided confirmation and showed interest",Maya from AS Properties called Talal about his unit at Dubai Gate 1 in JLT to inquire if he was interested in selling or renting it. Talal clarified that the unit is currently rented but he is looking to sell it. Maya then proceeded to ask about his price expectations for the unit.,https://qgxgtavkovqklijfpnfl.supabase.co/storage/v1/object/public/owners_data_second/01a06256-d433-7660-94eb-4188c019d2f2-1788356377953-20284d57-628c-40a2-aa46-76bc6174f594-stereo.wav,25446,01a06256-d433-7660-94eb-4188c019d2f2
Hot Seller / Landlord,LOTFI BELKHIR,+97433889026,Ciel Tower,5215 (Q 2),Dubai Marina,Hotel Apartments,-,2026-09-02 13:30:57.267+00,151,Awaiting availability – anyone who says yes to rent or sell according to the complete flow,"Open to sell or rent after unit completed, requested callback","Maya from AS Properties called Lotfi regarding his property in Dubai, but Lotfi was initially unsure which unit she was referring to. Lotfi clarified he has an unfinished unit with ZZ Venice that he's open to selling or renting once complete. They scheduled a callback for a senior consultant tomorrow, Thursday, after 4:30 PM Qatar time, as Lotfi was in a meeting.",https://qgxgtavkovqklijfpnfl.supabase.co/storage/v1/object/public/owners_data_second/01a06250-7bc9-7446-9b4e-c362617326f8-1788356010460-8815f487-0ea6-45ec-837a-3b2d8830eef3-stereo.wav,37124,01a06250-7bc9-7446-9b4e-c362617326f8
Hot Seller / Landlord,AAINA SETHI,+447805152421,Aeternitas Tower,-,Dubai Marina,Apartments,-,2026-09-02 13:26:42.262+00,200,Awaiting availability – anyone who says yes to rent or sell according to the complete flow,"Wants to sell or rent, asked about rental income and gave sale price","Maya from ASP Properties called Ina regarding her 2-bedroom, off-plan unit at Eternatus Tower, which is on the 76th floor with Marina views and will be ready next spring. Ina is open to both selling and renting, suggesting a rental range of 180k-240k AED annually and a sale price of 4.1-4.2 million AED. The call concluded with Maya stating a senior consultant would explore both options further.",https://qgxgtavkovqklijfpnfl.supabase.co/storage/v1/object/public/owners_data_second/01a0624c-cf26-7000-8d0d-17c4062ab860-1788355804960-9ae3ae96-2e86-4577-8ce4-d87b6aa51d15-stereo.wav,37166,01a0624c-cf26-7000-8d0d-17c4062ab860
Hot Seller / Landlord,SAHIL WADHWA,+971551446769,Aura,TAG-AUR-3-A312,TILAL AL GHAF,Villa,-,2026-09-02 13:14:59.506+00,16,Awaiting availability,Asked about selling or renting unit at Aura in Dalal Algarve,Maya from AS Properties called Sahil to inquire about his unit at Aura in Tel Alguaf. She asked if he was interested in selling or renting the property. The call ended shortly after this initial question.,https://qgxgtavkovqklijfpnfl.supabase.co/storage/v1/object/public/owners_data_third/01a06242-0517-7000-90e8-86fb5d05eb23-1788354918233-e093580d-6d74-4541-a058-94b909f7132e-stereo.wav,5654,01a06242-0517-7000-90e8-86fb5d05eb23
Hot Seller / Landlord,SAHIL WADHWA,+971551446769,Aura,TAG-AUR-3-A312,TILAL AL GHAF,Building,-,2026-09-02 13:14:59.506+00,16,Awaiting availability,Asked about selling or renting unit at Aura in Dalal Algarve,Maya from AS Properties called Sahil to inquire about his unit at Aura in Tel Alguaf. She asked if he was interested in selling or renting the property. The call ended shortly after this initial question.,https://qgxgtavkovqklijfpnfl.supabase.co/storage/v1/object/public/owners_data_third/01a06242-0517-7000-90e8-86fb5d05eb23-1788354918233-e093580d-6d74-4541-a058-94b909f7132e-stereo.wav,4438,01a06242-0517-7000-90e8-86fb5d05eb23
Hot Seller / Landlord,RITU ATUL SHAH ATUL POPATLAL SHAH,+971585493433,Aura,TAG-AUR-3-B013,TILAL AL GHAF,Villa,-,2026-09-02 13:13:17.629+00,15,Awaiting availability,"Not open to rent, only selling with warranty",,https://qgxgtavkovqklijfpnfl.supabase.co/storage/v1/object/public/call_recordings_16july/01a0623f-d27a-799f-bd19-0ebb4eb22691-1788354815740-9a53339b-2cd8-499e-89c5-20a0cf8507a1-stereo.wav,8207,01a0623f-d27a-799f-bd19-0ebb4eb22691
Hot Seller / Landlord,REKHA MANDHAN NARESH KUMAR MANDHAN,+971551257541,Aura,TAG-AUR-3-B094,TILAL AL GHAF,Villa,-,2026-09-02 12:33:02.383+00,10,Awaiting availability,Confirmed interest in selling villa at Aura,"The call began with an AI attempting to confirm if they were speaking with Rekha. The conversation was very brief, as the customer ended the call shortly after the AI's initial greeting.",https://qgxgtavkovqklijfpnfl.supabase.co/storage/v1/object/public/owners_data_third/01a0621b-6e38-7000-8d83-96c184493ab2-1788352395452-819819ba-b679-4c38-8df5-10d9df2fb194-stereo.wav,7540,01a0621b-6e38-7000-8d83-96c184493ab2
Buyer Lead,AMMAR MOHAMMED HAIDAR SHEHADEH,+971529541466,Aura,-,TILAL AL GHAF,Villa,-,2026-09-02 11:36:02.905+00,0,Create buyers lead – Anyone who wants to buy put in this,"Sold unit 2 years ago, already invested elsewhere, no further interest",,https://qgxgtavkovqklijfpnfl.supabase.co/storage/v1/object/public/owners_data_second/01a07102-30a8-7777-b71f-eb9b5d56700d-1788602457150-ccca92c9-7c0a-4887-b60a-64080fde9891-stereo.wav,44363,01a06264-537c-7441-9d68-b78e2b925e53
Hot Seller / Landlord,HAMZA AFEEF MOHD HASAN TAHA,+971509890896,Aura,-,TILAL AL GHAF,Villa,-,2026-09-02 11:35:25.401+00,0,Awaiting availability – anyone who says yes to rent or sell according to the complete flow,"Wants to sell, stated asking price and bedrooms, not listing now",,https://qgxgtavkovqklijfpnfl.supabase.co/storage/v1/object/public/call_recordings_16july/01a0620a-123d-7660-91af-686341655032-1788351313343-369eb076-4934-4598-a785-5a09b85d7771-stereo.wav,44238,
Hot Seller / Landlord,SAIFUDDIN FEROZ WAGH,+971504593929,Aura,-,TILAL AL GHAF,Villa,-,2026-09-02 11:33:15.504+00,0,Awaiting availability – anyone who says yes to rent or sell according to the complete flow,"Wants to sell, gave price, expressed frustration about details",,https://qgxgtavkovqklijfpnfl.supabase.co/storage/v1/object/public/owners_data_third/01a0662c-6dae-7aac-b6b1-0662094847dc-1788420657898-587f02d9-d730-4f9c-8107-c3360e0af732-stereo.wav,43911,
Hot Seller / Landlord,MOHAMMAD FAROOQ IQBAL,+971553264009,Aura,-,TILAL AL GHAF,Villa,-,2026-09-02 11:32:01.15+00,0,Awaiting availability – anyone who says yes to rent or sell according to the complete flow,"Asked valuation for selling 4-bed, rejected price, ended call politely",,https://qgxgtavkovqklijfpnfl.supabase.co/storage/v1/object/public/owners_data_third/01a0626d-2545-7660-95ed-648f485d707d-1788357808709-b44d7373-e920-4526-9445-1e617d7b6ba3-stereo.wav,43726,
Hot Seller / Landlord,SANJAY CHATURVEDI SUBHASH CHATURVEDI,+971507453259,ELITE RESIDENCE,7103,Dubai Marina,Unit,-,2026-09-02 11:05:46.722+00,29,Awaiting availability – anyone who says yes to rent or sell according to the complete flow,Asked for price on Elite Residence unit,"Maya from AS Properties called Sanjay regarding his unit at Elite Residence in By Marina, inquiring if he was interested in selling or renting. Sanjay responded by asking about the price. The call ended abruptly as Maya was attempting to gather more information to provide a price range.",https://qgxgtavkovqklijfpnfl.supabase.co/storage/v1/object/public/owners_data_second/01a061cb-c1b8-7000-8cf1-4132b9888630-1788347178287-6830f1c5-e458-4779-a634-0a4981041f69-stereo.wav,33585,01a061cb-c1b8-7000-8cf1-4132b9888630
Hot Seller / Landlord,MUHAMMAD KASHIF HABIB ULLAH,+971505006698,Viewz 1 By Danube,3210,Jumeirah Lake Towers (JLT),Apartment,-,2026-09-02 10:27:32.24+00,200,Awaiting availability – anyone who says yes to rent or sell according to the complete flow,"Will consider selling or renting after handover, waiting for market value","Maya from Properties contacted Mohammed regarding his 1-bedroom unit at Views 1 by Danube to ascertain his interest in selling or renting. Mohammed stated the unit has not yet been handed over, and he will decide whether to sell or rent based on market conditions and a valuation once he takes possession, which he expects between the end of this year and early next year. They agreed that a senior consultant would contact him for a free evaluation once he has received the keys to the property.",https://qgxgtavkovqklijfpnfl.supabase.co/storage/v1/object/public/owners_data_second/01a061a8-b8f2-7446-94ef-1a6ad582ecd4-1788345054883-33b2249d-2ac5-4845-8602-a07cd4c58a95-stereo.wav,26051,01a061a8-b8f2-7446-94ef-1a6ad582ecd4
Hot Seller / Landlord,NURGUL AYTAR,+971565776561,Seven City JLT,C23 18,Jumeirah Lake Towers (JLT),Apartment,-,2026-09-02 09:45:32.679+00,68,Awaiting availability – anyone who says yes to rent or sell according to the complete flow,"Owner will rent after handover, unsure timeline or price","Maya from AS Properties called Nurgal to inquire about selling or renting their unit at 7 City JLT. Nurgal stated the unit is not yet handed over, with an estimated two-year completion, and expressed interest in renting it out once available. However, Nurgal could not provide details on handover or expected rental price and abruptly ended the call.",https://qgxgtavkovqklijfpnfl.supabase.co/storage/v1/object/public/owners_data_second/01a06182-4869-7889-92f0-260ed71b494c-1788342403240-b7ac4a3a-720b-495f-8b7c-d45ea9747fe4-stereo.wav,24089,01a06182-4869-7889-92f0-260ed71b494c
Hot Seller / Landlord,VAHID PATEL RAFIK SHAMSHUDDIN PATEL,+971585140288,PG ONE AT AL FURJAN,310,Al Furjan,Apartment,-,2026-09-02 06:31:28.387+00,74,Awaiting availability – anyone who says yes to rent or sell according to the complete flow,"Wants to sell, requested WhatsApp for details",Maya from ACE Properties contacted Fahid regarding his unit at PG 1 in Alforjan to inquire about selling or renting. Fahid confirmed he is looking to sell the property and requested that further details be exchanged via WhatsApp. The call ended with Maya asking for his WhatsApp number to proceed.,https://qgxgtavkovqklijfpnfl.supabase.co/storage/v1/object/public/owners_data_second/01a060d0-79d5-7000-8304-a71abe47fe51-1788330765053-efeb9e52-a4a8-432a-a1bb-1c65a8f9274d-stereo.wav,35422,01a060d0-79d5-7000-8304-a71abe47fe51
Hot Seller / Landlord,VAHID PATEL RAFIK SHAMSHUDDIN PATEL,+971585140288,PG ONE AT AL FURJAN,310,Al Furjan,Unit,-,2026-09-02 06:31:28.387+00,74,Awaiting availability – anyone who says yes to rent or sell according to the complete flow,"Wants to sell, requested WhatsApp for details",Maya from ACE Properties contacted Fahid regarding his unit at PG 1 in Alforjan to inquire about selling or renting. Fahid confirmed he is looking to sell the property and requested that further details be exchanged via WhatsApp. The call ended with Maya asking for his WhatsApp number to proceed.,https://qgxgtavkovqklijfpnfl.supabase.co/storage/v1/object/public/owners_data_second/01a060d0-79d5-7000-8304-a71abe47fe51-1788330765053-efeb9e52-a4a8-432a-a1bb-1c65a8f9274d-stereo.wav,13952,01a060d0-79d5-7000-8304-a71abe47fe51
Hot Seller / Landlord,ISA CHARCHAR,+971567454222,DUBAI GATE 2,3112,Jumeirah Lake Towers (JLT),Apartment,-,2026-09-02 05:45:21.323+00,82,Awaiting availability – anyone who says yes to rent or sell according to the complete flow,"Wants to sell, provided price, said unit is currently rented","Maya from Ace Ace Properties called a user about their 2-bedroom unit at Dubai Gate 2 in Jumeirah Lake Towers, which they are looking to sell for 1,400,000 AED. The user stated that the unit is currently rented, making viewings impossible, and expressed disinterest in further discussion or listings at this time.",https://qgxgtavkovqklijfpnfl.supabase.co/storage/v1/object/public/owners_data_second/01a060a6-45b3-7cc3-81f1-39638ba1d80c-1788328006001-38f42000-6e71-4d47-ab6d-b0f16e23242d-stereo.wav,23357,01a060a6-45b3-7cc3-81f1-39638ba1d80c
Hot Seller / Landlord,CHARBEL TANNOUS,+966570359959,Kempinski Marina Residences,2903,Dubai Marina,Apartments,-,2026-09-02 05:29:42.576+00,95,Awaiting availability – anyone who says yes to rent or sell according to the complete flow,"Wants to sell, shared asking price and bedroom count, requested callback","Maya from AS Properties contacted Sherbel regarding his off-plan, 1-bedroom unit at Kempinski Marina Residences, which he is looking to sell for 3 million dirhams. Although Sherbel is already working with another agent, he agreed to have a senior consultant from AS Properties call him next Monday to discuss the sale further.",https://qgxgtavkovqklijfpnfl.supabase.co/storage/v1/object/public/owners_data_second/01a06097-a014-7441-9123-a6664c97541e-1788327080574-bd11f2ed-70b5-4810-bcee-e44b25a047ae-stereo.wav,37051,01a06097-a014-7441-9123-a6664c97541e
Hot Seller / Landlord,KOMAL DOSHI,+971502050531,Harmony,#N/A,TILAL AL GHAF,Land,-,2026-09-01 13:45:25.852+00,23,Awaiting availability,"Customer interested in selling or renting property, details pending","The call began with an AI attempting to connect with ""Nagar."" The call subsequently ended due to a silence timeout, indicating no response was received.",https://qgxgtavkovqklijfpnfl.supabase.co/storage/v1/object/public/owners_data_second/01a05d37-1a70-7000-9ec4-fae9e7328022-1788270351807-5c2fd1dd-60cf-4770-92b9-b533b14366ff-stereo.wav,7016,01a05d37-1a70-7000-9ec4-fae9e7328022
Hot Seller / Landlord,KOMAL DOSHI,+971502050531,Harmony,#N/A,TILAL AL GHAF,null,-,2026-09-01 13:45:25.852+00,23,Awaiting availability,"Customer interested in selling or renting property, details pending","The call began with an AI attempting to connect with ""Nagar."" The call subsequently ended due to a silence timeout, indicating no response was received.",https://qgxgtavkovqklijfpnfl.supabase.co/storage/v1/object/public/owners_data_second/01a05d37-1a70-7000-9ec4-fae9e7328022-1788270351807-5c2fd1dd-60cf-4770-92b9-b533b14366ff-stereo.wav,5834,01a05d37-1a70-7000-9ec4-fae9e7328022
Hot Seller / Landlord,MAURO DELFINI,+971562565319,DUBAI ARCH TOWER,3803,Jumeirah Lake Towers (JLT),Apartment,-,2026-09-01 11:13:18.604+00,65,Awaiting availability – anyone who says yes to rent or sell according to the complete flow,"Wants to sell, already listed, requests call back after 1 month","AS Properties called Mauro to inquire about selling or renting his unit in Dubai Arch Tower. Mauro informed them that the property is already listed with another agent and declined their offer to widen his reach, asking them to call back in one month. The caller agreed to follow up in a month.",https://qgxgtavkovqklijfpnfl.supabase.co/storage/v1/object/public/owners_data_second/01a05cac-4af2-7000-acc0-d6824c7c59d6-1788261266159-a7356c05-5040-4218-af50-b88c3030c817-stereo.wav,24853,01a05cac-4af2-7000-acc0-d6824c7c59d6
Hot Seller / Landlord,MOHAMMAD BASHIR SAFDARI,+971552011088,Diamondz by Danube,4120,Jumeirah Lake Towers (JLT),Apartment,-,2026-09-01 11:13:12.29+00,41,Awaiting availability – anyone who says yes to rent or sell according to the complete flow,"Unit under construction, not ready to sell yet",Maya from AS Properties called Mohammad regarding his unit at Diamonds by Daniel in Jumeirah Lake Towers to inquire if he was interested in selling or renting it. Mohammad informed her that the unit is not yet ready as it is still under construction. Maya acknowledged this and offered their services once the unit is completed.,https://qgxgtavkovqklijfpnfl.supabase.co/storage/v1/object/public/owners_data_second/01a05cac-3395-7443-b0fc-f8e8bd508343-1788261235569-b8043f50-7d9b-453e-a930-1c43cf8fa2ef-stereo.wav,24864,01a05cac-3395-7443-b0fc-f8e8bd508343
Hot Seller / Landlord,JAMAL MOHAMMED EID KASSOUMA,+971562787207,PEARLZ by Danube,627,Al Furjan,Flat,-,2026-09-01 09:06:01.653+00,20,Awaiting availability – anyone who says yes to rent or sell according to the complete flow,Maybe interested in selling property,Maya from AS Properties contacted Jamal regarding his unit at Pulse by Danube in Al Furgin. She inquired if he was open to selling or renting the property. Jamal indicated that he might be interested in selling his unit.,https://qgxgtavkovqklijfpnfl.supabase.co/storage/v1/object/public/owners_data_second/01a05c37-bb91-7000-87fd-5dd84b0e4034-1788253583813-d87b9445-4def-4cf6-8b82-5c2eb5407479-stereo.wav,11597,01a05c37-bb91-7000-87fd-5dd84b0e4034
Hot Seller / Landlord,ARIF MAHMOOD KHAN FARID KHAN,+971521139995,AVENUE RESIDENCE 4,307,Al Furjan,Unit,-,2026-09-01 08:45:09.593+00,53,Awaiting availability,"Wants to sell two-bedroom unit, requested WhatsApp credentials","Maya from AS Prop contacted Arif regarding his unit at Avenue Residence 4 to inquire if he was interested in selling or renting the property. Arif confirmed he was looking to sell, and the call ended after Maya asked about his desired selling price.",https://qgxgtavkovqklijfpnfl.supabase.co/storage/v1/object/public/owners_data_second/01a05c24-a256-7000-9216-d2d7b1a59503-1788252364881-8fb19f3c-a37b-4962-bccd-3e3a7611a021-stereo.wav,12097,01a05c24-a256-7000-9216-d2d7b1a59503
Hot Seller / Landlord,ARIF MAHMOOD KHAN FARID KHAN,+971521139995,AVENUE RESIDENCE 4,307,Al Furjan,Apartment,-,2026-09-01 08:45:09.593+00,53,Awaiting availability,"Wants to sell two-bedroom unit, requested WhatsApp credentials","Maya from AS Prop contacted Arif regarding his unit at Avenue Residence 4 to inquire if he was interested in selling or renting the property. Arif confirmed he was looking to sell, and the call ended after Maya asked about his desired selling price.",https://qgxgtavkovqklijfpnfl.supabase.co/storage/v1/object/public/owners_data_second/01a05c24-a256-7000-9216-d2d7b1a59503-1788252364881-8fb19f3c-a37b-4962-bccd-3e3a7611a021-stereo.wav,35590,01a05c24-a256-7000-9216-d2d7b1a59503
Hot Seller / Landlord,AHMAD MAHMOUD KARAKY,+971564138652,The Residences,3802,Jumeirah Lake Towers (JLT),Apartment,-,2026-09-01 06:45:34.15+00,78,Awaiting availability – anyone who says yes to rent or sell according to the complete flow,"Wants to sell 3BR JLT unit for 15M, agreed follow-up","Maya from AS Properties called Ahmed regarding his 3-bedroom unit in Jumeirah Lake Towers, which he is interested in selling for 15,000,000 AED. The unit is not currently listed elsewhere. A senior consultant will call Ahmed tomorrow at 3 PM to discuss further.",https://qgxgtavkovqklijfpnfl.supabase.co/storage/v1/object/public/owners_data_second/01a05bb6-f183-7443-abe0-63a72d42c5ca-1788245214542-6411b246-3729-49d7-8d84-faa0d512501d-stereo.wav,27809,01a05bb6-f183-7443-abe0-63a72d42c5ca
Hot Seller / Landlord,ZIAD ISSAM TOUT,+966507736621,Kempinski Marina Residences,3307,Dubai Marina,Apartments,-,2026-08-31 11:12:40.9+00,117,Awaiting availability – anyone who says yes to rent or sell according to the complete flow,Owner intends to decide sell or rent closer to 2028 completion,"AS Properties contacted Ziad regarding his unit at Kempinski Marina Residences, which is currently only 5% complete and expected to finish by 2028. Ziad is undecided on whether to sell or rent the property upon completion, as it is too early to tell. They agreed that AS Properties would follow up with Ziad closer to the 2028 completion date to discuss his options.",https://qgxgtavkovqklijfpnfl.supabase.co/storage/v1/object/public/owners_data_second/01a05785-502b-7000-9af4-13865174161e-1788174880800-9a24dc45-9a77-4dff-b00d-a30f9260faf1-stereo.wav,37054,01a05785-502b-7000-9af4-13865174161e
Hot Seller / Landlord,POOJA SUSHEEL KUMAR,+971504361285,DAMAC TOWERS BY PARAMOUNT,-,Business Bay,Apartment,-,2026-08-31 11:07:09.254+00,82,Awaiting availability – anyone who says yes to rent or sell according to the complete flow,"Wants to rent unit at 200000 dirhams, requested WhatsApp follow-up","Maya from AS Properties called Puja regarding her unit at Damaak Towers to inquire if she was interested in selling or renting. Puja confirmed she is looking to rent the unit for 200,000 AED and will send further details via WhatsApp. Maya acknowledged this and stated a consultant would follow up with her.",https://qgxgtavkovqklijfpnfl.supabase.co/storage/v1/object/public/owners_data_third/01a05780-4bbe-711e-aef6-8651e94267ca-1788174513602-00cec774-3a4f-4cda-a97e-c98852703622-stereo.wav,41918,01a05780-4bbe-711e-aef6-8651e94267ca
Hot Seller / Landlord,ILYA ROMANOV,+971561684007,HDS BUSINESS CENTRE,906,Jumeirah Lake Towers (JLT),Apartment,-,2026-08-31 10:58:55.585+00,65,Awaiting availability – anyone who says yes to rent or sell according to the complete flow,"Wants to rent out office, asked to contact agent via WhatsApp","Maya from ACE Properties called Ilya regarding his office unit in JLT, inquiring if he was interested in selling or renting. Ilya confirmed he wants to rent it out but already has an agent and directed Maya to contact his agent for all details. He provided his agent's number via WhatsApp and ended the call due to lack of time.",https://qgxgtavkovqklijfpnfl.supabase.co/storage/v1/object/public/owners_data_second/01a05778-c447-7000-836f-932d16489f5e-1788174003137-63b13723-0fe8-4093-b706-71067bc06f5c-stereo.wav,23674,01a05778-c447-7000-836f-932d16489f5e
Hot Seller / Landlord,MOHAMMAD GOLAM SAROAR,+971522420617,DAMAC TOWERS BY PARAMOUNT,-,Business Bay,Apartment,-,2026-08-31 10:53:54.236+00,176,Awaiting availability – anyone who says yes to rent or sell according to the complete flow,"Wants to sell hotel studio, shared price, agreed to callback tomorrow","Maya from AS Properties called Mohammad regarding his studio hotel unit at Damac Towers BY Paramount, which he is looking to sell for 1,000,000. Mohammad is not interested in listing but is open to discussing with a confirmed customer. A senior consultant will call him tomorrow after 10 AM to follow up.",https://qgxgtavkovqklijfpnfl.supabase.co/storage/v1/object/public/owners_data_third/01a05774-260c-7000-9a8d-81b1efdd522f-1788173813243-1d182bee-bf21-48e9-b530-f5571e086008-stereo.wav,41289,01a05774-260c-7000-9a8d-81b1efdd522f
Hot Seller / Landlord,NAVIN KUMAR PARWAL,+919829055990,One by Binghatti,-,Business Bay,Residential,-,2026-08-31 10:45:13.251+00,200,Awaiting availability – anyone who says yes to rent or sell according to the complete flow,"Owner wants to rent, asked about expected rent and returns","Maya from AS Properties contacted Naveen regarding his 1-bedroom investment property in Business Bay, which will be ready by June next year. Naveen's priority is to rent out the unit, and he is looking for a minimum rental income of 144,000 AED per year, based on Maya's estimate of 12,000-14,000 AED per month for similar units.",https://qgxgtavkovqklijfpnfl.supabase.co/storage/v1/object/public/owners_data_second/01a0576b-a934-7000-8701-d10afb370fde-1788173315894-f6b93ee2-ccf9-4a00-913d-6b98753f781b-stereo.wav,39675,01a0576b-a934-7000-8701-d10afb370fde
Hot Seller / Landlord,GAD SAGHROUN,+971585053983,PARAMOUNT TOWER HOTEL & RESIDENCES,-,Business Bay,Apartment,-,2026-08-31 10:32:54.734+00,172,Awaiting availability – anyone who says yes to rent or sell according to the complete flow,"Confirmed wants to sell, requested WhatsApp follow-up, busy now","Maya from AS Properties called Gad regarding his unit at Paramount Tower Hotel and Residences to inquire about selling or renting it. Despite initial communication issues and the user asking if the caller was AI, Gad eventually confirmed he was looking to sell the property. The call concluded after Gad requested a WhatsApp message as he was busy.",https://qgxgtavkovqklijfpnfl.supabase.co/storage/v1/object/public/owners_data_third/01a05760-f6da-799a-8890-ab083d23f342-1788172549793-8b3ebc19-4150-4324-ad1a-7ef2c8942973-stereo.wav,41589,01a05760-f6da-799a-8890-ab083d23f342
Hot Seller / Landlord,MEHDI VAHABI,+971505083283,ELITE RESIDENCE,7404,Dubai Marina,Flat,-,2026-08-31 10:19:33.502+00,43,Awaiting availability – anyone who says yes to rent or sell according to the complete flow,Will sell or rent after renovation in one month,"Maya from AS Properties called Maheshdi regarding their Elite Residence property in Dubai Marina to inquire about selling or renting. Maheshdi stated the property is currently under renovation and would be available in one month, then ended the call.",https://qgxgtavkovqklijfpnfl.supabase.co/storage/v1/object/public/owners_data_second/01a05754-a865-799a-8861-7203192b92ef-1788171619100-985053f3-f5e1-405a-8829-d14ce9adfe98-stereo.wav,32968,01a05754-a865-799a-8861-7203192b92ef
Hot Seller / Landlord,AMJAD KAISS,+972507970022,Ciel Tower,2021 (Q 4),Dubai Marina,Hotel Apartments,-,2026-08-31 09:59:20.464+00,120,Awaiting availability – anyone who says yes to rent or sell according to the complete flow,"Wants to sell 0.25 hotel unit, shared price, agreed for consultant call","Maya from AS Prop called Amjad regarding his 0.25 share of a hotel unit at Seal Tower in Dubai Marina, which he is looking to sell for 900,000 AED. Amjad confirmed the unit is not listed with other agents. A senior consultant will call him on Wednesday morning to discuss options for selling his share.",https://qgxgtavkovqklijfpnfl.supabase.co/storage/v1/object/public/owners_data_second/01a05742-2e43-7000-8652-5daf68bb811c-1788170483082-b7d31f03-0f1f-4a96-a31f-9829ba2c6dbc-stereo.wav,37092,01a05742-2e43-7000-8652-5daf68bb811c
Hot Seller / Landlord,AIJAZ AMIN M SHAH,+966505411844,PARAMOUNT TOWER HOTEL & RESIDENCES,-,Business Bay,Apartment,-,2026-08-31 09:58:57.888+00,89,Awaiting availability – anyone who says yes to rent or sell according to the complete flow,"Wants to rent out, requested to call husband for follow-up",,https://qgxgtavkovqklijfpnfl.supabase.co/storage/v1/object/public/call_recordings_16july/01a05741-cd60-7115-b3fa-2d78f65eb171-1788170429398-24c062a5-4cb8-44aa-9946-127c8dc2df18-stereo.wav,40994,01a05741-cd60-7115-b3fa-2d78f65eb171
Hot Seller / Landlord,SAURABH KAHTRI DEVENDRA KUMAR KHATRI,+971525143225,BUSINESS TOWER,-,Business Bay,Residential,-,2026-08-31 09:37:58.727+00,147,Awaiting availability – anyone who says yes to rent or sell according to the complete flow,"Wants to sell or rent, shared asking price and available for call","Maya from AS Properties contacted Sorabh regarding his office unit at Business Tower, inquiring if he was open to selling or renting. Sorabh confirmed he was open to both, stating the asking price for sale is 550,000. A senior consultant will call him tomorrow afternoon between 3-4 PM to discuss the best options.",https://qgxgtavkovqklijfpnfl.supabase.co/storage/v1/object/public/owners_data_second/01a0572e-92aa-7000-9325-5621aea9cbbd-1788169228032-fb63d0fe-bfea-48b9-8be3-e7a36f965b23-stereo.wav,39330,01a0572e-92aa-7000-9325-5621aea9cbbd
Hot Seller / Landlord,ANTON EMAD MANSOUR,+971556672909,DAMAC TOWERS BY PARAMOUNT,-,Business Bay,Apartment,-,2026-08-31 09:29:24.653+00,71,Awaiting availability – anyone who says yes to rent or sell according to the complete flow,"Wants to sell, requested WhatsApp for details","Maya from AS Properties called Anton regarding his unit at Dama Towers to inquire about selling or renting. Anton confirmed he is open to selling and preferred to share unit details via WhatsApp. Maya agreed to send a WhatsApp message with a form, after which a senior consultant would contact him.",https://qgxgtavkovqklijfpnfl.supabase.co/storage/v1/object/public/owners_data_third/01a05726-bf98-7115-b373-cc94d8694747-1788168638728-d755ae2c-8a43-4e28-8147-7ffb487d0ac8-stereo.wav,41553,01a05726-bf98-7115-b373-cc94d8694747
Hot Seller / Landlord,HAZIM MOSTAFA A ZAGZOOG,+966555359995,DAMAC TOWERS BY PARAMOUNT,-,Business Bay,Apartment,-,2026-08-31 09:19:41.241+00,125,Awaiting availability – anyone who says yes to rent or sell according to the complete flow,"Owner asked about selling price, requested report on WhatsApp","Maya from AS Properties called Hazel about her 2-bedroom unit at Damaq Towers to inquire if she was open to selling or renting. Hazel, who currently rents the unit through a company, expressed interest in selling but found the initial price range provided by Maya too low. The call concluded with Hazel requesting a detailed market evaluation report for her unit to be sent via WhatsApp.",https://qgxgtavkovqklijfpnfl.supabase.co/storage/v1/object/public/owners_data_second/01a0571d-e9b0-7000-a789-5c33cc135693-1788168109168-6d2625a3-0642-4d08-9646-5b66df289ee5-stereo.wav,42146,01a0571d-e9b0-7000-a789-5c33cc135693
Hot Seller / Landlord,MOHAMED ARIF EBRAHIM,+27844786695,PARAMOUNT TOWER HOTEL & RESIDENCES,-,Business Bay,Apartment,-,2026-08-31 08:40:46.185+00,335,Awaiting availability – anyone who says yes to rent or sell according to the complete flow,"Wants to sell 2BR Paramount Tower, shared price, open to follow-up","The AI called Moham regarding his unit at Paramount Tower to discuss selling or renting. Initially, Moham stated he was renting out a 1-bedroom unit and not looking to sell, but after clarifying the property, he confirmed he has a 2-bedroom, high-floor, furnished unit at Paramount Tower that he is open to selling for 2.8 million AED. A senior consultant will call him to discuss this sale further.",https://qgxgtavkovqklijfpnfl.supabase.co/storage/v1/object/public/owners_data_third/01a056f9-fa53-7000-905f-b1bec5689c71-1788165983359-aa5b87eb-c078-4156-8638-809678cf82e5-stereo.wav,41512,01a056f9-fa53-7000-905f-b1bec5689c71
Hot Seller / Landlord,MOHAMED JABER NASER JABER ALHAMMADI,+971502023333,PARAMOUNT TOWER HOTEL & RESIDENCES,-,Business Bay,Apartment,-,2026-08-31 08:39:33.271+00,114,Awaiting availability – anyone who says yes to rent or sell according to the complete flow,"Confirmed open to sell or rent, requested WhatsApp follow-up","Maya from AES Properties called Mohammed to inquire if he was interested in selling or renting his property in Paramount Tower, Business Bay. Mohammed seemed confused, repeatedly asked for communication via WhatsApp, and the call ended without a clear answer regarding his intentions for the unit.",https://qgxgtavkovqklijfpnfl.supabase.co/storage/v1/object/public/owners_data_third/01a056f9-234c-7bb8-a489-357ac7ac9cbc-1788165689448-10c15fce-99df-46f7-a238-0156cf4e5ba2-stereo.wav,41507,01a056f9-234c-7bb8-a489-357ac7ac9cbc
Hot Seller / Landlord,MOHANAD ABDULKHALEQ FADHIL AL SAADI,+9647722884646,DAMAC TOWERS BY PARAMOUNT,-,Business Bay,Apartment,-,2026-08-31 08:29:12.377+00,102,Awaiting availability – anyone who says yes to rent or sell according to the complete flow,"Wants to sell 2 bedroom, checking price with brother","Maya from AS Properties called Mohanad regarding his 2-bedroom apartment at Dhamak Towers, inquiring if he was interested in selling or renting. Mohanad confirmed he wished to sell the unit but needed to consult his brother to determine the selling price. The call ended while he was in the process of doing so.",https://qgxgtavkovqklijfpnfl.supabase.co/storage/v1/object/public/owners_data_third/01a056ef-a724-7000-841f-043802ea8a60-1788165056755-66117357-ab15-46e5-adde-c263b94da556-stereo.wav,41460,01a056ef-a724-7000-841f-043802ea8a60
Hot Seller / Landlord,THOMAS ZIMHINDO,+263774044875,Nobles Tower,-,Business Bay,Residential,-,2026-08-31 07:59:01.532+00,38,Awaiting availability – anyone who says yes to rent or sell according to the complete flow,"Confirmed interest to sell or rent, call interrupted by other phone","Maya from AS Properties called Thomas to inquire if he was interested in selling or renting his unit at Noble's Tower. Thomas confirmed his interest but mentioned he was on another call, leading to the conversation ending before he could specify his preference.",https://qgxgtavkovqklijfpnfl.supabase.co/storage/v1/object/public/owners_data_second/01a056d3-df0b-7000-8f3c-20a28c80d94a-1788163182299-102d7d3b-bd33-44c4-ae11-b8f49fdd5256-stereo.wav,39477,01a056d3-df0b-7000-8f3c-20a28c80d94a
Hot Seller / Landlord,SULTAN MOHAMED ABDULLA SALEH ALHAJERI,+971505728844,PARAMOUNT TOWER HOTEL & RESIDENCES,-,Business Bay,Apartment,-,2026-08-31 07:29:09.202+00,12,Awaiting availability – anyone who says yes to rent or sell according to the complete flow,"positive - Wants to sell at Paramount, asking 1,550,000 dirhams, open to consultant callback","The call was initiated by an AI asking to speak with Sultan. However, the call ended abruptly as the customer disconnected before any further conversation could take place.",https://qgxgtavkovqklijfpnfl.supabase.co/storage/v1/object/public/owners_data_third/01a056b8-302c-7bbb-a5e6-51801bae38e0-1788161364170-6cb65575-626f-4fb8-978e-59e7ddf60dfc-stereo.wav,41442,01a056b8-302c-7bbb-a5e6-51801bae38e0
Hot Seller / Landlord,SULTAN MOHAMED ABDULLA SALEH ALHAJERI,+971505728844,PARAMOUNT TOWER HOTEL & RESIDENCES,-,Business Bay,Apartment,-,2026-08-31 07:28:22.123+00,0,Awaiting availability – anyone who says yes to rent or sell according to the complete flow,"positive - Wants to sell at Paramount, asking 1,550,000 dirhams, open to consultant callback",,https://qgxgtavkovqklijfpnfl.supabase.co/storage/v1/object/public/owners_data_second/01a0b86f-5100-755c-89ad-521dfcb2cc44-1789800878207-ae26a097-03b6-4722-b0ea-4aa6d52d6e06-stereo.wav,41442,01a056b7-d9e6-7000-a3b7-233dead7328e
Hot Seller / Landlord,ABHISHEK KUMAR SINGH SURENDRA PRASAD SINGH,+971505931326,DAMAC TOWERS BY PARAMOUNT,-,Business Bay,Apartment,-,2026-08-31 07:14:53.691+00,250,Awaiting availability – anyone who says yes to rent or sell according to the complete flow,"Wants tenants for 4 units, minimum 100k, prefers WhatsApp with agent","The call was initiated by AS Properties to inquire about Abhishek's property in Dubai. Abhishek clarified that he owns four one-bedroom units in Damak Towers, is also a real estate professional, and is interested in renting them out for a minimum of 100,000 AED each, rather than selling. AS Properties will now have a consultant contact Abhishek via WhatsApp to connect with his agent and find tenants for these units.",https://qgxgtavkovqklijfpnfl.supabase.co/storage/v1/object/public/owners_data_third/01a056ab-8ecb-7000-8e62-c9cdc3b70bed-1788160745878-15c1fb0d-c1ff-4bfd-9ea3-943d9d509601-stereo.wav,41066,01a056ab-8ecb-7000-8e62-c9cdc3b70bed
Hot Seller / Landlord,WALID MASSAAD,+9613721933,PARAMOUNT TOWER HOTEL & RESIDENCES,-,Business Bay,Apartment,-,2026-08-31 07:13:09.912+00,121,Awaiting availability – anyone who says yes to rent or sell according to the complete flow,"Wants to sell 1BR, 775 sqm, asking 1.8M, prefers WhatsApp",,https://qgxgtavkovqklijfpnfl.supabase.co/storage/v1/object/public/call_recordings_16july/01a056a9-847b-7000-922c-afa165e6fa29-1788160513745-e74eddec-0268-433c-abbd-38664d744d30-stereo.wav,41123,01a056a9-847b-7000-922c-afa165e6fa29
Hot Seller / Landlord,SATHISH KUMAR NARLAPURAM,+919505073666,PARAMOUNT TOWER HOTEL & RESIDENCES,-,Business Bay,Apartment,-,2026-08-31 07:02:05.735+00,36,Awaiting availability – anyone who says yes to rent or sell according to the complete flow,Confirmed open to selling or renting unit,"Maya from AS Properties called Satish to inquire about his unit at Paramount Tower Hotel and Residences in Business Bay. She asked if he was open to selling or renting the property. Satish confirmed his interest, and Maya then sought to understand his preference before the call concluded.",https://qgxgtavkovqklijfpnfl.supabase.co/storage/v1/object/public/owners_data_third/01a0569f-bae6-7115-afe2-b505aed977a7-1788159764355-84a31e0d-5699-4513-874e-5305636377a4-stereo.wav,41093,01a0569f-bae6-7115-afe2-b505aed977a7
Hot Seller / Landlord,RASHED ABDULLA AHMED RASHED ALNUAIMI,+971506936969,DAMAC TOWERS BY PARAMOUNT,-,Business Bay,Apartment,-,2026-08-31 07:00:45.8+00,42,Awaiting availability – anyone who says yes to rent or sell according to the complete flow,Asked if there are real buyers for selling unit,"Maya from AS Properties called Rashid about his unit at Damak Towers to inquire if he was open to selling or renting his property. Rashid questioned if she had a serious customer, specifically asking if she had a buyer, before the call abruptly ended.",https://qgxgtavkovqklijfpnfl.supabase.co/storage/v1/object/public/owners_data_third/01a0569e-b902-7000-822e-8b1138a4e1c3-1788159690044-79d7e2e4-ebca-41a0-a86c-af31cfacc8fd-stereo.wav,41747,01a0569e-b902-7000-822e-8b1138a4e1c3
Hot Seller / Landlord,ANEESH MARIA FRANCIS,+971507092794,PARAMOUNT TOWER HOTEL & RESIDENCES,-,Business Bay,Apartment,-,2026-08-31 06:01:46.859+00,126,Awaiting availability – anyone who says yes to rent or sell according to the complete flow,"Willing to sell if offer above 1.15M, studio type",Maya from AS Properties contacted Anish regarding his studio apartment at Paramount Tower Hotel and Residences in Business Bay. Anish confirmed he is open to selling the property if an offer exceeds his purchase price of 1.15 million dirhams. AS Properties will have a senior consultant reach out to Anish with suitable offers.,https://qgxgtavkovqklijfpnfl.supabase.co/storage/v1/object/public/owners_data_third/01a05668-9c51-7000-8d18-a2e7d66052a6-1788156235858-31317819-5c5a-4a16-a5a8-c841230dd111-stereo.wav,41019,01a05668-9c51-7000-8d18-a2e7d66052a6
Hot Seller / Landlord,FAISAL MOIN MOINUDDIN,+971528260223,Pearls by Vision,701,Dubai Silicon Oasis (DSO),Apartments,-,2026-08-31 05:31:07.155+00,75,Awaiting availability – anyone who says yes to rent or sell according to the complete flow,"Open to selling and renting, requested company details","Maya from AS Properties called Fizal regarding his unit at Pulse by Vision to inquire if he was interested in selling or renting. Fizal confirmed he was open to both options, but questioned Maya's knowledge of his property details. The call ended with Fizal disconnecting before further property specifics could be discussed.",https://qgxgtavkovqklijfpnfl.supabase.co/storage/v1/object/public/owners_data_second/01a0564c-a6ce-7000-8ce1-06f7f6dcab06-1788154344411-5ef3547b-0bae-4815-989f-816d358387e8-stereo.wav,42686,01a0564c-a6ce-7000-8ce1-06f7f6dcab06
Hot Seller / Landlord,GIOVANNI GAMBARDELLA,+971507959666,DAMAC Towers by Paramount Hotels and Resorts,-,Business Bay,Residential,-,2026-08-31 05:24:56.76+00,15,Awaiting availability – anyone who says yes to rent or sell according to the complete flow,Unit already listed by customer on property portals,"An AI from AS Pro, identified as Maya, initiated a call with Giovanni. Giovanni promptly stated they were not interested and ended the call before the AI could elaborate further.",https://qgxgtavkovqklijfpnfl.supabase.co/storage/v1/object/public/owners_data_third/01a05646-eb40-7115-bf55-efbf126060c2-1788153914338-6b5ae79f-6bcd-446f-ad41-85ddb1176da9-stereo.wav,40403,01a05646-eb40-7115-bf55-efbf126060c2
Hot Seller / Landlord,GUNTHER RUDOLPH,+971503237302,Lakeshore Tower 1,2409,Jumeirah Lake Towers (JLT),Apartment,-,2026-08-31 05:21:46.173+00,128,Awaiting availability – anyone who says yes to rent or sell according to the complete flow,"Wants to sell, shared price, size, return 11th September","Maya from AS Properties called Gander regarding his 1-bedroom, fully renovated unit at Lakeshore Tower 1 in JLT, which he is considering selling for 1,500,000 AED. Gander confirmed the 990 sq ft unit is not currently listed elsewhere. A senior consultant will call him on September 11th in the afternoon to discuss listing options, as Gander is traveling until then.",https://qgxgtavkovqklijfpnfl.supabase.co/storage/v1/object/public/owners_data_second/01a05643-ecd6-711e-a85d-d8fda32f5dae-1788153836726-1daa82a5-0293-4961-864a-694557a8e35f-stereo.wav,26045,01a05643-ecd6-711e-a85d-d8fda32f5dae
Hot Seller / Landlord,STANISLAUS D SOUZA,+971559499799,DAMAC TOWERS BY PARAMOUNT,-,Business Bay,Apartment,-,2026-08-30 03:36:46.415+00,0,Awaiting availability – anyone who says yes to rent or sell according to the complete flow,"positive - Wants to rent out Damac Towers unit, requested WhatsApp follow-up",,https://qgxgtavkovqklijfpnfl.supabase.co/storage/v1/object/public/owners_data_second/01a0c3c1-dda2-7000-8a92-9885c909b114-1789990737729-a1e73a76-6b45-4f6f-8c47-099bb39949e5-stereo.wav,41831,01a05724-b621-7000-a7b1-4462a817c0b8
Hot Seller / Landlord,STANISLAUS D SOUZA,+971559499799,DAMAC TOWERS BY PARAMOUNT,-,Business Bay,Apartment,-,2026-08-30 03:36:46.415+00,0,Awaiting availability – anyone who says yes to rent or sell according to the complete flow,"positive - Wants to rent out Damac Towers unit, requested WhatsApp follow-up",,https://qgxgtavkovqklijfpnfl.supabase.co/storage/v1/object/public/owners_data_second/01a0c3c1-dda2-7000-8a92-9885c909b114-1789990737729-a1e73a76-6b45-4f6f-8c47-099bb39949e5-stereo.wav,41831,01a0a420-833f-7669-ba90-250db160aa98
Hot Seller / Landlord,JAMAL MOHAMED IBRAHIM HUSSAIN AMER,+966503190962,DAMAC TOWERS BY PARAMOUNT,-,Business Bay,Apartment,-,2026-08-30 03:35:35.044+00,0,Awaiting availability – anyone who says yes to rent or sell according to the complete flow,"positive - Wants to rent out 3 bedroom unit at Damac Towers, open for callback",,https://qgxgtavkovqklijfpnfl.supabase.co/storage/v1/object/public/owners_data_second/01a0a97d-2c10-777e-acd0-0c13c39f4293-1789550082992-9acc3d01-f4cb-4fe7-ad4f-30342645e0f4-stereo.wav,41607,01a0576c-c523-7115-b503-cfb44345cf98
Hot Seller / Landlord,ABDOLRAHIM SHEIKH MOHAMMAD SAEID FAGHIHI,+971506445228,DAMAC Towers by Paramount Hotels and Resorts,-,Business Bay,Apartment,-,2026-08-30 03:34:22.617+00,0,Awaiting availability – anyone who says yes to rent or sell according to the complete flow,"Has multiple Dubai properties for sale and rent, referred to contact Bernie",,https://qgxgtavkovqklijfpnfl.supabase.co/storage/v1/object/public/call_recordings_16july/01a056b6-aad8-7000-9611-0fcb2a5c96db-1788161370688-073d78fb-123a-4ed6-92ca-8001049d1e26-stereo.wav,41434,01a0b92f-5fe8-7ff5-b5fb-3178baa58df1
Hot Seller / Landlord,SULTAN MOHAMED ABDULLA SALEH ALHAJERI,+971505728844,PARAMOUNT TOWER HOTEL & RESIDENCES,-,Business Bay,Apartment,-,2026-08-30 03:34:22.617+00,0,Awaiting availability – anyone who says yes to rent or sell according to the complete flow,"positive - Wants to sell at Paramount, asking 1,550,000 dirhams, open to consultant callback",,https://qgxgtavkovqklijfpnfl.supabase.co/storage/v1/object/public/owners_data_second/01a0b86f-5100-755c-89ad-521dfcb2cc44-1789800878207-ae26a097-03b6-4722-b0ea-4aa6d52d6e06-stereo.wav,41442,01a09562-b78b-7ffd-a6f1-51621cc0611d
Hot Seller / Landlord,GEORGE WILLIAM ISHAK NASRALLA,+971529815830,DAMAC TOWERS BY PARAMOUNT,-,Business Bay,Apartment,-,2026-08-30 03:32:52.257+00,0,Awaiting availability – anyone who says yes to rent or sell according to the complete flow,"positive - Wants to rent out 1BR at Tower B, Burj Khalifa view, asking 100,000 AED",,https://qgxgtavkovqklijfpnfl.supabase.co/storage/v1/object/public/owners_data_second/01a0c397-80ff-7000-95f7-61dded16476d-1789988098075-02663028-486c-45f2-9878-3a1085a683c9-stereo.wav,41190,01a05711-6db9-7115-b2c4-4ae288f219c1
Hot Seller / Landlord,GEORGE WILLIAM ISHAK NASRALLA,+971529815830,DAMAC TOWERS BY PARAMOUNT,-,Business Bay,Apartment,-,2026-08-30 03:32:52.257+00,0,Awaiting availability – anyone who says yes to rent or sell according to the complete flow,"positive - Wants to rent out 1BR at Tower B, Burj Khalifa view, asking 100,000 AED",,https://qgxgtavkovqklijfpnfl.supabase.co/storage/v1/object/public/owners_data_second/01a0c397-80ff-7000-95f7-61dded16476d-1789988098075-02663028-486c-45f2-9878-3a1085a683c9-stereo.wav,41190,01a0a3f6-671b-7000-8d63-bb4004b73fc5
Hot Seller / Landlord,AHMED KAMAL OMAR MAHMOUD MOHAMED,+971508892247,PARAMOUNT TOWER HOTEL & RESIDENCES,-,Business Bay,Apartment,-,2026-08-30 03:32:15.72+00,0,Awaiting availability – anyone who says yes to rent or sell according to the complete flow,"positive - Wants to sell Paramount unit, expects 1.3M, requests WhatsApp for more details",,https://qgxgtavkovqklijfpnfl.supabase.co/storage/v1/object/public/owners_data_second/01a0b9e3-19c1-7008-a454-b179ef4a2f50-1789825154454-23629214-34e2-4e37-ab6b-e88ae19969a2-stereo.wav,41083,01a09f84-ac29-7000-ab87-1592306871db
Hot Seller / Landlord,AHMED KAMAL OMAR MAHMOUD MOHAMED,+971508892247,PARAMOUNT TOWER HOTEL & RESIDENCES,-,Business Bay,Apartment,-,2026-08-30 03:32:15.72+00,0,Awaiting availability – anyone who says yes to rent or sell according to the complete flow,"positive - Wants to sell Paramount unit, expects 1.3M, requests WhatsApp for more details",,https://qgxgtavkovqklijfpnfl.supabase.co/storage/v1/object/public/owners_data_second/01a0b9e3-19c1-7008-a454-b179ef4a2f50-1789825154454-23629214-34e2-4e37-ab6b-e88ae19969a2-stereo.wav,41083,01a056b1-40c8-7000-a48d-0b272a3b5b80
Hot Seller / Landlord,RASIM ALASGAROV,+994503100816,PARAMOUNT TOWER HOTEL & RESIDENCES,-,Business Bay,Apartment,-,2026-08-30 03:31:57.708+00,0,Awaiting availability – anyone who says yes to rent or sell according to the complete flow,"positive - Wants to sell 3BR at Paramount for 4,000,000 dirhams, already listed elsewhere",,https://qgxgtavkovqklijfpnfl.supabase.co/storage/v1/object/public/owners_data_second/01a0949a-05de-7000-8af4-fee08ea44fe8-1789199607415-9719d14b-79a1-448f-8c78-62f4622829b4-stereo.wav,41037,01a07145-8aec-7000-a7c0-7adedd42177b
Hot Seller / Landlord,RASIM ALASGAROV,+994503100816,PARAMOUNT TOWER HOTEL & RESIDENCES,-,Business Bay,Apartment,-,2026-08-30 03:31:57.708+00,0,Awaiting availability – anyone who says yes to rent or sell according to the complete flow,"positive - Wants to sell 3BR at Paramount for 4,000,000 dirhams, already listed elsewhere",,https://qgxgtavkovqklijfpnfl.supabase.co/storage/v1/object/public/owners_data_second/01a0949a-05de-7000-8af4-fee08ea44fe8-1789199607415-9719d14b-79a1-448f-8c78-62f4622829b4-stereo.wav,41037,01a0566e-25b3-7000-9128-be49e11f24b5
Hot Seller / Landlord,JIMMY MATHEWS MOHAN MATHEWS,+971506543112,DAMAC Paramount Tower (Midtown) Hotel And Residences,-,Business Bay,Apartment,-,2026-08-30 03:31:04.988+00,0,Awaiting availability – anyone who says yes to rent or sell according to the complete flow,"negative - Said yes to selling, ended call quickly, no details given",,https://qgxgtavkovqklijfpnfl.supabase.co/storage/v1/object/public/owners_data_second/01a0a3dc-c3a3-7119-bff4-ecbe5d38156b-1789455591118-ea1eaccc-9329-43c0-bd48-7a243c9bb8a9-stereo.wav,40870,01a05705-f496-7000-80e5-cf9a067d7f09
Hot Seller / Landlord,SAQIB MEHMOOD MUHAMMAD ASLAM KHAN,+971562230736,Al Manara Tower,-,Business Bay,Residential,-,2026-08-29 13:31:04.623+00,119,Awaiting availability – anyone who says yes to rent or sell according to the complete flow,"Wants to sell or rent commercial unit, shared price, requested message follow-up","Maya from AS Prop called Sakib regarding his commercial unit at Almanara Tower in Business Bay, inquiring if he was open to selling or renting. Sakib stated he is open to both, with a rental price of 975,000 AED and a selling price of 16.95 million AED, but only at his specified price. Maya will send a message with details, and a senior consultant will follow up with Sakib by phone on Monday.",https://qgxgtavkovqklijfpnfl.supabase.co/storage/v1/object/public/owners_data_second/01a04db6-e967-7664-ba60-92e564d7a09f-1788010385814-24f8e7c2-0c46-4244-a375-9e4392af699c-stereo.wav,39863,01a04db6-e967-7664-ba60-92e564d7a09f
Hot Seller / Landlord,HANI MHD HAITHAM HMIDAN ALSAMSAM,+971555544663,South Tower,S-1606,Jumeirah Lake Towers (JLT),Apartment,-,2026-08-29 13:12:53.677+00,115,Awaiting availability – anyone who says yes to rent or sell according to the complete flow,"Wants to sell JLT Ellington unit, requested market price on WhatsApp","Maya from AS Properties called Honey to inquire about selling or renting a property. Honey clarified she has an off-plan 1-bedroom unit in Ellington, JLT, which she is looking to sell, and offered to send details via WhatsApp for a market assessment. The call ended abruptly after Honey disagreed with the market price range provided by Maya.",https://qgxgtavkovqklijfpnfl.supabase.co/storage/v1/object/public/owners_data_second/01a04da6-6fc6-7664-ba12-029ee085c803-1788009291417-e4d23769-3d2e-45d1-921c-9fa027702a00-stereo.wav,24243,01a04da6-6fc6-7664-ba12-029ee085c803
Hot Seller / Landlord,HESHAM WAGIH GOMMA,+971506223972,MARINA VIEW TOWER A,811,Dubai Marina,Unit,-,2026-08-29 12:26:56.183+00,103,Awaiting availability – anyone who says yes to rent or sell according to the complete flow,"Wants to rent out studio at 65k annual, agreed for follow-up call","Maya from AS Properties called Hisham regarding his studio unit at Marina View Tower A, which he wishes to rent for 65,000 AED annually. Although the unit is already listed with another agent, AS Properties offered to widen its reach. A senior consultant will call Hisham tomorrow at 11 AM to discuss the rental further.",https://qgxgtavkovqklijfpnfl.supabase.co/storage/v1/object/public/owners_data_second/01a04d7c-975a-7664-b904-3ffb8220d0e3-1788006521395-d12478dc-59b7-432b-b319-d54cf8578f51-stereo.wav,31581,01a04d7c-975a-7664-b904-3ffb8220d0e3
Hot Seller / Landlord,PIYA BHATNAGAR KULDEEP SINGH BHATNAGAR,+971559532101,GREEN LAKES S3,1503,Jumeirah Lake Towers (JLT),Apartment,-,2026-08-29 06:59:19.59+00,76,Awaiting availability – anyone who says yes to rent or sell according to the complete flow,"Wants to rent out 2BR, asked about rent amount","Maya from AS Properties contacted Biya regarding their 2-bedroom unit at Green Lakes 3 in Jumeirah Lake Towers, inquiring if they were interested in selling or renting. Biya confirmed they wanted to rent the unit but was unsure about the rental rate. Maya informed them that typical rates for a 2-bedroom in that area range from 45,000 to 55,000 dirhams per month.",https://qgxgtavkovqklijfpnfl.supabase.co/storage/v1/object/public/owners_data_second/01a04c50-aedb-799c-a4b4-01580a758dd7-1787986838064-3e559cda-2b1a-4aba-a83c-1f1c546fbdc8-stereo.wav,27569,01a04c50-aedb-799c-a4b4-01580a758dd7
Hot Seller / Landlord,OSMAN SULTAN,+971559345666,DAMAC Maison Prive,-,Business Bay,Residential,-,2026-08-29 06:44:43.739+00,143,Awaiting availability – anyone who says yes to rent or sell according to the complete flow,"Will consider selling only at 2M, otherwise happy renting","Maya from AS Properties called Osman to inquire about selling or renting his unit at Damark Maison Drive. Osman stated he would only consider selling for 2,000,000 dirhams, which is significantly higher than the current market price of 1.2-1.4 million dirhams quoted by Maya. He declined further contact unless a client is willing to meet his price, as his unit is currently rented and he is content with the situation.",https://qgxgtavkovqklijfpnfl.supabase.co/storage/v1/object/public/owners_data_second/01a04c43-4e89-7000-86f0-b54705194897-1787986029187-15147137-251c-409e-9e56-b0cd9c9dfba4-stereo.wav,40576,01a04c43-4e89-7000-86f0-b54705194897
Hot Seller / Landlord,HUSSEIN BIN ALI BIN MUBARAK,+971581328933,Manchester Tower,-,Dubai Marina,Apartments,-,2026-08-29 05:29:23.626+00,127,Awaiting availability – anyone who says yes to rent or sell according to the complete flow,"Has commercial office in Business Bay, wants to rent at 140k AED","The AI initially called Hussain about his Manchester Tower unit, which he confirmed was already rented. Hussain then offered details about a commercial office he owns in Business Bay that he wishes to rent out for 140,000 AED per annum. The call concluded with the AI arranging for a senior consultant to contact Hussain in a couple of hours to discuss listing this Business Bay property.",https://qgxgtavkovqklijfpnfl.supabase.co/storage/v1/object/public/owners_data_second/01a04bfe-2ddb-7ee1-ad72-960e11093ff0-1787981493329-4570caa6-7f93-4608-9a9f-0a7d2fe1c211-stereo.wav,37568,01a04bfe-2ddb-7ee1-ad72-960e11093ff0
Hot Seller / Landlord,MOUHANAD JAMIL ABOU ALFADEL,+971508941424,ICON 1,3108,Jumeirah Lake Towers (JLT),Apartment,-,2026-08-28 12:30:59.105+00,164,Awaiting availability – anyone who says yes to rent or sell according to the complete flow,"Wants to sell if serious offer, discussed price range, not listed anywhere","Maya from AS Properties contacted Mohanan regarding his 1-bedroom unit at Icon 1, JLT, which he is open to selling for 1 to 1.1 million dirhams if a serious offer is presented. The unit is not currently listed, and Mohanan requested a senior consultant to call him with an offer during working hours, Monday through Thursday.",https://qgxgtavkovqklijfpnfl.supabase.co/storage/v1/object/public/owners_data_second/01a04859-d0a2-7cc2-90d0-597305b5ac7d-1787920425667-8a0e1461-1a3c-44d9-8f76-ace3bde1545f-stereo.wav,28025,01a04859-d0a2-7cc2-90d0-597305b5ac7d
Hot Seller / Landlord,PREM LATA DHIRANI HITESH DHIRANI,+971558730015,Tamani Arts Offices,1512,Business Bay,Offices,-,2026-08-28 09:31:00.629+00,87,Awaiting availability – anyone who says yes to rent or sell according to the complete flow,"Wants to sell, gave price and details, but refused callback","Maya from ASPro contacted Prem regarding his 20-bedroom unit at Tamani Arts offices in Business Bay, which Prem confirmed he is open to selling for 4,000,000 US dollars and is listed everywhere. However, Prem declined a callback from a senior consultant.",https://qgxgtavkovqklijfpnfl.supabase.co/storage/v1/object/public/owners_data_second/01a047b5-0651-7006-9ed3-466a560e13bd-1787909550254-2c28c48c-c811-48e3-a463-1675afa49d29-stereo.wav,40060,01a047b5-0651-7006-9ed3-466a560e13bd
Hot Seller / Landlord,ALLAN MOBERG,+971562322122,AETERNITAS TOWER,5901,Dubai Marina,Unit,-,2026-08-28 05:01:26.551+00,9,Awaiting availability – anyone who says yes to rent or sell according to the complete flow,"neutral - Wants to rent out Etonitas Tower, unit still under construction","An AI attempted to contact Alan but the call went directly to voicemail. The AI began to leave a message, which was cut off before completion.",https://qgxgtavkovqklijfpnfl.supabase.co/storage/v1/object/public/owners_data_second/01a046be-32b2-777f-8bfc-27ab15e83e59-1787893298294-28ddc1a9-3704-466b-bb97-f21dffbc0aeb-stereo.wav,32302,01a046be-32b2-777f-8bfc-27ab15e83e59
Hot Seller / Landlord,ALLAN MOBERG,+971562322122,AETERNITAS TOWER,5901,Dubai Marina,Unit,-,2026-08-28 05:00:53.537+00,9,Awaiting availability – anyone who says yes to rent or sell according to the complete flow,"neutral - Wants to rent out Etonitas Tower, unit still under construction","An AI attempted to connect with Aland, but the call went directly to voicemail. The AI was prompted to leave a message after the tone.",https://qgxgtavkovqklijfpnfl.supabase.co/storage/v1/object/public/owners_data_second/01a046bd-bd18-7885-a7a7-dcbdf1e674ea-1787893265443-ed25ffde-5fac-4539-92cd-2f8ba6cc17a6-stereo.wav,32302,01a046bd-bd18-7885-a7a7-dcbdf1e674ea
Hot Seller / Landlord,PRAKASH VALABDAS BHATIA VALABHADAS BHATIA,+971553044423,Orra The Embankment,2504,Jumeirah Lake Towers (JLT),Apartment,-,2026-08-27 10:45:29.503+00,187,Awaiting availability – anyone who says yes to rent or sell according to the complete flow,"Landlord has 7 JLT units available to rent, shared types and rental rates","Maya from AS Properties contacted Prakash regarding his property portfolio in JLT. Prakash confirmed he owns 15-17 units total, with 10 currently tenanted and 7 available for rent (6 two-bedroom units at AED 170,000-190,000/year and 1 one-bedroom at AED 110,000/year), all located in the same building. Maya scheduled a follow-up call with a senior consultant between 10 AM and 2 PM to discuss marketing the available units, though Prakash mentioned they are already listed with other agents.",https://qgxgtavkovqklijfpnfl.supabase.co/storage/v1/object/public/owners_data_second/01a042d2-dc42-7eef-acfb-eea611487e83-1787827718880-8a9717ed-8e12-4818-a20b-78de46025de2-stereo.wav,27048,01a042d2-dc42-7eef-acfb-eea611487e83
Hot Seller / Landlord,MUKESH CHAUDHARY KHUSHI RAM,+971521273944,Golf Views Seven City,B23 08,Jumeirah Lake Towers (JLT),Apartment,-,2026-08-27 10:45:09.434+00,107,Awaiting availability – anyone who says yes to rent or sell according to the complete flow,"Wants to sell studio, gave price, open if buyer found","Maya from AS Properties contacted Mukesh about his studio unit at Golfuse 7 City in JLT, which is still under construction. Mukesh confirmed he is open to selling the unit for 650,000 AED if a buyer is found, and it is not currently listed elsewhere. He agreed to a callback from a senior consultant within the hour to discuss the sale further.",https://qgxgtavkovqklijfpnfl.supabase.co/storage/v1/object/public/owners_data_second/01a042d2-95b8-744d-b7d9-d391f516f197-1787827619525-8902427f-b7ab-42e4-b060-fc5e5263e717-stereo.wav,27044,01a042d2-95b8-744d-b7d9-d391f516f197
Hot Seller / Landlord,AHMED SALAH AHMED ALSAWI,+971554067189,THE SQUARE,JVC13CHRA005,Jumeirah Village Circle,Residential,-,2026-08-27 10:40:21.075+00,94,Awaiting availability – anyone who says yes to rent or sell according to the complete flow,"Wants to rent out furnished studio, prefers WhatsApp contact",Maya from AS Properties called the user about their furnished studio unit at The Square in Jumeirah Village Circle. The user confirmed they are looking to rent it out for 4000 per month. They requested that AS Properties contact them via WhatsApp to discuss further.,https://qgxgtavkovqklijfpnfl.supabase.co/storage/v1/object/public/owners_data_third/01a042ce-3a7e-7bb4-b10c-cb917ea306e1-1787827317812-f939b72c-2acd-4727-89b2-99112121d014-stereo.wav,43371,01a042ce-3a7e-7bb4-b10c-cb917ea306e1
Hot Seller / Landlord,ABDULKARIM ABDULRAHIM MOHAMMED IBRAHIM ALRAEESI,+971506230550,Palace Towers,704,Dubai Silicon Oasis (DSO),Residential,-,2026-08-27 10:12:45.416+00,41,Awaiting availability – anyone who says yes to rent or sell according to the complete flow,"Customer wants to rent out property, requested follow-up from office number",,https://qgxgtavkovqklijfpnfl.supabase.co/storage/v1/object/public/call_recordings_16july/01a042b5-036f-7558-bdb3-f37f76dc30c2-1787825608697-0088eccf-fa37-4aaf-8ac7-00c2717da19d-stereo.wav,42950,01a042b5-036f-7558-bdb3-f37f76dc30c2
Hot Seller / Landlord,JEAN LEON BATMANIAN,+971566965442,Axis Residences,503,Dubai Silicon Oasis (DSO),Residential,-,2026-08-27 09:47:07.296+00,35,Awaiting availability – anyone who says yes to rent or sell according to the complete flow,"Owner says not selling now, property currently rented","Maya from Ace Properties called John to inquire if he was open to selling his unit in Dubai Silicon Oasis. John declined, stating he is not interested in selling at this time because the unit is currently rented.",https://qgxgtavkovqklijfpnfl.supabase.co/storage/v1/object/public/owners_data_third/01a0429d-9397-7eeb-a096-13e9c25637d6-1787824065087-9ef1f2df-93cb-4c88-85c8-9f758bb86895-stereo.wav,43276,01a0429d-9397-7eeb-a096-13e9c25637d6
Hot Seller / Landlord,VIKAS GUPTA CHETAN SARUP GUPTA,+971507710839,GREEN LAKES S1,2406,Jumeirah Lake Towers (JLT),Apartment,-,2026-08-27 09:45:09.638+00,117,Awaiting availability – anyone who says yes to rent or sell according to the complete flow,"Wants to sell 1BR, shared price, requested agency details and call","Maya from AS Properties called Dikas regarding his 1-bedroom unit at Green Lakes s 1 in JLT, which he intends to sell for 1.6 million dirhams. Although the unit is already listed with another agent, Maya offered to work alongside them to widen the reach. Dikas requested agency details, and a senior consultant from AS Properties will call him today at 3 PM to discuss further.",https://qgxgtavkovqklijfpnfl.supabase.co/storage/v1/object/public/owners_data_second/01a0429b-be30-7eef-b1ef-f863a9761319-1787824029313-7e7636ff-a438-4604-8e04-64cd7336562d-stereo.wav,27300,01a0429b-be30-7eef-b1ef-f863a9761319
Hot Seller / Landlord,SHARJI ABRAHAM MATHEW MANAKKADAMPALLIL ABRAHAM MATHEW,+971503690349,Pearls by Vision,401,Dubai Silicon Oasis (DSO),Apartments,-,2026-08-27 09:19:44.971+00,59,Awaiting availability – anyone who says yes to rent or sell according to the complete flow,"Wants to sell multiple units, requested WhatsApp follow-up",,https://qgxgtavkovqklijfpnfl.supabase.co/storage/v1/object/public/call_recordings_16july/01a04284-78cd-7113-a0aa-6ef790bf89d6-1787822446538-11f1dabb-580a-4d20-b6ea-cefc37be0539-stereo.wav,42680,01a04284-78cd-7113-a0aa-6ef790bf89d6
Hot Seller / Landlord,ALPESH VINODRAI TANNA,+971556670078,Sulafa Tower,5007,Dubai Marina,Flat,-,2026-08-27 09:19:16.983+00,117,Awaiting availability – anyone who says yes to rent or sell according to the complete flow,"Wants to rent out unit, set rent, later said not interested","Maya from AS Properties called Alpesh regarding his unit at Sulafar Tower to inquire about selling or renting. After initial confusion, Alpesh clarified he was looking to rent the unit for 2,300,000 Rand annually, which Maya converted to approximately 850,000-900,000 AED per year. Alpesh then abruptly ended the call, stating he was not interested.",https://qgxgtavkovqklijfpnfl.supabase.co/storage/v1/object/public/owners_data_second/01a04284-19b9-7113-a0a2-b9efc8222c1b-1787822476158-4c1f6a95-817a-4608-8908-a5d82265c4b9-stereo.wav,32563,01a04284-19b9-7113-a0a2-b9efc8222c1b
Hot Seller / Landlord,PRAVEEN RAMANATHAN RAMANATHAN,+971561917836,Oasiz 1 by Danube,1606,Dubai Silicon Oasis (DSO),Residential,-,2026-08-27 08:52:49.601+00,18,Awaiting availability – anyone who says yes to rent or sell according to the complete flow,"Confirmed owner, hesitant but open to selling or renting eventually",,https://qgxgtavkovqklijfpnfl.supabase.co/storage/v1/object/public/call_recordings_16july/01a0426b-adae-7113-9ffc-b97146b8b12b-1787820790115-0e534488-1b92-4b1f-8841-8cc55ec6f6a5-stereo.wav,42904,01a0426b-adae-7113-9ffc-b97146b8b12b
Hot Seller / Landlord,ISRAA MASOUD  HAMOUD,+31640602177,Oasiz 1 by Danube,404,Dubai Silicon Oasis (DSO),Residential,-,2026-08-27 08:33:17.399+00,88,Awaiting availability – anyone who says yes to rent or sell according to the complete flow,"Wants to sell, prefers Arabic-speaking consultant follow-up","Maya from ASP Properties called Israel regarding his 2-bedroom unit at Oasis 1 by Danube, inquiring if he was open to selling it. Israel confirmed his interest in selling, but due to a language barrier, Maya arranged for an Arabic-speaking colleague to call him back to discuss further details.",https://qgxgtavkovqklijfpnfl.supabase.co/storage/v1/object/public/owners_data_third/01a0425a-06c2-7113-9f7a-163feb01b4d7-1787819687947-8a9dc8d2-8060-41d3-8f69-a5514f2abf84-stereo.wav,43195,01a0425a-06c2-7113-9f7a-163feb01b4d7
Hot Seller / Landlord,VINEET KUMAR SURESH KUMAR,+971509289684,Pearls by Vision,602,Dubai Silicon Oasis (DSO),Apartments,-,2026-08-27 08:15:16.571+00,81,Awaiting availability – anyone who says yes to rent or sell according to the complete flow,"Unit rented, will confirm renewal or availability in 1 week","Maya from AS Property called Vineet regarding his unit in Dubai, which is currently rented. Vineet is negotiating a lease renewal with his current tenants at a higher rate (82k, up from 80k) and expects to receive confirmation within the next week. Maya will follow up once Vineet has clarity on the renewal status.",https://qgxgtavkovqklijfpnfl.supabase.co/storage/v1/object/public/owners_data_third/01a04249-5783-7ff7-9b0d-0568b0df3202-1787818599778-a24b889f-63ff-4a38-9037-e11226c20cb6-stereo.wav,42615,01a04249-5783-7ff7-9b0d-0568b0df3202
Hot Seller / Landlord,Bharat Kumar Bathula Venkata Subbarao Bathula,+971545257327,Spring Oasis,803,Dubai Silicon Oasis (DSO),Apartments,-,2026-08-27 08:07:27.547+00,132,Awaiting availability – anyone who says yes to rent or sell according to the complete flow,"Wants to sell, discussed process, agreed to be contacted via WhatsApp","Maya from AS Properties called Bharat about selling his unit, despite him already having three agents working on it. She proposed their service as a complementary approach to reach a different buyer pool without upfront cost, only earning commission upon sale. Bharat agreed to have a senior consultant contact him via WhatsApp to discuss the details further.",https://qgxgtavkovqklijfpnfl.supabase.co/storage/v1/object/public/owners_data_third/01a04242-3c40-7224-b839-c1f9b70a83ae-1787818182130-cb8012fb-2b6f-42c6-85c9-6e33c3b6ef90-stereo.wav,42585,01a04242-3c40-7224-b839-c1f9b70a83ae
Hot Seller / Landlord,SHAZIA REHMAN,+971507392656,Oasis High Park,710,Dubai Silicon Oasis (DSO),Residential,-,2026-08-27 07:40:45.569+00,20,Awaiting availability – anyone who says yes to rent or sell according to the complete flow,"Property already rented out, no further details shared","Maya from AS Properties called Chazal regarding their unit at Oasis High Park in Dubai Silicon Oasis. Chazal confirmed their identity but immediately stated that the unit was already rented, leading to an abrupt end to the call.",https://qgxgtavkovqklijfpnfl.supabase.co/storage/v1/object/public/owners_data_third/01a04229-d303-7eef-aec2-4d468f8d4635-1787816467939-df2676e7-211b-4518-857b-9f5f4a2f511d-stereo.wav,42786,01a04229-d303-7eef-aec2-4d468f8d4635
Hot Seller / Landlord,NOOR UL HASAN  SYED,+97455857187,Oasiz 1 by Danube,408,Dubai Silicon Oasis (DSO),Apartments,-,2026-08-27 07:00:07.579+00,138,Awaiting availability – anyone who says yes to rent or sell according to the complete flow,"Wants to sell after handover, expects price above 736000, prefers 2 months post-handover",,https://qgxgtavkovqklijfpnfl.supabase.co/storage/v1/object/public/call_recordings_16july/01a04204-72e3-7ff7-998e-1d41078db036-1787814148110-2bea2891-1fb7-4cfa-803a-cb9b5fe91f0d-stereo.wav,42549,01a04204-72e3-7ff7-998e-1d41078db036
Hot Seller / Landlord,JAD SULEIMAN OBIED,+971504936126,Silicon Heights,821,Dubai Silicon Oasis (DSO),Residential,-,2026-08-27 06:39:25.336+00,21,Awaiting availability – anyone who says yes to rent or sell according to the complete flow,"Initially refused, then agreed to rent out unit",,https://qgxgtavkovqklijfpnfl.supabase.co/storage/v1/object/public/call_recordings_16july/01a041f1-a0d5-7ff7-9917-ed295e74b133-1787812788747-d72cefdf-2cdc-42be-bb9b-fffe32bb944a-stereo.wav,42772,01a041f1-a0d5-7ff7-9917-ed295e74b133
Hot Seller / Landlord,EVELINE MARIA LOUISE ILLICH,+4369910096024,Tria,1724,Dubai Silicon Oasis (DSO),Apartments,-,2026-08-27 06:19:47.265+00,200,Awaiting availability – anyone who says yes to rent or sell according to the complete flow,"Open to sell at 1.5M, also curious about buying",,https://qgxgtavkovqklijfpnfl.supabase.co/storage/v1/object/public/call_recordings_16july/01a041df-b456-7113-9d4d-a61026f52637-1787811789981-f82d6732-b292-4f86-aa04-86382790a186-stereo.wav,43128,01a041df-b456-7113-9d4d-a61026f52637
Hot Seller / Landlord,MOUAYAD SALAH ABU GHAIDA,+971507276334,THE SQUARE,JVC13CHRA005,Jumeirah Village Circle,Residential,-,2026-08-27 06:13:45.999+00,128,Awaiting availability – anyone who says yes to rent or sell according to the complete flow,"Wants to rent out in Regina Tower, unit available sixth of next month",,https://qgxgtavkovqklijfpnfl.supabase.co/storage/v1/object/public/call_recordings_16july/01a041da-335a-7441-a62d-583ae23f7d76-1787811356522-75811865-1948-4b05-ba76-18d700f3dedd-stereo.wav,43464,01a041da-335a-7441-a62d-583ae23f7d76
Hot Seller / Landlord,NAILA  RAZI,+447443100008,Oasiz 1 by Danube,2605,Dubai Silicon Oasis (DSO),Apartments,-,2026-08-27 05:54:34.873+00,148,Awaiting availability – anyone who says yes to rent or sell according to the complete flow,"Owner will consider renting once completed, discussed rent expectations","An AI from AS Properties contacted a property owner about their off-plan unit in Dubai, inquiring if they were interested in selling or renting it out upon completion in November 2027. The owner confirmed they were open to renting but ultimately rejected the AI's estimated rental income range of 2000-2800 dirhams per month for a 1-bedroom unit, leading them to end the call.",https://qgxgtavkovqklijfpnfl.supabase.co/storage/v1/object/public/owners_data_third/01a041c8-8a2a-7bb4-ab94-cd13216d6630-1787810225884-8344f809-48b2-4807-ab57-5d5a8387a388-stereo.wav,42531,01a041c8-8a2a-7bb4-ab94-cd13216d6630
Hot Seller / Landlord,VENKATA RAMANA MURTHY TEKETI,+971566446929,DAMAC LAGOONS - COSTA BRAVA (2),-,DAMAC Lagoons,Townhouse,-,2026-08-27 05:22:03.293+00,142,Awaiting availability – anyone who says yes to rent or sell according to the complete flow,"Owner open to sell or rent if price is right, shared price range","Maya from AS Properties spoke with the owner's wife about their 3-bedroom unit at Damak Lagoons, Costa Brava, in Dubai. The owners are open to selling or renting the property, with a potential selling price range of 2.2 to 2.8 million AED. A senior consultant will contact the husband via WhatsApp on Saturday after 5 PM to discuss options further.",https://qgxgtavkovqklijfpnfl.supabase.co/storage/v1/object/public/owners_data_second/01a041aa-e2e5-7ff7-9833-17ea38865888-1787808267623-5b50f749-8a2c-430a-aad0-86769d3d2276-stereo.wav,28477,01a041aa-e2e5-7ff7-9833-17ea38865888
Hot Seller / Landlord,MANISH JAIDEV JAIDEV GIANCHAND KASHYAP KASHYAP,+971505955048,Tria,2513,Dubai Silicon Oasis (DSO),Apartments,-,2026-08-27 05:01:49.141+00,114,Awaiting availability – anyone who says yes to rent or sell according to the complete flow,"Owner considering renting after handover, unsure on rental price",,https://qgxgtavkovqklijfpnfl.supabase.co/storage/v1/object/public/call_recordings_16july/01a04198-4a9c-7224-b4fa-12d876375431-1787807025369-2222dd4a-6131-43e6-8100-272091a26dc2-stereo.wav,43081,01a04198-4a9c-7224-b4fa-12d876375431
Hot Seller / Landlord,ABDELFATTAH MOHAMED ABOUELNAGA OTHMAN,+971507077804,THE SQUARE,JVC13CHRA005,Jumeirah Village Circle,Residential,-,2026-08-27 03:35:46.238+00,0,Awaiting availability – anyone who says yes to rent or sell according to the complete flow,"neutral - Confirmed unit is a business, open to sell or rent out",,https://qgxgtavkovqklijfpnfl.supabase.co/storage/v1/object/public/call_recordings_16july/01a0b93f-78d2-7000-82d5-1d41ee08442f-1789814423376-d4c55804-4481-46dc-b41e-1d3f33f4759f-stereo.wav,43452,01a041b6-4aa3-722f-ae94-7301cba98df9
Hot Seller / Landlord,ABDELFATTAH MOHAMED ABOUELNAGA OTHMAN,+971507077804,THE SQUARE,JVC13CHRA005,Jumeirah Village Circle,Residential,-,2026-08-27 03:35:46.238+00,0,Awaiting availability – anyone who says yes to rent or sell according to the complete flow,"neutral - Confirmed unit is a business, open to sell or rent out",,https://qgxgtavkovqklijfpnfl.supabase.co/storage/v1/object/public/call_recordings_16july/01a0b93f-78d2-7000-82d5-1d41ee08442f-1789814423376-d4c55804-4481-46dc-b41e-1d3f33f4759f-stereo.wav,43452,01a09fe5-d2d3-7dd1-a462-57c7c9bbad06
Hot Seller / Landlord,MUATH ABDULLAH H ALMUTAIRI,+971545588793,THE SQUARE,JVC13CHRA005,Jumeirah Village Circle,Residential,-,2026-08-27 03:35:11.569+00,0,Awaiting availability – anyone who says yes to rent or sell according to the complete flow,"neutral - Said yes to selling or renting, call clarity poor, needs follow-up",,https://qgxgtavkovqklijfpnfl.supabase.co/storage/v1/object/public/owners_data_second/01a0a8e9-afc5-7885-ad66-6780956a6202-1789540412492-24a2d99f-3c1e-4c6a-b240-dff85f5ebf25-stereo.wav,43359,01a042d4-548e-7bb4-b122-ad2f30bb5e60
Hot Seller / Landlord,MUHAMMAD NASIR MUHAMMAD  IQBAL,+971559542208,SIT Tower,2212,Dubai Silicon Oasis (DSO),Residential,-,2026-08-27 03:34:37.741+00,0,Awaiting availability – anyone who says yes to rent or sell according to the complete flow,"positive - Owns full building, open to sell or rent, 1400/sqft, 7% return",,https://qgxgtavkovqklijfpnfl.supabase.co/storage/v1/object/public/owners_data_second/01a0a389-ffe1-7aab-a9ce-279853d45e51-1789450320827-1717998c-9646-4788-9d93-a6c1e14a153a-stereo.wav,43238,01a04290-738c-7ff7-9d33-492a1c505c4b
Hot Seller / Landlord,MUHAMMAD ASLAM MUHAMMAD YOUSUF,+971551160082,Arabian Gates,1207,Dubai Silicon Oasis (DSO),Residential,-,2026-08-27 03:34:20.964+00,0,Awaiting availability – anyone who says yes to rent or sell according to the complete flow,"positive - Wants to rent out 2BR at Arabian Gates, expects 90–95k, open to consultant call",,https://qgxgtavkovqklijfpnfl.supabase.co/storage/v1/object/public/owners_data_second/01a0b862-3972-7dd9-a401-1db029e24d4b-1789800019911-ec41954b-9882-4915-9923-6ddbccb017d9-stereo.wav,43190,01a09551-dcff-7000-803d-8a1b635bbb93
Hot Seller / Landlord,MUHAMMAD ASLAM MUHAMMAD YOUSUF,+971551160082,Arabian Gates,1207,Dubai Silicon Oasis (DSO),Residential,-,2026-08-27 03:34:20.964+00,0,Awaiting availability – anyone who says yes to rent or sell according to the complete flow,"positive - Wants to rent out 2BR at Arabian Gates, expects 90–95k, open to consultant call",,https://qgxgtavkovqklijfpnfl.supabase.co/storage/v1/object/public/owners_data_second/01a0b862-3972-7dd9-a401-1db029e24d4b-1789800019911-ec41954b-9882-4915-9923-6ddbccb017d9-stereo.wav,43190,01a04259-3036-7000-836f-b669e79113ac
Hot Seller / Landlord,ISRAA MASOUD  HAMOUD,+31640602177,Oasiz 1 by Danube,404,Dubai Silicon Oasis (DSO),Residential,-,2026-08-27 03:34:20.964+00,0,Awaiting availability – anyone who says yes to rent or sell according to the complete flow,"Wants to sell, prefers Arabic-speaking consultant follow-up",,https://qgxgtavkovqklijfpnfl.supabase.co/storage/v1/object/public/owners_data_third/01a0425a-06c2-7113-9f7a-163feb01b4d7-1787819687947-8a9dc8d2-8060-41d3-8f69-a5514f2abf84-stereo.wav,43195,01a01db5-ead5-7dd3-b0c0-210feb9245f6
Hot Seller / Landlord,BEBISTO ANTONY ANTONY THASAN ANTONY THASAN,+971507098278,Oasiz 2 by Danube,312,Dubai Silicon Oasis (DSO),Residential,-,2026-08-27 03:34:04.24+00,0,Awaiting availability – anyone who says yes to rent or sell according to the complete flow,positive - Open to sell or rent after handover next year,,https://qgxgtavkovqklijfpnfl.supabase.co/storage/v1/object/public/owners_data_second/01a0951b-7ce6-7ccf-b5d3-ee77daf79ee2-1789208074527-9fccf231-d512-4eee-a929-a958ef4dfeda-stereo.wav,43138,01a0424a-2e46-7558-bb1d-3e946319b9af
Hot Seller / Landlord,WAEL BOUZRIBA,+971527996208,Pearls by Vision,402,Dubai Silicon Oasis (DSO),Apartments,-,2026-08-27 03:33:46.815+00,0,Awaiting availability – anyone who says yes to rent or sell according to the complete flow,hesitant - Open to exploring selling or renting Pulse by Vision unit,,https://qgxgtavkovqklijfpnfl.supabase.co/storage/v1/object/public/owners_data_second/01a0ae4c-5aa8-7226-9eb2-3f60c15b4009-1789630700536-abc2b5e7-d27d-4fdb-9c16-0806ce117c34-stereo.wav,43124,01a041dc-f851-744d-b25d-5f62d4f1d000
Buyer Lead,AIJAZ ABDUL AZIZ,+971502205780,Oasis Star,112,Dubai Silicon Oasis (DSO),Apartments,-,2026-08-27 03:33:46.815+00,0,Create buyers lead – Anyone who wants to buy put in this,"positive - Looking to buy ready studio in Silicon Oasis, budget 380-400k, for investment",,https://qgxgtavkovqklijfpnfl.supabase.co/storage/v1/object/public/owners_data_second/01a0a53f-8d96-7ccd-9f38-b107a18ef6d0-1789478983681-2d4beb1b-18bc-4eb1-95d9-3a22f40c0351-stereo.wav,43096,01a041e2-7bcc-7558-b8e7-9d09536cf65f
Hot Seller / Landlord,WAEL BOUZRIBA,+971527996208,Pearls by Vision,402,Dubai Silicon Oasis (DSO),Apartments,-,2026-08-27 03:33:46.815+00,0,Awaiting availability – anyone who says yes to rent or sell according to the complete flow,hesitant - Open to exploring selling or renting Pulse by Vision unit,,https://qgxgtavkovqklijfpnfl.supabase.co/storage/v1/object/public/owners_data_second/01a0ae4c-5aa8-7226-9eb2-3f60c15b4009-1789630700536-abc2b5e7-d27d-4fdb-9c16-0806ce117c34-stereo.wav,43124,01a08a3a-313b-7dd2-ab56-d595a5291577
Hot Seller / Landlord,FAISAL MOIN MOINUDDIN,+971528260223,Pearls by Vision,701,Dubai Silicon Oasis (DSO),Apartments,-,2026-08-27 03:31:29.008+00,0,Awaiting availability – anyone who says yes to rent or sell according to the complete flow,"Open to selling and renting, requested company details",,https://qgxgtavkovqklijfpnfl.supabase.co/storage/v1/object/public/owners_data_second/01a0564c-a6ce-7000-8ce1-06f7f6dcab06-1788154344411-5ef3547b-0bae-4815-989f-816d358387e8-stereo.wav,42686,01a0419e-78a1-7556-bff6-2d93380a8936
Hot Seller / Landlord,SAFA SAMIEER M  ANTEET,+966544455804,Oasiz 1 by Danube,305,Dubai Silicon Oasis (DSO),Apartments,-,2026-08-27 03:30:39.087+00,0,Awaiting availability – anyone who says yes to rent or sell according to the complete flow,"positive - Wants to sell 1BR at Oasis 1, expects 1,000,500 AED, asked about commission",,https://qgxgtavkovqklijfpnfl.supabase.co/storage/v1/object/public/owners_data_second/01a0af6c-00f6-7eea-b7fc-7f26dd3799bf-1789649659021-959af5b9-3ded-455a-b5f4-90b5d3ce3782-stereo.wav,42536,01a041fe-68e4-7000-813e-8094a2271097
Hot Seller / Landlord,VANDANA RANBIR SINGH,+971561704984,O2 Residences,1802,Jumeirah Lake Towers (JLT),Apartment,-,2026-08-26 11:31:56.327+00,71,Awaiting availability – anyone who says yes to rent or sell according to the complete flow,"Has another property under construction, may discuss selling in 1 year","Maya from AS Properties called Parveen regarding their property at O2 Residences, inquiring if they were open to selling or renting. Parveen informed Maya that the property is already rented. Parveen also mentioned having another property under construction, but preferred to discuss it in about a year when it's ready.",https://qgxgtavkovqklijfpnfl.supabase.co/storage/v1/object/public/owners_data_second/01a03dd7-26f6-7008-afce-57500da4b832-1787743989511-b0de1d40-d813-4a22-90b9-4211dc4925b4-stereo.wav,26727,01a03dd7-26f6-7008-afce-57500da4b832
Hot Seller / Landlord,JAYESHKUMAR GORDHANBHAI PATEL,+971505565929,LIWA HEIGHTS 1,2702,Jumeirah Lake Towers (JLT),Apartment,-,2026-08-26 10:37:42.087+00,49,Awaiting availability – anyone who says yes to rent or sell according to the complete flow,Confirmed wants to rent out office commercial property,"Maya from AS Properties called Jaish Kumar regarding his unit at Lever Heights in JLT, inquiring if he was interested in selling or renting. Jaish Kumar stated he wanted to rent the property, clarifying it was a 1-bedroom commercial office block rather than a residential unit. The call ended shortly after this clarification.",https://qgxgtavkovqklijfpnfl.supabase.co/storage/v1/object/public/owners_data_second/01a03da5-7c4b-7008-aee2-292732c976eb-1787740714008-23758319-2bf3-4170-ac9c-1242d43aece6-stereo.wav,24769,01a03da5-7c4b-7008-aee2-292732c976eb
Hot Seller / Landlord,ADIL HUSSAIN ILYAS,+971567379398,ELITE BUSINESS BAY RESIDENCE,2206,Business Bay,Apartment,-,2026-08-26 08:51:24.06+00,98,Awaiting availability – anyone who says yes to rent or sell according to the complete flow,"Studio at Elite Business Bay, vacant soon, wants to rent, expects 60,000 AED","Maya from AS Properties called Adil regarding his studio unit at Elite Business Bay Residence, which he is open to renting for 55,000-60,000 AED annually. The unit is not currently listed elsewhere. A senior consultant will call Adil in about 1.5 hours to discuss the rental further.",https://qgxgtavkovqklijfpnfl.supabase.co/storage/v1/object/public/owners_data_second/01a03d44-3704-7666-a263-fee5c183149f-1787734384514-8aa98bfc-9c5e-49ff-ac31-9a29838a7415-stereo.wav,29221,01a03d44-3704-7666-a263-fee5c183149f
Hot Seller / Landlord,ADIL HUSSAIN ILYAS,+971567379398,Elite Business Bay Residence,2206,Business Bay,46.3,-,2026-08-26 08:51:24.06+00,98,Awaiting availability – anyone who says yes to rent or sell according to the complete flow,"Studio at Elite Business Bay, vacant soon, wants to rent, expects 60,000 AED","Maya from AS Properties called Adil regarding his studio unit at Elite Business Bay Residence, which he is open to renting for 55,000-60,000 AED annually. The unit is not currently listed elsewhere. A senior consultant will call Adil in about 1.5 hours to discuss the rental further.",https://qgxgtavkovqklijfpnfl.supabase.co/storage/v1/object/public/owners_data_second/01a03d44-3704-7666-a263-fee5c183149f-1787734384514-8aa98bfc-9c5e-49ff-ac31-9a29838a7415-stereo.wav,46993,01a03d44-3704-7666-a263-fee5c183149f
Hot Seller / Landlord,DEEPESH LALJI LAXMAN,+971504536215,DEC TOWERS T2,T2-1302,Dubai Marina,Unit,-,2026-08-26 07:27:28.418+00,116,Awaiting availability – anyone who says yes to rent or sell according to the complete flow,"Wants to rent out unit, shared rental rate, open to discussion","Maya from AS Properties contacted Deepsh regarding renting out his 2-bedroom unit at DEC Towers T2 in Dubai Marina, for which he is asking 150,000 AED per year, though the rate is negotiable. Deepsh confirmed he is not looking for an exclusive listing. A senior consultant from AS Properties will call Deepsh to discuss the rental strategy further.",https://qgxgtavkovqklijfpnfl.supabase.co/storage/v1/object/public/owners_data_second/01a03cf7-64d1-7557-9f36-56b8f96edb2c-1787729367352-bd6550eb-3d82-4258-9d02-94d9fc86c97b-stereo.wav,32959,01a03cf7-64d1-7557-9f36-56b8f96edb2c
Hot Seller / Landlord,ISRAA MASOUD  HAMOUD,+31640602177,Oasiz 1 by Danube,404,Dubai Silicon Oasis (DSO),Residential,-,2026-08-26 06:31:51.615+00,38,Awaiting availability – anyone who says yes to rent or sell according to the complete flow,"Wants to sell, prefers Arabic-speaking consultant follow-up","Maya from ASP Properties called Israel regarding his unit at Base 101 in Business Bay to inquire about selling or renting. Israel declined the offer, stating ""No,"" and also mentioned he speaks Arabic. The call ended shortly after this interaction.",https://qgxgtavkovqklijfpnfl.supabase.co/storage/v1/object/public/owners_data_second/01a03cc4-781d-7771-ba5c-ff1ca9d85c41-1787725952747-103b1f5e-75c4-4082-8619-0f2ebbb58e20-stereo.wav,43195,01a03cc4-781d-7771-ba5c-ff1ca9d85c41
Hot Seller / Landlord,MATTHEW BORG,+971559158435,JUMAIRAH BAY TOWER-X1-1,2104,Jumeirah Lake Towers (JLT),Apartment,-,2026-08-26 06:06:15.321+00,138,Awaiting availability – anyone who says yes to rent or sell according to the complete flow,"Already listed for sale with 3 agents, not open to new listing","Maya from AS Properties called Matthew regarding his unit at Jumeirah Bay Tower, which he has listed for sale with three agents for about a month. Matthew has received viewings but only low offers. Maya offered AS Properties' services to help secure a better price or faster sale, but Matthew declined as he already has the maximum number of agents.",https://qgxgtavkovqklijfpnfl.supabase.co/storage/v1/object/public/owners_data_second/01a03cac-f752-700e-92ea-85086e370951-1787724515714-ab854e0f-0bd6-4ca2-83aa-6fcdf240791f-stereo.wav,23574,01a03cac-f752-700e-92ea-85086e370951
Hot Seller / Landlord,JAMES ANTHONY MOORE,+971551396418,MARINA VIEW TOWERS B,204,Dubai Marina,Unit,-,2026-08-25 12:46:03.304+00,21,Awaiting availability – anyone who says yes to rent or sell according to the complete flow,"Wants to rent out unit, asked not to call now","Maya from AS Properties called James regarding his unit at Marina View Towers B in Dubai Marina. James quickly interrupted, stating it was ""not the time"" and he was ""all for rent,"" before ending the call.",https://qgxgtavkovqklijfpnfl.supabase.co/storage/v1/object/public/owners_data_second/01a038f4-5ff3-7ff2-a96e-d05da9b2d882-1787661987317-d44e831f-0088-440a-9405-f4e39d383c8b-stereo.wav,31397,01a038f4-5ff3-7ff2-a96e-d05da9b2d882
Hot Seller / Landlord,FABIO RAFFAELI,+971565870740,DAMAC TOWERS BY PARAMOUNT,-,Business Bay,Apartment,-,2026-08-25 11:46:00.304+00,21,Awaiting availability – anyone who says yes to rent or sell according to the complete flow,Confirmed open to sell or rent property,,https://qgxgtavkovqklijfpnfl.supabase.co/storage/v1/object/public/call_recordings_16july/01a038bd-b479-7772-be06-7430614cea38-1787658384419-1c069457-a1da-4c90-acf9-dc1d934ce49e-stereo.wav,42164,01a038bd-b479-7772-be06-7430614cea38
Hot Seller / Landlord,JAIBALAJI DURAI RAJU,+971505284398,PARAMOUNT TOWER HOTEL & RESIDENCES,-,Business Bay,Apartment,-,2026-08-25 11:34:07.823+00,0,Awaiting availability – anyone who says yes to rent or sell according to the complete flow,"positive - Wants to sell 3BR at Paramount, prefers WhatsApp for price discussions",,https://qgxgtavkovqklijfpnfl.supabase.co/storage/v1/object/public/owners_data_second/01a08ff4-f22d-7000-80c0-d8cc8a0971f2-1789121670873-94c30e1a-4812-4bec-989d-03fe675a43b3-stereo.wav,42434,01a03908-7438-7ff1-a639-69db58910e15
Hot Seller / Landlord,OLIVER ELIE MITRI,+971506312878,PARAMOUNT TOWER HOTEL & RESIDENCES,-,Business Bay,Apartment,-,2026-08-25 11:34:07.823+00,0,Awaiting availability – anyone who says yes to rent or sell according to the complete flow,"Wants to sell 3 bedroom, asked about other available units",,https://qgxgtavkovqklijfpnfl.supabase.co/storage/v1/object/public/owners_data_third/01a03910-6453-7000-807d-9b7ab5932d84-1787663831468-07908aee-822c-49c0-81d7-361c7ec86aed-stereo.wav,42432,01a0c87a-1754-7000-80c2-cdb7a09ee957
Hot Seller / Landlord,HAZIM MOSTAFA A ZAGZOOG,+966555359995,DAMAC TOWERS BY PARAMOUNT,-,Business Bay,Apartment,-,2026-08-25 11:32:41.586+00,0,Awaiting availability – anyone who says yes to rent or sell according to the complete flow,"Owner asked about selling price, requested report on WhatsApp",,https://qgxgtavkovqklijfpnfl.supabase.co/storage/v1/object/public/owners_data_second/01a0571d-e9b0-7000-a789-5c33cc135693-1788168109168-6d2625a3-0642-4d08-9646-5b66df289ee5-stereo.wav,42146,01a046ff-8ecc-788f-a109-9d08e9b9ad12
Hot Seller / Landlord,HAZIM MOSTAFA A ZAGZOOG,+966555359995,DAMAC TOWERS BY PARAMOUNT,-,Business Bay,Apartment,-,2026-08-25 11:32:41.586+00,0,Awaiting availability – anyone who says yes to rent or sell according to the complete flow,"Owner asked about selling price, requested report on WhatsApp",,https://qgxgtavkovqklijfpnfl.supabase.co/storage/v1/object/public/owners_data_second/01a0571d-e9b0-7000-a789-5c33cc135693-1788168109168-6d2625a3-0642-4d08-9646-5b66df289ee5-stereo.wav,42146,01a038b6-c922-7ff1-a421-b3fd9662c102
Hot Seller / Landlord,ABBAS HAMMOUD,+971553971737,DAMAC Towers by Paramount Hotels and Resorts,-,Business Bay,Apartment,-,2026-08-25 11:32:07.616+00,0,Awaiting availability – anyone who says yes to rent or sell according to the complete flow,"Wants to sell 3BR at Damak Towers, asks 4.2M, no other agents listed",,https://qgxgtavkovqklijfpnfl.supabase.co/storage/v1/object/public/owners_data_second/01a08a60-14da-7ee3-b48f-747fa2abdcb3-1789028045177-3d12a1ce-6bb7-47e9-b2a1-f17269ec6621-stereo.wav,42058,01a038fa-2a25-777f-b838-b56d36fe66af
Hot Seller / Landlord,MUSTAFA SYED SYED SHUJAAT HUSSAIN,+971521672062,DAMAC LAGOONS - COSTA BRAVA (2),-,DAMAC Lagoons,Townhouse,-,2026-08-25 08:38:14.817+00,86,Awaiting availability – anyone who says yes to rent or sell according to the complete flow,"Wants to rent out, shared rental price and bedrooms","Maya from AS Properties contacted Mustafa regarding his 4-bedroom unit at Damac Lagoon's Costa Brava to inquire about selling or renting. Mustafa confirmed he intends to rent the property for at least 190,000 per year and indicated it is not currently listed with another agent. The call ended with the agent asking about exclusivity.",https://qgxgtavkovqklijfpnfl.supabase.co/storage/v1/object/public/owners_data_second/01a03811-c93c-7ff2-a413-dd44dd5f4fec-1787647182915-d942d83a-a4f0-41a7-ba13-0325d38c24b3-stereo.wav,28422,01a03811-c93c-7ff2-a413-dd44dd5f4fec
Hot Seller / Landlord,Martina; Konrad,+971502572743,Dubai Arch Tower (G1),1703,Jumeirah Lakes Towers,Residential,-,2026-08-25 08:27:50.537+00,83,Awaiting availability – anyone who says yes to rent or sell according to the complete flow,"Unit rented, asked for current market price, no sale intent now","Maya from AS Properties called Martina regarding her unit at Dubai Edge Tower, inquiring if she was open to selling or renting it. Martina stated the unit is currently rented and she had no immediate plans to sell, but asked about the current market price. Maya provided a price range, and Martina ultimately decided to keep the unit due to good rental income.",https://qgxgtavkovqklijfpnfl.supabase.co/storage/v1/object/public/owners_data_second/01a03808-1d68-7ee7-b9c9-5e4dd2dd8235-1787646556173-246b703e-6c4c-4f74-8200-cc20776426fd-stereo.wav,30584,01a03808-1d68-7ee7-b9c9-5e4dd2dd8235
Hot Seller / Landlord,ATAKAN ILDAY,+971529572322,LAKE VIEW,35,Jumeirah Lake Towers (JLT),Apartment,-,2026-08-24 13:45:46.929+00,101,Awaiting availability – anyone who says yes to rent or sell according to the complete flow,"Wants to sell or rent shop, open to both options","Maya from AS Properties contacted Atakan regarding his retail shop at Lakeview in Jumeirah Lake Towers. Atakan confirmed he is open to both selling and renting the shop. The call ended with Maya confirming they could explore both options, before specific pricing or rental income was discussed.",https://qgxgtavkovqklijfpnfl.supabase.co/storage/v1/object/public/owners_data_second/01a03404-ffb0-7775-9f90-6d2d68fba381-1787579250869-863d46dd-41c9-4bfb-93d8-1a10fc431c07-stereo.wav,27496,01a03404-ffb0-7775-9f90-6d2d68fba381
Hot Seller / Landlord,ANKUR GARG DUSHYANT KUMAR GARG,+971555342166,PG ONE AT AL FURJAN,302,Al Furjan,Unit,-,2026-08-24 12:27:41.16+00,59,Awaiting availability – anyone who says yes to rent or sell according to the complete flow,"Open to sell or rent, asked for WhatsApp follow-up","Maya from AS Properties called Ankur regarding his unit at PG1 in Al Furjan to inquire about selling or renting the property. Ankur requested Maya to communicate via WhatsApp, confirming his unit is currently rented but he is open to selling it.",https://qgxgtavkovqklijfpnfl.supabase.co/storage/v1/object/public/owners_data_second/01a033bd-6494-788e-8a26-3428deea8e73-1787574522522-c384dea9-aa1b-4b08-9b88-6f9abe514874-stereo.wav,14340,01a033bd-6494-788e-8a26-3428deea8e73
Hot Seller / Landlord,ANKUR GARG DUSHYANT KUMAR GARG,+971555342166,PG ONE AT AL FURJAN,302,Al Furjan,Apartment,-,2026-08-24 12:27:41.16+00,59,Awaiting availability – anyone who says yes to rent or sell according to the complete flow,"Open to sell or rent, asked for WhatsApp follow-up","Maya from AS Properties called Ankur regarding his unit at PG1 in Al Furjan to inquire about selling or renting the property. Ankur requested Maya to communicate via WhatsApp, confirming his unit is currently rented but he is open to selling it.",https://qgxgtavkovqklijfpnfl.supabase.co/storage/v1/object/public/owners_data_second/01a033bd-6494-788e-8a26-3428deea8e73-1787574522522-c384dea9-aa1b-4b08-9b88-6f9abe514874-stereo.wav,35505,01a033bd-6494-788e-8a26-3428deea8e73
Hot Seller / Landlord,BASSEM MOHAMAD EL ZARIF,+971523756443,DUBAI GATE ONE,1020,Jumeirah Lake Towers (JLT),Apartment,-,2026-08-24 11:47:13.747+00,35,Awaiting availability – anyone who says yes to rent or sell according to the complete flow,"Property rented, 2 years left on tenant's lease",An AI agent from AS Properties called Basim regarding his unit at Dubai Gate 1 in JLT. Basim informed the agent that the unit is currently rented with two years remaining on the lease. The call ended as the AI was inquiring about selling the property after the lease expires.,https://qgxgtavkovqklijfpnfl.supabase.co/storage/v1/object/public/owners_data_third/01a03398-57af-799e-ae3a-72121c02c51e-1787572071792-4d347c01-a993-4d21-bc3d-d5acd31b3faf-stereo.wav,21807,01a03398-57af-799e-ae3a-72121c02c51e
Hot Seller / Landlord,PUNEET KHERA TILAK RAJ,+971503657935,Seven City JLT,B6 18,Jumeirah Lake Towers (JLT),Apartment,-,2026-08-24 10:54:46.995+00,190,Awaiting availability – anyone who says yes to rent or sell according to the complete flow,"Willing to sell if buyer found, shared price, provided wife's contact","Maya from AS Properties called Puneet regarding his 3-bedroom, fully furnished unit at 7 City JLT, which he is open to selling for 2.1-2.2 million. Puneet confirmed the property is listed elsewhere but agreed to have AS Properties' senior consultant contact his wife, Priti (a co-owner), in the afternoon to discuss further, providing her contact number.",https://qgxgtavkovqklijfpnfl.supabase.co/storage/v1/object/public/owners_data_third/01a03368-4134-7eec-ba1c-f9a47091cae8-1787569079843-af5e3d9e-e74c-4bc2-b2ec-2490ca7c9d15-stereo.wav,23021,01a03368-4134-7eec-ba1c-f9a47091cae8
Hot Seller / Landlord,MARAT GARAEV,+971544327706,Upper House East,E-3404,Jumeirah Lake Towers (JLT),Apartment,-,2026-08-24 10:38:12.594+00,140,Awaiting availability – anyone who says yes to rent or sell according to the complete flow,"Open to sell, wants buyer offers via WhatsApp only","Maya from AS Properties called Marit regarding their unit at Upper House East to inquire about selling. Marit confirmed they are open to selling but only wants to be contacted with a concrete offer from a real buyer, preferably via WhatsApp. Maya agreed to connect Marit with a consultant who handles buyer inquiries and will reach out via WhatsApp.",https://qgxgtavkovqklijfpnfl.supabase.co/storage/v1/object/public/owners_data_second/01a03358-b65d-7dda-8d90-cbda310cb109-1787568034835-5d070a83-4195-492c-a21c-4eca8f84cfa6-stereo.wav,27192,01a03358-b65d-7dda-8d90-cbda310cb109
Hot Seller / Landlord,ASTHA ARORA SANKET KHANNA,+971558869627,Lakepoint N2,2601,Jumeirah Lake Towers (JLT),Apartment,-,2026-08-24 10:05:28.789+00,169,Awaiting availability – anyone who says yes to rent or sell according to the complete flow,"Wants to sell, agrees to co-listing, prefers commission split",,https://qgxgtavkovqklijfpnfl.supabase.co/storage/v1/object/public/call_recordings_16july/01a0333b-62c5-700d-8fce-5fb6e227cb51-1787566100584-3268f5fa-ea88-4358-b878-9f7800d4cd89-stereo.wav,22340,01a0333b-62c5-700d-8fce-5fb6e227cb51
Hot Seller / Landlord,SARTAJ KADIAN RAN SINGH KADIAN,+971558199219,Golf Views Seven City,A11 19,Jumeirah Lake Towers (JLT),Apartment,-,2026-08-24 09:39:12.897+00,134,Awaiting availability – anyone who says yes to rent or sell according to the complete flow,"Willing to sell if good offer, shared price range, wants WhatsApp follow-up",,https://qgxgtavkovqklijfpnfl.supabase.co/storage/v1/object/public/call_recordings_16july/01a03322-89d1-7ffd-833c-fdf850168af3-1787564489848-2dcc5a12-27bd-4a49-ae72-2049072b2247-stereo.wav,21718,01a03322-89d1-7ffd-833c-fdf850168af3
Hot Seller / Landlord,VINEET KUMAR PATHAK,+971528622403,Golf Views Seven City,B26 04,Jumeirah Lake Towers (JLT),Apartment,-,2026-08-24 09:33:04.459+00,43,Awaiting availability – anyone who says yes to rent or sell according to the complete flow,"Unit under construction, interested to sell when complete",,https://qgxgtavkovqklijfpnfl.supabase.co/storage/v1/object/public/call_recordings_16july/01a0331d-5ece-7996-bbb8-57ca6ea64a4f-1787564030623-a9ab2d9b-7419-4b1c-ad60-8f19c1afdca6-stereo.wav,21694,01a0331d-5ece-7996-bbb8-57ca6ea64a4f
Hot Seller / Landlord,BAHAR OZMALDAR,+971527189900,Lakeshore Tower 1,3101,Jumeirah Lake Towers (JLT),Apartment,-,2026-08-24 09:21:41.072+00,137,Awaiting availability – anyone who says yes to rent or sell according to the complete flow,"Wants to rent out, agent has tenant, open to backup, requested WhatsApp","Maya from Ace called Bahar about their Lakeshore Tower 1 unit in JLT, finding that Bahar is open to renting and already has an agent with a potential client for a viewing. Bahar agreed that if the current viewing doesn't result in a rental, they will contact Ace via WhatsApp to explore their services. Ace will have a consultant ready to assist Bahar in renting out the property quickly if needed.",https://qgxgtavkovqklijfpnfl.supabase.co/storage/v1/object/public/owners_data_third/01a03313-312d-7000-9a29-7de57f16f881-1787563440734-c585d1e7-aef8-463a-b437-1d71d80c1fda-stereo.wav,23148,01a03313-312d-7000-9a29-7de57f16f881
Hot Seller / Landlord,MOHAMMADALI MOHAMMADMEHDI ESLAMIFETRAT,+971561817474,JUMAIRAH BAY TOWER-X2,4104,Jumeirah Lake Towers (JLT),Apartment,-,2026-08-24 07:52:08.269+00,168,Awaiting availability – anyone who says yes to rent or sell according to the complete flow,"Wants to rent and sell, requested WhatsApp for details",,https://qgxgtavkovqklijfpnfl.supabase.co/storage/v1/object/public/call_recordings_16july/01a032c0-8aa0-7ffe-a15a-53960b9e91d0-1787558099265-2767cc8f-be89-497b-bb8e-29b748164df3-stereo.wav,22244,01a032c0-8aa0-7ffe-a15a-53960b9e91d0
Buyer Lead,BASSAM MHD ADEL ALHAKIM,+971556448246,Seven City JLT,B9 04,Jumeirah Lake Towers (JLT),Apartment,-,2026-08-24 07:40:20.526+00,280,Create buyers lead – Anyone who wants to buy put in this,"Asked unit prices, sizes, and payment plan for 2-3BR in JLT","The AI initially called Bassam regarding his unit, but he informed them he had already sold it and was now looking to purchase a 2 or 3-bedroom apartment in JLT. The AI provided price ranges for both new and existing units, along with general information on handover times and payment plans. Bassam requested that project details be sent to his WhatsApp for review, after which a consultant would follow up.",https://qgxgtavkovqklijfpnfl.supabase.co/storage/v1/object/public/owners_data_third/01a032b6-5710-766c-b30a-2be64f8ae144-1787557503134-73269022-7616-4ad9-b501-303a4c6d7d83-stereo.wav,22278,01a032b6-5710-766c-b30a-2be64f8ae144
Hot Seller / Landlord,MEHUL DHIRAJLAL TURAKHIA DHIRAJLAL KANJIBHAI TURAKHIA,+971503061012,Al Waleed Paradise,1604,Jumeirah Lake Towers (JLT),Apartment,-,2026-08-24 07:27:37.934+00,34,Awaiting availability – anyone who says yes to rent or sell according to the complete flow,"Confirmed owner, open to hear about selling process","Maya from AS Properties contacted Mehul regarding his property at Alwaleed Paradise, Jumeira Lake Towers, to inquire about his interest in selling. Mehul confirmed ownership and expressed willingness to discuss, but the call ended abruptly before Maya could fully present her proposition.",https://qgxgtavkovqklijfpnfl.supabase.co/storage/v1/object/public/owners_data_second/01a032aa-b0ce-7442-be20-2542d7895dd1-1787556495049-2984cab7-62ce-4546-b6c2-b62342ff5e6b-stereo.wav,23458,01a032aa-b0ce-7442-be20-2542d7895dd1
Hot Seller / Landlord,MOHAMMED MUSSA MAHMOUD,+251911216081,The Bay,-,Business Bay,Residential,-,2026-08-24 07:19:56.332+00,165,Awaiting availability – anyone who says yes to rent or sell according to the complete flow,"Wants to rent out 1BR, asking 100k yearly, urgent to rent soon","Maya from AS Properties called Mohammed regarding his 1-bedroom unit at The Bay, which he wishes to rent out for approximately 100,000 per year. Mohammed emphasized the competitive market and his desire to rent the unit quickly. A senior consultant from AS Properties will contact him tomorrow around the same time with active inquiries.",https://qgxgtavkovqklijfpnfl.supabase.co/storage/v1/object/public/owners_data_second/01a032a3-bba7-7770-936a-642a4ec41dfb-1787556164210-fd9719e2-59ae-4987-a614-0eacdc721bbc-stereo.wav,39513,01a032a3-bba7-7770-936a-642a4ec41dfb
Hot Seller / Landlord,JASPREET SINGH OBEROI,+971559716010,Dubai Star,4503,Jumeirah Lake Towers (JLT),Apartment,-,2026-08-24 07:14:54.223+00,83,Awaiting availability – anyone who says yes to rent or sell according to the complete flow,"Open to renting out, asked for WhatsApp, follow-up next month",,https://qgxgtavkovqklijfpnfl.supabase.co/storage/v1/object/public/call_recordings_16july/01a0329f-079f-7dda-898b-ba64ae499c5e-1787555779705-9754cbde-a647-40a6-b79a-dbf8eab3f24b-stereo.wav,22059,01a0329f-079f-7dda-898b-ba64ae499c5e
Hot Seller / Landlord,PEDRAM MOHAMMAD EBRAHIM DEHGHANI,+971509305424,Lakeside,2510,Jumeirah Lake Towers (JLT),Apartment,-,2026-08-24 07:13:47.808+00,134,Awaiting availability – anyone who says yes to rent or sell according to the complete flow,"Wants to rent out unit until November, asked about market rent range",,https://qgxgtavkovqklijfpnfl.supabase.co/storage/v1/object/public/call_recordings_16july/01a0329e-0d4e-7ccb-8e4f-a35dcebd88f2-1787555764424-886ac71e-241d-4955-b67c-116511a97725-stereo.wav,22053,01a0329e-0d4e-7ccb-8e4f-a35dcebd88f2
Hot Seller / Landlord,BRONSON LERAY DAVIS,+971558894118,CONCORDE TOWER 1,2907,Jumeirah Lake Towers (JLT),Apartment,-,2026-08-24 06:48:33.568+00,223,Awaiting availability – anyone who says yes to rent or sell according to the complete flow,"Plans to sell villa after renovation, shared price and timeline","The AI, Maya from AS Properties, initially called Bronson about a property he no longer owns. Bronson informed her he plans to sell a fully renovated 3-bedroom villa with a pool in Mira Oasis for approximately 4.8 million AED around November. AS Properties will have a senior consultant contact him closer to that time to discuss selling options for the villa.",https://qgxgtavkovqklijfpnfl.supabase.co/storage/v1/object/public/owners_data_third/01a03287-0556-7442-bd35-045b295298d4-1787554339080-c9e9f305-7e1d-41c6-aedc-b6693c0a9a60-stereo.wav,23028,01a03287-0556-7442-bd35-045b295298d4
Hot Seller / Landlord,YANG GAO,+971564607033,DUBAI GATE ONE,1812,Jumeirah Lake Towers (JLT),Apartment,-,2026-08-24 05:52:14.696+00,42,Awaiting availability – anyone who says yes to rent or sell according to the complete flow,"Owner said property rented, lease ends next week",,https://qgxgtavkovqklijfpnfl.supabase.co/storage/v1/object/public/call_recordings_16july/01a03253-5e95-7446-ab98-bd4e03b8a25a-1787550779366-d88e3a2c-2e6e-4e9a-ae61-a2ec67e8eddc-stereo.wav,22219,01a03253-5e95-7446-ab98-bd4e03b8a25a
Hot Seller / Landlord,MANEL JENDOUBI,+971521074934,Seven City JLT,A11 12,Jumeirah Lake Towers (JLT),Apartment,-,2026-08-24 05:35:13.083+00,172,Awaiting availability – anyone who says yes to rent or sell according to the complete flow,"Owner, unit under construction, discussed price and intent to rent or sell","Maya from AS Properties called Manil regarding his 1-bedroom off-plan unit at 7 City JLT, which is still under construction and intended for investment. After clarifying the property's status, Manil indicated he is looking for 1.6 million for the unit and it is not currently listed elsewhere. A senior consultant will call Manil on Wednesday afternoon to discuss it further.",https://qgxgtavkovqklijfpnfl.supabase.co/storage/v1/object/public/owners_data_third/01a03243-9edf-799e-a73f-96c55c4ae09f-1787549888001-1432438b-8cef-4399-9dfc-1414053252a4-stereo.wav,22220,01a03243-9edf-799e-a73f-96c55c4ae09f
Hot Seller / Landlord,KRISTINA BAZZY,+971553125274,LAGUNA TOWER,3107,Jumeirah Lake Towers (JLT),Apartment,-,2026-08-24 05:33:05.082+00,88,Awaiting availability – anyone who says yes to rent or sell according to the complete flow,"Unit listed for rent, open to tenant, prefers direct inquiry","The AI from AS Properties called Christina about her unit at Laguna Tower, JLT, asking if she was open to selling or renting it. Christina clarified that the unit is already listed for rent and she is open to a tenant if the AI has a client, but she will not re-list it. The AI confirmed they would contact her if a suitable tenant inquiry arises.",https://qgxgtavkovqklijfpnfl.supabase.co/storage/v1/object/public/owners_data_second/01a03241-5997-7ccb-8cfc-511fdd7355eb-1787549676039-4e24ba10-a556-4eba-84f7-8bf17b03c022-stereo.wav,23612,01a03241-5997-7ccb-8cfc-511fdd7355eb
Hot Seller / Landlord,MAHMOOD AZAM ABDULLAH,+971582516999,Lakepoint N2,2710,Jumeirah Lake Towers (JLT),Apartment,-,2026-08-24 05:30:27.535+00,20,Awaiting availability – anyone who says yes to rent or sell according to the complete flow,"Wants to rent out from October, provided unit details, open to WhatsApp follow-up","Maya from AS Properties called Mahmud to inquire if he was interested in selling or renting his unit at FURSE by Danube and Al Fujian. Mahmud informed her that the unit was ""printed out already,"" indicating it was no longer available or he had made other arrangements, and the call ended.",https://qgxgtavkovqklijfpnfl.supabase.co/storage/v1/object/public/owners_data_second/01a0323f-7fad-7eed-ba87-fb55e18137b6-1787549450021-3036ed28-d8f7-4458-9406-a5a6072f70b8-stereo.wav,23505,01a0323f-7fad-7eed-ba87-fb55e18137b6
Hot Seller / Landlord,SHAFAGH NAJAFI,+971567907450,Seven City JLT,C2 23,Jumeirah Lake Towers (JLT),Apartment,-,2026-08-24 05:03:10.22+00,54,Awaiting availability – anyone who says yes to rent or sell according to the complete flow,Agreed to sell or rent but prefers meeting for details,,https://qgxgtavkovqklijfpnfl.supabase.co/storage/v1/object/public/call_recordings_16july/01a03226-7525-7000-81ee-bcf7918ac259-1787547847051-12f17494-d9d8-4edd-9b96-23f009aa524c-stereo.wav,21987,01a03226-7525-7000-81ee-bcf7918ac259
Hot Seller / Landlord,KHALDAH ABDULSHAKOUR A HAMAD,+971505130979,MBL RESIDENCE,506,Jumeirah Lake Towers (JLT),Apartment,-,2026-08-24 05:02:14.043+00,84,Awaiting availability – anyone who says yes to rent or sell according to the complete flow,"Wants to rent out 1BR, asked for WhatsApp follow-up",,https://qgxgtavkovqklijfpnfl.supabase.co/storage/v1/object/public/call_recordings_16july/01a03225-76cf-766e-abf9-a0e79d447579-1787547820463-8b5379a4-63dc-484c-899e-3a1b8dd7d43e-stereo.wav,21981,01a03225-76cf-766e-abf9-a0e79d447579
Hot Seller / Landlord,CLINTON JARED BROWN,+971506586687,BANYAN TREE RESIDENCES HILLSIDE DUBAI,2004,Jumeirah Lake Towers (JLT),Apartment,-,2026-08-23 03:35:27.826+00,0,Awaiting availability – anyone who says yes to rent or sell according to the complete flow,"Owner traveling, friend is living in unit, declined to sell or rent",,https://qgxgtavkovqklijfpnfl.supabase.co/storage/v1/object/public/owners_data_second/01a08a02-cb63-733a-acb0-a0bd5386ce03-1789021902254-23bf5d65-7c08-4fb1-ad36-0a28bd75b484-stereo.wav,23096,01a03307-5e21-766c-b51e-024ce9654fc4
Buyer Lead,MUHAMMAD ISHFAQ ZAHIR SHAH,+971566043291,WIND ONE,905,Jumeirah Lake Towers (JLT),Apartment,-,2026-08-23 03:35:11.352+00,0,Create buyers lead – Anyone who wants to buy put in this,"Looking for ready 1BR, AED 1-1.5M, open to deals, callback October",,https://qgxgtavkovqklijfpnfl.supabase.co/storage/v1/object/public/owners_data_second/01a0712b-b82d-7000-87fd-c8505b6899e1-1788605223434-3e487578-99f3-443a-ad8c-0c579015394f-stereo.wav,23059,01a03292-5d50-799e-a880-b2f017a64f0f
Hot Seller / Landlord,ANIL CHANANA KARAM CHAND CHANANA,+971501501613,Seven City JLT,B4 11,Jumeirah Lake Towers (JLT),Apartment,-,2026-08-23 03:34:55.221+00,0,Awaiting availability – anyone who says yes to rent or sell according to the complete flow,"neutral - Open to selling at 7 City JLT, unit not ready yet",,https://qgxgtavkovqklijfpnfl.supabase.co/storage/v1/object/public/owners_data_second/01a08f5c-f76d-7ff5-b36d-c9efdb4f71c1-1789111707701-0a20e0a0-8224-4958-9210-85ba63918ef0-stereo.wav,23019,01a03367-ed9b-7000-820a-e31e653e2d4a
Hot Seller / Landlord,SERGEY SURAEV,+971526266799,Seven City JLT,B14 17,Jumeirah Lake Towers (JLT),Apartment,-,2026-08-23 03:34:38.708+00,0,Awaiting availability – anyone who says yes to rent or sell according to the complete flow,"hesitant - Willing to rent out after completion, building not yet finished",,https://qgxgtavkovqklijfpnfl.supabase.co/storage/v1/object/public/owners_data_second/01a0b32b-6333-7000-832b-110b7367f481-1789712433412-f0b0c41d-593d-4f0e-b470-654645e7faab-stereo.wav,22969,01a03358-f72f-7000-9bc5-436e9865e874
Hot Seller / Landlord,SERGEY SURAEV,+971526266799,Seven City JLT,B14 17,Jumeirah Lake Towers (JLT),Apartment,-,2026-08-23 03:34:38.708+00,0,Awaiting availability – anyone who says yes to rent or sell according to the complete flow,"hesitant - Willing to rent out after completion, building not yet finished",,https://qgxgtavkovqklijfpnfl.supabase.co/storage/v1/object/public/owners_data_second/01a0b32b-6333-7000-832b-110b7367f481-1789712433412-f0b0c41d-593d-4f0e-b470-654645e7faab-stereo.wav,22969,01a08f42-b059-766e-a633-9d52897db5ef
Hot Seller / Landlord,HONGQUN GU,+971585965888,DUBAI GATE ONE,3802,Jumeirah Lake Towers (JLT),Apartment,-,2026-08-23 03:33:47.959+00,0,Awaiting availability – anyone who says yes to rent or sell according to the complete flow,"positive - Open to sell, unit listed with agent, referred to their agent",,https://qgxgtavkovqklijfpnfl.supabase.co/storage/v1/object/public/owners_data_second/01a08ed7-4fe2-7cc6-b29c-aab8b97c92e3-1789102971198-9f499661-1c23-4092-b65c-8ecda7c63ae7-stereo.wav,22330,01a03337-4450-7ccb-91d3-8a781a981d77
Hot Seller / Landlord,CHIRAG SINGAL,+971558891847,JUMAIRAH BAY TOWER-X3,1805,Jumeirah Lake Towers (JLT),Apartment,-,2026-08-23 03:33:15.922+00,0,Awaiting availability – anyone who says yes to rent or sell according to the complete flow,"Open to sell or rent JLT XC Tower, provided WhatsApp for details",,https://qgxgtavkovqklijfpnfl.supabase.co/storage/v1/object/public/owners_data_second/01a08126-64c8-788e-a65e-8cacce595ca8-1788873349016-669597ba-f2d4-44c2-9679-a2eb34391252-stereo.wav,22236,01a032bc-f7e7-7000-8425-48af8cc47755
Hot Seller / Landlord,SHAMIM ADAM,+971529331271,Seven City JLT,A28 19,Jumeirah Lake Towers (JLT),Apartment,-,2026-08-23 03:33:15.922+00,0,Awaiting availability – anyone who says yes to rent or sell according to the complete flow,"positive - Agreed to sell or rent 1BR at 7 City JLT, wants follow-up next week",,https://qgxgtavkovqklijfpnfl.supabase.co/storage/v1/object/public/owners_data_second/01a0a437-4df6-7000-8e91-6b9008a6d0b6-1789461614021-495cfc1f-6308-4a9f-8823-65f1cab38fe4-stereo.wav,22273,01a032b5-af79-799e-a93d-638a21ecfff8
Hot Seller / Landlord,NATALIYA BEREZAN,+971556079733,Seven City JLT,C5 19,Jumeirah Lake Towers (JLT),Apartment,-,2026-08-23 03:33:15.922+00,0,Awaiting availability – anyone who says yes to rent or sell according to the complete flow,"Unit still under construction, owner confirmed identity and is open to follow-up",,https://qgxgtavkovqklijfpnfl.supabase.co/storage/v1/object/public/owners_data_second/01a080fc-0172-7aa6-8d21-4bc9957c466b-1788870465655-63413fd8-b42e-41dd-9031-c31790710f18-stereo.wav,22277,01a032b6-2d87-7dda-89fc-f972d7bdca59
Buyer Lead,MOHAMED ADIB GHAZI AMIN,+971555662114,Dubai Star,3209,Jumeirah Lake Towers (JLT),Apartment,-,2026-08-23 03:32:28.519+00,0,Create buyers lead – Anyone who wants to buy put in this,"Requested details on WhatsApp, confirmed communication",,https://qgxgtavkovqklijfpnfl.supabase.co/storage/v1/object/public/owners_data_second/01a0866a-8277-7ff2-bbd1-8a2c8dfc1f79-1788961553615-0cc5180c-707a-49b7-bca7-58d9749cb475-stereo.wav,22118,01a032f4-93af-7000-8720-7c68d9c45b1f
Hot Seller / Landlord,JAMILA MOHAMMED MUSALLAM ALRASHDI,+971506170607,DUBAI GATE ONE,1510,Jumeirah Lake Towers (JLT),Apartment,-,2026-08-23 03:32:12.525+00,0,Awaiting availability – anyone who says yes to rent or sell according to the complete flow,"positive - Wants to sell or rent 1BR in JLT, expects 1.2M, prefers calls after noon",,https://qgxgtavkovqklijfpnfl.supabase.co/storage/v1/object/public/owners_data_second/01a0902b-3c71-7000-8f7c-5c4cf3f6d709-1789125346974-12fd20e8-34aa-465c-ba77-d17e64835917-stereo.wav,22048,01a03299-37de-7996-b829-4d5bc7fdaa65
Hot Seller / Landlord,KHOJA MURAD ATA MURAD,+971506786995,Indigo Tower,1901,Jumeirah Lake Towers (JLT),Apartment,-,2026-08-23 03:31:08.817+00,0,Awaiting availability – anyone who says yes to rent or sell according to the complete flow,"curious - Open to selling or renting unit at Indigo Tower, questioned origin of call",,https://qgxgtavkovqklijfpnfl.supabase.co/storage/v1/object/public/owners_data_second/01a08b90-803d-7000-864c-635904e77d73-1789048003763-58eca031-6ae5-4cd7-b127-5155e2cd8c26-stereo.wav,21851,01a03279-dee5-7ffe-9fb3-842f6b68750f
Hot Seller / Landlord,LINA ZUHAIR ABEDALLATEEF HOURANI,+971562598342,V3 TOWER,2508,Jumeirah Lake Towers (JLT),Apartment,-,2026-08-23 03:30:36.434+00,0,Awaiting availability – anyone who says yes to rent or sell according to the complete flow,"Wants to rent out 1BR in 2 months, expects 86-90k rent",,https://qgxgtavkovqklijfpnfl.supabase.co/storage/v1/object/public/owners_data_second/01a0863f-d75d-7eed-8f98-397a8832df39-1788958842166-0581213c-143e-4de3-ac51-1407394d5cb3-stereo.wav,21763,01a0323f-64d2-7770-91f0-d7b23fb68db7
Hot Seller / Landlord,LINA ZUHAIR ABEDALLATEEF HOURANI,+971562598342,V3 TOWER,2508,Jumeirah Lake Towers (JLT),Apartment,-,2026-08-23 03:30:36.434+00,0,Awaiting availability – anyone who says yes to rent or sell according to the complete flow,"Wants to rent out 1BR in 2 months, expects 86-90k rent",,https://qgxgtavkovqklijfpnfl.supabase.co/storage/v1/object/public/owners_data_second/01a0863f-d75d-7eed-8f98-397a8832df39-1788958842166-0581213c-143e-4de3-ac51-1407394d5cb3-stereo.wav,21763,01a0323f-93f0-7000-83a2-ab9699887e7b
Buyer Lead,YASSER AHMED ISMAIL ISMAIL ALBROLISY,+971507446584,Torch Tower,3306,Dubai Marina,Flat,-,2026-08-22 13:32:05.725+00,67,Create buyers lead – Anyone who wants to buy put in this,Asked for WhatsApp follow-up about investment options,"Maya from AS Properties called Yasir regarding his unit at Torch Tower to inquire about selling or renting. Yasir informed her that the unit had already been sold a year prior. Maya then offered to help him find new investment properties, and Yasir agreed to be contacted via WhatsApp on Monday to discuss options.",https://qgxgtavkovqklijfpnfl.supabase.co/storage/v1/object/public/owners_data_second/01a029ab-9468-7ffc-a7ee-c19eee222d84-1787405595064-7ee73860-cca3-46c7-848b-1fdae7264a5d-stereo.wav,32584,01a029ab-9468-7ffc-a7ee-c19eee222d84
Hot Seller / Landlord,KUNAL KUMAR RAJ KUMAR PODDAR,+971543081738,Nadine Residences 2,505,Al Furjan,Unit,-,2026-08-22 11:20:21.596+00,200,Awaiting availability,"Said property sold, requested WhatsApp info for selling or renting","Maya from AS Properties called Kunal regarding his 2-bedroom unit at PG 1 in Al Furjan, which he is looking to sell for 1,450,000 AED as an investment property. Kunal confirmed the unit is currently vacant and already listed with three other agents. They agreed that AS Properties would bring a qualified buyer, and a senior consultant will call Kunal tomorrow at 12 PM to discuss further.",https://qgxgtavkovqklijfpnfl.supabase.co/storage/v1/object/public/owners_data_second/01a02932-96cb-766c-982f-36856780d5d1-1787397824278-aa60fab0-4909-45c3-a390-3e36b13b715b-stereo.wav,14075,01a02932-96cb-766c-982f-36856780d5d1
Hot Seller / Landlord,KUNAL KUMAR RAJ KUMAR PODDAR,+971543081738,PG ONE AT AL FURJAN,907,Al Furjan,Apartment,-,2026-08-22 11:20:21.596+00,200,Awaiting availability,"Said property sold, requested WhatsApp info for selling or renting","Maya from AS Properties called Kunal regarding his 2-bedroom unit at PG 1 in Al Furjan, which he is looking to sell for 1,450,000 AED as an investment property. Kunal confirmed the unit is currently vacant and already listed with three other agents. They agreed that AS Properties would bring a qualified buyer, and a senior consultant will call Kunal tomorrow at 12 PM to discuss further.",https://qgxgtavkovqklijfpnfl.supabase.co/storage/v1/object/public/owners_data_second/01a02932-96cb-766c-982f-36856780d5d1-1787397824278-aa60fab0-4909-45c3-a390-3e36b13b715b-stereo.wav,35447,01a02932-96cb-766c-982f-36856780d5d1
Hot Seller / Landlord,ARISTIDES JAVIER IRIARTE VALBUENA,+971564559124,Sulafa Tower,4105,Dubai Marina,Unit,-,2026-08-22 06:45:41.94+00,141,Awaiting availability – anyone who says yes to rent or sell according to the complete flow,"Wants to rent out in 1 month, 1 bed, minimum 85000 AED","Maya from AS Property called Aristides regarding his 1-bedroom unit at Sulafar Tower in Dubai Marina. Aristides confirmed he plans to rent it out in about a month for a minimum of 85,000 AED annually and has not listed it elsewhere. They agreed that a senior consultant would call him in 10 days, in the afternoon, to discuss the exclusive listing details.",https://qgxgtavkovqklijfpnfl.supabase.co/storage/v1/object/public/owners_data_second/01a02837-822f-7996-9a3a-b758d162e114-1787381285563-1cefc1a9-a848-4df1-9e24-8d7d1af697c3-stereo.wav,33422,01a02837-822f-7996-9a3a-b758d162e114
Hot Seller / Landlord,MOHAMMED MUSSA MAHMOUD,+251911216081,The Bay,-,Business Bay,Residential,-,2026-08-22 06:14:08.008+00,0,Awaiting availability – anyone who says yes to rent or sell according to the complete flow,"Wants to rent out 1BR, asking 100k yearly, urgent to rent soon",,https://qgxgtavkovqklijfpnfl.supabase.co/storage/v1/object/public/owners_data_second/01a032a3-bba7-7770-936a-642a4ec41dfb-1787556164210-fd9719e2-59ae-4987-a614-0eacdc721bbc-stereo.wav,39513,01a0281a-bc56-7996-99dc-9db5b8934a1d
Hot Seller / Landlord,NATALYA MUZALEVA,+971502167180,SLS DUBAI,2607,Business Bay,Apartment,-,2026-08-21 11:13:33.087+00,19,Awaiting availability – anyone who says yes to rent or sell according to the complete flow,Asked to send info on WhatsApp regarding selling,Maya from ASP Properties contacted Natalia regarding her unit at SLS Dubai in Business Bay to inquire if she was open to selling it. Natalia requested that Maya send her a WhatsApp message. The call ended shortly after this request.,https://qgxgtavkovqklijfpnfl.supabase.co/storage/v1/object/public/owners_data_second/01a02406-7819-7334-b3d0-af3f48066723-1787310834742-c87c7062-ddeb-4ac9-bf50-0220ed6c941e-stereo.wav,36042,01a02406-7819-7334-b3d0-af3f48066723
Hot Seller / Landlord,FIDHA SHARAF EBRAHIM SHARAFUDDIN,+971502837657,Rove Home Marasi Drive,-,Business Bay,Residential,-,2026-08-21 10:27:30.556+00,115,Awaiting availability – anyone who says yes to rent or sell according to the complete flow,"Unit under construction, open to sell or rent next year","Maya from AS Properties contacted Fiddha regarding their under-construction unit at Grove Home, inquiring about their plans to sell or rent. Fiddha confirmed the property will be ready next year and will not be a personal residence, but they have not yet decided between selling or renting. They agreed to reconnect next year once the property is closer to completion to discuss options.",https://qgxgtavkovqklijfpnfl.supabase.co/storage/v1/object/public/owners_data_second/01a023dc-5a1a-755f-9ec7-89bb70c06388-1787308167798-a5b3b9c9-78ca-4a2c-975c-86fbdb9686cf-stereo.wav,40489,01a023dc-5a1a-755f-9ec7-89bb70c06388
Hot Seller / Landlord,MOHAMMED AKTER FARUK GOLAM MOSTOFA,+971527547999,Torch Tower,2712,Dubai Marina,Flat,-,2026-08-21 09:46:13.937+00,98,Awaiting availability – anyone who says yes to rent or sell according to the complete flow,"Wants to rent out 1BR, fully furnished, 100k annual, other agents listed","Maya from AS Properties called Mohammed regarding his 1-bedroom, fully furnished unit at Torch Tower in Dubai Marina, which he wants to rent for 100,000 AED per year. Although the unit is already listed with other agents, AS Properties offered to widen his reach. A senior consultant will call Mohammed tomorrow morning to discuss rental options.",https://qgxgtavkovqklijfpnfl.supabase.co/storage/v1/object/public/owners_data_second/01a023b6-8883-7448-8aa0-34034d93832b-1787305674173-1e0b17fa-bd95-4542-b9d7-ba58631f2330-stereo.wav,32484,01a023b6-8883-7448-8aa0-34034d93832b
Hot Seller / Landlord,CHETAN NAVINCHANDRA DOSHI,+971500550083,Jumeirah Bay X2,3710,Jumeirah Lake Towers (JLT),Apartment,-,2026-08-21 09:31:59.441+00,64,Awaiting availability – anyone who says yes to rent or sell according to the complete flow,"Asked about setup and customer support, scheduled demo email","Maya from Ace Properties called Chetan regarding his unit at Jumeirah Bay 2 in Jumeirah Lake Towers. Chetan inquired about their product, setup process, and customer support. They scheduled a demo for tomorrow afternoon, with Maya confirming a senior consultant would call and email the details.",https://qgxgtavkovqklijfpnfl.supabase.co/storage/v1/object/public/owners_data_second/01a023a9-2b89-700d-88ad-53a12279abd8-1787304786281-909641a9-b565-4bd7-a5d2-9ac99052c5c2-stereo.wav,26962,01a023a9-2b89-700d-88ad-53a12279abd8
Hot Seller / Landlord,ANTONIO JORGE CORREIA LOPES,+971504679789,FORTUNE TOWER,2706,Jumeirah Lake Towers (JLT),Apartment,-,2026-08-21 07:00:27.275+00,114,Awaiting availability – anyone who says yes to rent or sell according to the complete flow,Wants to rent out office unit in October or November,,https://qgxgtavkovqklijfpnfl.supabase.co/storage/v1/object/public/call_recordings_16july/01a0231e-d0ef-7ee0-bfb5-be6ffae9439e-1787295744023-e412bf98-5435-4fbd-87ad-4bb7ea41e3be-stereo.wav,23421,01a0231e-d0ef-7ee0-bfb5-be6ffae9439e
Hot Seller / Landlord,JAIDEEP GOBINDRAM BAHIRWANI,+971504581568,DEC TOWERS T1,T1-1004,Dubai Marina,Unit,-,2026-08-21 06:51:24.317+00,47,Awaiting availability – anyone who says yes to rent or sell according to the complete flow,"Wants to rent out 1BR, asked to be informed if clients found",Maya from AS Properties contacted JD regarding his 1-bedroom unit at Deck Towers T1 in Dubai Marina to inquire if he was interested in selling or renting. JD confirmed he is looking to rent out the unit and asked Maya to inform him if she has any potential clients.,https://qgxgtavkovqklijfpnfl.supabase.co/storage/v1/object/public/owners_data_second/01a02316-8a9b-744f-8e05-a7faf2d8b807-1787295133700-4eb08427-6005-43a4-9b23-af1a68dce82c-stereo.wav,33365,01a02316-8a9b-744f-8e05-a7faf2d8b807
Hot Seller / Landlord,JAWID RASSA,+4915116360493,Aykon City,D2002,Business Bay,Apartments,-,2026-08-21 06:32:10.346+00,123,Awaiting availability – anyone who says yes to rent or sell according to the complete flow,Will consider selling or Airbnb after completion,"Maya from AS Properties called Javed about his unit at Icon City to inquire about selling or renting. Javed stated the unit is still under construction and he plans to hold it for now, potentially using it for Airbnb or selling later based on market conditions. He declined the offer for future assistance, indicating he has his own contacts.",https://qgxgtavkovqklijfpnfl.supabase.co/storage/v1/object/public/owners_data_second/01a02304-ad03-777c-9564-5876c2bc25f9-1787294055548-9dabc1df-b3e6-4b10-9290-86f7888b1fb1-stereo.wav,40749,01a02304-ad03-777c-9564-5876c2bc25f9
Hot Seller / Landlord,EUGENE MATTHEW D SOUZA THOMAS FRANCIS D SOUZA,+971566761817,SEEF 3,1004,Jumeirah Lake Towers (JLT),Apartment,-,2026-08-21 05:24:07.6+00,65,Awaiting availability – anyone who says yes to rent or sell according to the complete flow,"Property with agent, referred to 1 Stop Real Estate","Maya from AS Property called Eugene regarding his unit at Seaf 3 inches, Jumeirah Lake Towers, to inquire if he was interested in selling or renting. Eugene informed her that she needs to speak to his agent, 1 Stop Real Estate, as they exclusively manage his properties. Maya acknowledged this information.",https://qgxgtavkovqklijfpnfl.supabase.co/storage/v1/object/public/owners_data_third/01a022c6-641f-7992-ae04-db69618b632d-1787289915658-2c2ce80f-00db-4ce2-8416-54f572aa347b-stereo.wav,23448,01a022c6-641f-7992-ae04-db69618b632d
Hot Seller / Landlord,KRISTINA BAZZY,+971553125274,LAGUNA TOWER,3107,Jumeirah Lake Towers (JLT),Apartment,-,2026-08-21 03:31:42.223+00,0,Awaiting availability – anyone who says yes to rent or sell according to the complete flow,"Unit listed for rent, open to tenant, prefers direct inquiry",,https://qgxgtavkovqklijfpnfl.supabase.co/storage/v1/object/public/owners_data_second/01a03241-5997-7ccb-8cfc-511fdd7355eb-1787549676039-4e24ba10-a556-4eba-84f7-8bf17b03c022-stereo.wav,23612,01a022ba-5f1f-7449-883a-9712db0543da
Hot Seller / Landlord,MATTHEW BORG,+971559158435,JUMAIRAH BAY TOWER-X1-1,2104,Jumeirah Lake Towers (JLT),Apartment,-,2026-08-21 03:31:42.223+00,0,Awaiting availability – anyone who says yes to rent or sell according to the complete flow,"Already listed for sale with 3 agents, not open to new listing",,https://qgxgtavkovqklijfpnfl.supabase.co/storage/v1/object/public/owners_data_second/01a03cac-f752-700e-92ea-85086e370951-1787724515714-ab854e0f-0bd6-4ca2-83aa-6fcdf240791f-stereo.wav,23574,01a022b1-ecec-7aa3-9b2f-b1a1cb00b357
Hot Seller / Landlord,MATTHEW BORG,+971559158435,JUMAIRAH BAY TOWER-X1-1,2104,Jumeirah Lake Towers (JLT),Apartment,-,2026-08-21 03:31:42.223+00,0,Awaiting availability – anyone who says yes to rent or sell according to the complete flow,"Already listed for sale with 3 agents, not open to new listing",,https://qgxgtavkovqklijfpnfl.supabase.co/storage/v1/object/public/owners_data_second/01a03cac-f752-700e-92ea-85086e370951-1787724515714-ab854e0f-0bd6-4ca2-83aa-6fcdf240791f-stereo.wav,23574,01a03267-7315-7000-8290-3997a1fc76d6
Hot Seller / Landlord,MAHMOOD AZAM ABDULLAH,+971582516999,Lakepoint N2,2710,Jumeirah Lake Towers (JLT),Apartment,-,2026-08-21 03:31:09.212+00,0,Awaiting availability – anyone who says yes to rent or sell according to the complete flow,"Wants to rent out from October, provided unit details, open to WhatsApp follow-up",,https://qgxgtavkovqklijfpnfl.supabase.co/storage/v1/object/public/owners_data_third/01a022e9-c074-7bbd-8e47-a73c4e9b8d0c-1787292407311-e42ef2ff-f6b0-46a3-9fe3-cac05135c1d3-stereo.wav,23505,01a03240-be62-7000-9632-167116afc87a
Hot Seller / Landlord,MEHUL DHIRAJLAL TURAKHIA DHIRAJLAL KANJIBHAI TURAKHIA,+971503061012,Al Waleed Paradise,1604,Jumeirah Lake Towers (JLT),Apartment,-,2026-08-21 03:30:51.809+00,0,Awaiting availability – anyone who says yes to rent or sell according to the complete flow,"Confirmed owner, open to hear about selling process",,https://qgxgtavkovqklijfpnfl.supabase.co/storage/v1/object/public/owners_data_second/01a032aa-b0ce-7442-be20-2542d7895dd1-1787556495049-2984cab7-62ce-4546-b6c2-b62342ff5e6b-stereo.wav,23458,01a022cc-0040-7ee0-be14-79b2af061eda
Hot Seller / Landlord,ISA CHARCHAR,+971567454222,DUBAI GATE 2,3112,Jumeirah Lake Towers (JLT),Apartment,-,2026-08-21 03:30:19.323+00,0,Awaiting availability – anyone who says yes to rent or sell according to the complete flow,"Wants to sell, provided price, said unit is currently rented",,https://qgxgtavkovqklijfpnfl.supabase.co/storage/v1/object/public/owners_data_second/01a060a6-45b3-7cc3-81f1-39638ba1d80c-1788328006001-38f42000-6e71-4d47-ab6d-b0f16e23242d-stereo.wav,23357,01a022cf-6f2e-7449-887a-da69b164dfe3
Hot Seller / Landlord,ASHRAF IBRAHIM ALI ABUALHAIJA,+962796261333,VYB,204,Business Bay,Apartments,-,2026-08-20 12:08:13.268+00,216,Awaiting availability – anyone who says yes to rent or sell according to the complete flow,"Wants to rent out unit, asked market value, open to next week call","Maya from AS Properties called Ashok regarding his 1-bedroom unit at VYB in Business Bay. Ashok confirmed he is interested in renting out the unit at market price, which Maya estimated to be around 22,000-25,000 AED per month. They agreed to schedule a follow-up call with a senior consultant next week to discuss rental options further.",https://qgxgtavkovqklijfpnfl.supabase.co/storage/v1/object/public/owners_data_third/01a01f12-37d2-7000-84f0-7926b666b0f9-1787227911495-1816a160-dce7-4401-86dc-5d169b0d50f6-stereo.wav,38874,01a01f12-37d2-7000-84f0-7926b666b0f9
Hot Seller / Landlord,HAYTHAM KHALIL RAFAT KHALIL ASFOUR,+201281143000,One by Binghatti,-,Business Bay,Residential,-,2026-08-20 12:05:42.666+00,71,Awaiting availability – anyone who says yes to rent or sell according to the complete flow,"Wants to sell, requested contact via WhatsApp on same number",,https://qgxgtavkovqklijfpnfl.supabase.co/storage/v1/object/public/call_recordings_16july/01a01f0f-9ad0-7441-ae14-9e79af3809a3-1787227616690-9ed0dfde-e855-472b-8bb1-88dc67fce4ed-stereo.wav,38218,01a01f0f-9ad0-7441-ae14-9e79af3809a3
Hot Seller / Landlord,KUNJAN DILIP BHANUSHALI DILIP GOVINDRAM,+971503136768,AL HABTOOR CITY,-,Business Bay,Residential,-,2026-08-20 11:30:07.826+00,44,Awaiting availability – anyone who says yes to rent or sell according to the complete flow,Requested property details by WhatsApp to discuss selling or renting,"Maya from AS Properties called Kunjan regarding their unit at Al Habtoor City in Business Bay, inquiring if they were open to selling or renting. Kunjan requested Maya to send all the details via WhatsApp to the same number, which Maya agreed to do.",https://qgxgtavkovqklijfpnfl.supabase.co/storage/v1/object/public/owners_data_third/01a01eee-f221-700f-b89d-f2829d0014d0-1787225454913-f2819d60-66df-4abf-825d-f1155a7ee4ef-stereo.wav,38282,01a01eee-f221-700f-b89d-f2829d0014d0
Hot Seller / Landlord,MUSTAFA TEZCAN,+905337077180,Rove Home Marasi Drive,E-2010,Business Bay,Apartments,-,2026-08-20 11:15:44.319+00,76,Awaiting availability – anyone who says yes to rent or sell according to the complete flow,"Wants to sell property, has not listed with agency yet",Maya from AS Properties contacted Mustafa regarding his unit at Rove Home Marasi Drive in Business Bay to inquire about selling or renting. Mustafa expressed interest in selling the property but mentioned he hasn't engaged an agency yet. The call was ended by the customer before further discussion could take place.,https://qgxgtavkovqklijfpnfl.supabase.co/storage/v1/object/public/owners_data_third/01a01ee2-2154-700f-b871-56333cf82adc-1787224623068-46482894-c486-4433-a41a-6b00aa860395-stereo.wav,38177,01a01ee2-2154-700f-b871-56333cf82adc
Hot Seller / Landlord,YOULIAN IVANOV  IVANOV,+359887777101,Rove Home Marasi Drive,E-910,Business Bay,Apartments,-,2026-08-20 10:58:30.823+00,138,Awaiting availability – anyone who says yes to rent or sell according to the complete flow,"Wants to sell, shared price and discussed callback timing",,https://qgxgtavkovqklijfpnfl.supabase.co/storage/v1/object/public/call_recordings_16july/01a01ed2-4ade-7cc6-bc4f-e4162b1ce42e-1787223651159-16379ebd-9d57-4ab0-a619-fe7b5d32ea19-stereo.wav,39251,01a01ed2-4ade-7cc6-bc4f-e4162b1ce42e
Hot Seller / Landlord,GRZEGORZ MACIEJ  KOSSOWSKI,+48780034627,Bayz 101,9303,Business Bay,Apartments,-,2026-08-20 10:37:31.778+00,107,Awaiting availability – anyone who says yes to rent or sell according to the complete flow,"Will sell 2 units after completion in 2 years, has an agent",,https://qgxgtavkovqklijfpnfl.supabase.co/storage/v1/object/public/call_recordings_16july/01a01ebf-0d79-7ff8-a146-a97a811946a4-1787222361807-52584420-6bad-4cc2-90ac-7bb8b9840cb0-stereo.wav,39021,01a01ebf-0d79-7ff8-a146-a97a811946a4
Hot Seller / Landlord,HANNE ABEDELKADER  QAWASMI,+972504309825,Bayz 101,2526,Business Bay,Apartments,-,2026-08-20 10:33:56.814+00,149,Awaiting availability – anyone who says yes to rent or sell according to the complete flow,"Wants to sell 1BR unit, agreed to consultant callback","Maya from AS Properties called Sergio (Han) regarding his 1-bedroom unit at Base 101 in Business Bay, which he is interested in selling. Sergio confirmed the unit is not listed elsewhere and agreed to a callback from a senior consultant. The consultant will contact him tomorrow at 10 AM to discuss the sale further.",https://qgxgtavkovqklijfpnfl.supabase.co/storage/v1/object/public/owners_data_third/01a01ebb-ffbb-7aab-baf6-c16883a78ee8-1787222187956-6de0c750-c6cb-4a19-be7f-fd5736331f7e-stereo.wav,39227,01a01ebb-ffbb-7aab-baf6-c16883a78ee8
Hot Seller / Landlord,DORDE  KRAJISNIK,+381692425330,Rove Home Marasi Drive,E-2715,Business Bay,Apartments,-,2026-08-20 10:21:51.146+00,172,Awaiting availability – anyone who says yes to rent or sell according to the complete flow,"Wants to sell after handover in 2027, not ready yet","AS Properties contacted Dor regarding their unit in Business Bay, inquiring about selling or renting. Dor indicated they are open to selling but not until the unit's handover, which is anticipated in early 2027. AS Properties agreed to follow up with Dor in early 2027 to discuss listing options and provide a valuation closer to that time.",https://qgxgtavkovqklijfpnfl.supabase.co/storage/v1/object/public/owners_data_third/01a01eb0-d62e-7dde-ae73-a24072020c2b-1787221485677-00dd1b7c-054a-49c6-8990-d16ad9bc506b-stereo.wav,38852,01a01eb0-d62e-7dde-ae73-a24072020c2b
Hot Seller / Landlord,SAM WAI CHENG LAM,+85263387599,Canal Crown,2004,Business Bay,Apartments,-,2026-08-20 10:16:32.726+00,122,Awaiting availability – anyone who says yes to rent or sell according to the complete flow,Owner open to selling or renting after completion in 1.5 years,"Maya from AS Properties contacted Sam regarding his unit at Canal Crown, inquiring about his interest in selling or renting. Sam clarified that the unit is still under construction and won't be completed for another 1.5 years, making immediate action impossible. However, he expressed openness to discussing options in the future, and Maya agreed to reach out via WhatsApp closer to the completion date.",https://qgxgtavkovqklijfpnfl.supabase.co/storage/v1/object/public/owners_data_third/01a01eab-dd71-7000-82ba-b7f18ef2970f-1787221117762-9178251e-60b3-4752-9431-a14d4f258964-stereo.wav,38822,01a01eab-dd71-7000-82ba-b7f18ef2970f
Hot Seller / Landlord,AHMET GUNES,+905324810299,Canal Heights 2,219,Business Bay,Apartments,-,2026-08-20 10:08:09.028+00,99,Awaiting availability – anyone who says yes to rent or sell according to the complete flow,"Wants to sell or rent out after handover, prefers WhatsApp follow-up",Maya AS Properties called Ahmed to inquire if he was interested in selling or renting his unit at Canal Heights 2. Ahmed had difficulty understanding the English conversation and mentioned his unit was not yet finished. The call concluded with the AI agreeing to have a consultant send details via WhatsApp to Ahmed.,https://qgxgtavkovqklijfpnfl.supabase.co/storage/v1/object/public/owners_data_third/01a01ea4-5f45-7000-81cc-7e671216f4f5-1787220590747-20410beb-3498-4f71-8287-c80e33a57b6e-stereo.wav,38457,01a01ea4-5f45-7000-81cc-7e671216f4f5
Hot Seller / Landlord,MOHAMMAD FAHAD SHAHZAD,+447508422120,Canal Heights 2,221,Business Bay,Apartments,-,2026-08-20 10:07:26.242+00,112,Awaiting availability – anyone who says yes to rent or sell according to the complete flow,"Wants to sell, confirmed 1-bed, shared price, scheduled callback","Maya from AS Properties called Mohammed regarding his 1-bedroom unit at Canal Heights 2, Business Bay. Mohammed confirmed he wants to sell the unit for approximately 2,700,000. A senior consultant will call him on Friday at 6 PM UK time to discuss this further.",https://qgxgtavkovqklijfpnfl.supabase.co/storage/v1/object/public/owners_data_third/01a01ea3-b9cb-7aab-ba8f-2f54e94d314b-1787220561061-bb78a38f-fda7-4909-85c4-dabe818e5a8d-stereo.wav,38453,01a01ea3-b9cb-7aab-ba8f-2f54e94d314b
Hot Seller / Landlord,AHMAD RASHID,+971522236625,Millennium Binghatti Residences,904,Business Bay,Apartments,-,2026-08-20 08:47:40.845+00,242,Awaiting availability – anyone who says yes to rent or sell according to the complete flow,"Wants to rent out after October, quoted 140k price","Maya from AS Properties contacted Ahmed regarding his unit 904 at Millennium Binghati Residences. Ahmed confirmed the unit is rented until October and he is open to re-renting it after that for a minimum of 140,000 AED annually, but not selling it or listing it with other agents. The call concluded abruptly as Ahmed, a doctor, had to attend to patients and asked Maya to follow up via WhatsApp.",https://qgxgtavkovqklijfpnfl.supabase.co/storage/v1/object/public/owners_data_third/01a01e5a-6479-700f-b609-97290ab8c6d3-1787215905440-0da984b3-5006-4e42-9ab4-ecc817c94d13-stereo.wav,38975,01a01e5a-6479-700f-b609-97290ab8c6d3
Hot Seller / Landlord,OSAMA ADNAN AYOUB SHEHADEH,+972503949961,Tiger Sky Tower,4903,Business Bay,Apartments,-,2026-08-20 08:38:48.661+00,200,Awaiting availability – anyone who says yes to rent or sell according to the complete flow,"Open to sell, shared price and unit details, wants serious buyer only",,https://qgxgtavkovqklijfpnfl.supabase.co/storage/v1/object/public/call_recordings_16july/01a01e52-524a-7000-80e1-6a60d09e8e0a-1787215331164-699570f5-9f0b-4ec4-898a-391289f26442-stereo.wav,38590,01a01e52-524a-7000-80e1-6a60d09e8e0a
Hot Seller / Landlord,ZAHIR MOHAMED ELAMIN DAFAALLA  FADLALLA,+966501807424,The First Collection Business Bay,523 (Q 3),Business Bay,Hotel Apartments,-,2026-08-20 08:15:40.058+00,157,Awaiting availability – anyone who says yes to rent or sell according to the complete flow,"Wants to discuss selling after contract ends, follow up third week September","AS Properties contacted Zahir to inquire about selling or renting his unit at First Collection Business Bay. Zahir explained his unit is currently under contract with another management company until the end of the year, and he wants to assess their performance first. They agreed that AS Properties would follow up with Zahir in the third week of September to discuss options further, based on his satisfaction with the current management.",https://qgxgtavkovqklijfpnfl.supabase.co/storage/v1/object/public/owners_data_third/01a01e3d-44e9-7000-804a-d24191eebd9e-1787213899561-c1a67efd-0d46-4943-b920-b3dfe3efc605-stereo.wav,38794,01a01e3d-44e9-7000-804a-d24191eebd9e
Hot Seller / Landlord,PARINAAZ MUBIN JUMANI JAMSHED KEKI UKAJI,+919820944795,Peninsula,2302,Business Bay,Apartments,-,2026-08-20 07:59:55.057+00,48,Awaiting availability – anyone who says yes to rent or sell according to the complete flow,"Open to renting, prefers WhatsApp follow-up, shared 2 bed detail",,https://qgxgtavkovqklijfpnfl.supabase.co/storage/v1/object/public/call_recordings_16july/01a01e2e-f6fe-7226-9bc4-39bc1204ea67-1787212845367-bc4219da-b73e-414e-970b-f879725e80c4-stereo.wav,38395,01a01e2e-f6fe-7226-9bc4-39bc1204ea67
Hot Seller / Landlord,MAMMDOUH RASHID MAMMDOUH ALMASRI,+971502373601,Vento Tower,1107,Business Bay,Apartments,-,2026-08-20 07:21:23.079+00,41,Awaiting availability – anyone who says yes to rent or sell according to the complete flow,"Agreed to sell or rent, requested WhatsApp follow-up","Maya from AS Properties called Mamdu regarding his unit at Vento Tower in Business Bay, inquiring if he was interested in selling or renting it. Mamdu requested that Maya send details via WhatsApp, stating he would provide his information there. Maya agreed to have her team contact him on WhatsApp.",https://qgxgtavkovqklijfpnfl.supabase.co/storage/v1/object/public/owners_data_third/01a01e0b-a45a-7aab-b77f-120e340e8cf3-1787210526530-be5b8d79-c110-40f3-bff4-abd5f329df43-stereo.wav,38536,01a01e0b-a45a-7aab-b77f-120e340e8cf3
Hot Seller / Landlord,KAMIL FATAH,+923009405444,Royal Regency,-,Business Bay,Residential,-,2026-08-20 06:34:07.019+00,168,Awaiting availability – anyone who says yes to rent or sell according to the complete flow,"Willing to sell at 2.1M, not listing yet, open to future call","Maya from AS Properties contacted Kamen regarding his 1-bedroom unit at Royal Regency, which he is open to selling for 2.1 million AED when market conditions are favorable. Although the unit is not currently listed, Kamen is willing to list it with AS Properties once his price point is met. A consultant will call Kamen later today to finalize details for a potential future listing.",https://qgxgtavkovqklijfpnfl.supabase.co/storage/v1/object/public/owners_data_third/01a01de0-40be-700f-b2f2-5157b837a6b0-1787207817710-5718aa9d-a591-4890-8ab4-cf597cafc72a-stereo.wav,38750,01a01de0-40be-700f-b2f2-5157b837a6b0
Hot Seller / Landlord,MOHANADASAN KUTTATH VELU KUTTATH,+971562594296,South Tower,S-2301,Jumeirah Lake Towers (JLT),Apartment,-,2026-08-20 05:31:21.512+00,144,Awaiting availability – anyone who says yes to rent or sell according to the complete flow,"Holds JLT unit, may sell or rent after construction","AS Properties called Mohana Dasan regarding a property in JLT, initially mistaking it for a unit in South Tower. Mohana clarified she owns an off-plan ""Mother House"" unit by Ellington in JLT, which is currently under construction hold. She indicated she is not selling now and will decide whether to sell or rent based on market appreciation once the property is completed.",https://qgxgtavkovqklijfpnfl.supabase.co/storage/v1/object/public/owners_data_second/01a01da6-eef3-7aab-b585-c0060aaddd1a-1787204028578-0cf3a013-a4f2-481b-8bad-dd5cab976708-stereo.wav,24238,01a01da6-eef3-7aab-b585-c0060aaddd1a
Hot Seller / Landlord,MAI EL BARACHI,+971561211784,ARMADA 3,811,Jumeirah Lake Towers (JLT),Apartment,-,2026-08-20 05:22:14.119+00,149,Awaiting availability – anyone who says yes to rent or sell according to the complete flow,"Wants to rent out fully furnished unit, asked about valuation","Maya from AS Properties contacted MAI regarding their fully furnished, spacious 1-bedroom unit at Armada 3 in Jumeirah Lake Towers, which MAI confirmed is available for rent. After an initial discrepancy in rental rate expectations, Maya acknowledged the unit's premium nature and offered to have a senior consultant provide a proper valuation. MAI agreed, and a follow-up call with the consultant was scheduled for 2 PM today.",https://qgxgtavkovqklijfpnfl.supabase.co/storage/v1/object/public/owners_data_second/01a01d9e-7bcf-7ff8-9b1d-bf4ae10c6e43-1787203485560-7c713c33-44dc-441b-80ce-e1a8f1ffb87d-stereo.wav,24558,01a01d9e-7bcf-7ff8-9b1d-bf4ae10c6e43
Hot Seller / Landlord,SAURABH KAHTRI DEVENDRA KUMAR KHATRI,+971525143225,BUSINESS TOWER,-,Business Bay,Residential,-,2026-08-20 03:36:49.37+00,0,Awaiting availability – anyone who says yes to rent or sell according to the complete flow,"Wants to sell or rent, shared asking price and available for call",,https://qgxgtavkovqklijfpnfl.supabase.co/storage/v1/object/public/owners_data_second/01a0572e-92aa-7000-9325-5621aea9cbbd-1788169228032-fb63d0fe-bfea-48b9-8be3-e7a36f965b23-stereo.wav,39330,01a01db9-dfc7-700f-b22b-5329cfa57211
Hot Seller / Landlord,SAURABH KAHTRI DEVENDRA KUMAR KHATRI,+971525143225,BUSINESS TOWER,-,Business Bay,Residential,-,2026-08-20 03:36:49.37+00,0,Awaiting availability – anyone who says yes to rent or sell according to the complete flow,"Wants to sell or rent, shared asking price and available for call",,https://qgxgtavkovqklijfpnfl.supabase.co/storage/v1/object/public/owners_data_second/01a0572e-92aa-7000-9325-5621aea9cbbd-1788169228032-fb63d0fe-bfea-48b9-8be3-e7a36f965b23-stereo.wav,39330,01a03cc4-d2d5-711b-aa57-f646ca222adb
Hot Seller / Landlord,FARID MOHAMMAD HASSAN SALEHI KERMANI,+971505459090,Burlington,-,Business Bay,Residential,-,2026-08-20 03:36:34.281+00,0,Awaiting availability – anyone who says yes to rent or sell according to the complete flow,"positive - Wants to sell 5 bedroom at Burlington, asking 20 million, urgent call requested",,https://qgxgtavkovqklijfpnfl.supabase.co/storage/v1/object/public/owners_data_second/01a09403-af7c-7aa0-a118-2b8e96c6235a-1789189792833-10dd0e5b-86a8-4b48-87cc-9811109279be-stereo.wav,39280,01a01f19-0c24-7dde-b09d-98ca378d04cf
Hot Seller / Landlord,FARID MOHAMMAD HASSAN SALEHI KERMANI,+971505459090,Burlington,-,Business Bay,Residential,-,2026-08-20 03:36:34.281+00,0,Awaiting availability – anyone who says yes to rent or sell according to the complete flow,"positive - Wants to sell 5 bedroom at Burlington, asking 20 million, urgent call requested",,https://qgxgtavkovqklijfpnfl.supabase.co/storage/v1/object/public/owners_data_second/01a09403-af7c-7aa0-a118-2b8e96c6235a-1789189792833-10dd0e5b-86a8-4b48-87cc-9811109279be-stereo.wav,39280,01a08aa4-927a-744a-9ead-f739459097e7
Hot Seller / Landlord,SHEIKH MEHBOOB AHMED KHADIM HUSSAIN,+923008472990,Tiger Sky Tower,-,Business Bay,Residential,-,2026-08-20 03:36:34.281+00,0,Awaiting availability – anyone who says yes to rent or sell according to the complete flow,"angry - Asked for offer to sell 1BR at Tiger Sky Tower, wants no further calls",,https://qgxgtavkovqklijfpnfl.supabase.co/storage/v1/object/public/owners_data_second/01a0aeba-c248-7661-84be-d11b2b179bc6-1789638088886-dd9e5c78-864b-4b89-bcb9-f23fd1d9b90f-stereo.wav,39276,01a08aa8-5287-733a-b03d-178a32a8d798
Hot Seller / Landlord,SHEIKH MEHBOOB AHMED KHADIM HUSSAIN,+923008472990,Tiger Sky Tower,-,Business Bay,Residential,-,2026-08-20 03:36:34.281+00,0,Awaiting availability – anyone who says yes to rent or sell according to the complete flow,"angry - Asked for offer to sell 1BR at Tiger Sky Tower, wants no further calls",,https://qgxgtavkovqklijfpnfl.supabase.co/storage/v1/object/public/owners_data_second/01a0aeba-c248-7661-84be-d11b2b179bc6-1789638088886-dd9e5c78-864b-4b89-bcb9-f23fd1d9b90f-stereo.wav,39276,01a01f1e-b002-7441-ae7d-c2e563969f87
Hot Seller / Landlord,MORSI MOHAMED MORSI MOHAMED,+971555948059,MERANO TOWER,-,Business Bay,Residential,-,2026-08-20 03:36:19.732+00,0,Awaiting availability – anyone who says yes to rent or sell according to the complete flow,"positive - Wants to sell, owns 1 bed and studio at Mirano Tower",,https://qgxgtavkovqklijfpnfl.supabase.co/storage/v1/object/public/owners_data_second/01a0a94c-72e0-788d-8cee-8d8bebac8a8d-1789546814609-eab6957d-d8a3-4f3b-a068-bec2ba45d866-stereo.wav,39266,01a08581-23d2-7000-8906-d2aeb576a31b
Hot Seller / Landlord,MORSI MOHAMED MORSI MOHAMED,+971555948059,MERANO TOWER,-,Business Bay,Residential,-,2026-08-20 03:36:19.732+00,0,Awaiting availability – anyone who says yes to rent or sell according to the complete flow,"positive - Wants to sell, owns 1 bed and studio at Mirano Tower",,https://qgxgtavkovqklijfpnfl.supabase.co/storage/v1/object/public/owners_data_second/01a0a94c-72e0-788d-8cee-8d8bebac8a8d-1789546814609-eab6957d-d8a3-4f3b-a068-bec2ba45d866-stereo.wav,39266,01a01ed5-958b-7000-837d-906aef204a11
Hot Seller / Landlord,PRADEEP ISSRANI RAMESH ISSRANI,+971552727010,B2B Tower,-,Business Bay,Offices,-,2026-08-20 03:35:35.643+00,0,Awaiting availability – anyone who says yes to rent or sell according to the complete flow,"Wants to rent office unit in October, expects 170,000 yearly",,https://qgxgtavkovqklijfpnfl.supabase.co/storage/v1/object/public/owners_data_second/01a08067-9a63-7000-894b-cfe8e49f32b3-1788860876998-2e0294b0-5f9d-476b-b2ad-9750c0320e25-stereo.wav,39074,01a01e7a-b995-7cc8-93e4-27dac6d76274
Hot Seller / Landlord,YASER AL FASSI,+201000843003,Rove Home Marasi Drive,W-702,Business Bay,Apartments,-,2026-08-20 03:34:36.444+00,0,Awaiting availability – anyone who says yes to rent or sell according to the complete flow,"Wants to sell studio at Rove Home, expects 1.3M, currently with 2 agencies",,https://qgxgtavkovqklijfpnfl.supabase.co/storage/v1/object/public/owners_data_second/01a07193-6f75-7000-971c-19b66acdd27d-1788612008043-be45c7df-875a-4f50-b2bb-dc35227c81e9-stereo.wav,38869,01a01d8b-5ee1-7441-a6ab-54a41db9407f
Hot Seller / Landlord,YASER AL FASSI,+201000843003,Rove Home Marasi Drive,W-702,Business Bay,Apartments,-,2026-08-20 03:34:36.444+00,0,Awaiting availability – anyone who says yes to rent or sell according to the complete flow,"Wants to sell studio at Rove Home, expects 1.3M, currently with 2 agencies",,https://qgxgtavkovqklijfpnfl.supabase.co/storage/v1/object/public/owners_data_second/01a07193-6f75-7000-971c-19b66acdd27d-1788612008043-be45c7df-875a-4f50-b2bb-dc35227c81e9-stereo.wav,38869,01a057bc-6fb4-799a-8a64-0aaaabb58cb9
Hot Seller / Landlord,EISHO MERWAN DALIL,+971552672306,The Crestmark,1702,Business Bay,Apartments,-,2026-08-20 03:34:21.78+00,0,Awaiting availability – anyone who says yes to rent or sell according to the complete flow,"Willing to sell 2-bed Crestmark at 4M AED, wants buyer only",,https://qgxgtavkovqklijfpnfl.supabase.co/storage/v1/object/public/owners_data_second/01a084d9-389a-7aab-8616-e74aaa4e22d7-1788935307740-5e7edccc-226a-4a2a-b725-912983d0df18-stereo.wav,38866,01a01eaa-6388-7cc8-94b8-81ad55a1e80a
Hot Seller / Landlord,SYED MUHIBULLAH MOHAMED HUSSAIN SITHIQ MOHAMED HUSSAIN SITHIQ,+971522507766,Bayz 101,4817,Business Bay,Apartments,-,2026-08-20 03:34:07.465+00,0,Awaiting availability – anyone who says yes to rent or sell according to the complete flow,"Wants to rent out from 2028, will decide then",,https://qgxgtavkovqklijfpnfl.supabase.co/storage/v1/object/public/owners_data_second/01a07c0d-0a4a-7000-a4f4-85de1934c60a-1788787714442-d7a0aa19-0e5e-4a61-87f6-f5a6d03d3484-stereo.wav,38812,01a01e43-2209-7aab-bfbc-e0e9ba80497d
Buyer Lead,ABDULLA AHMED SULAIMAN ALHADY,+971509488077,The Citadel,-,Business Bay,Residential,-,2026-08-20 03:33:23.24+00,0,Create buyers lead – Anyone who wants to buy put in this,"Wants to rent 1BR near Dubai Mall, budget max 1500 AED/month",,https://qgxgtavkovqklijfpnfl.supabase.co/storage/v1/object/public/owners_data_second/01a089ca-3665-744a-9a6f-1880e2107cf9-1789018340284-2bc89286-0dd3-4635-b7d6-2a30c2173ac5-stereo.wav,38658,01a01f0b-f34f-7ff8-a2b6-409c6fcf0d75
Hot Seller / Landlord,SARA ALMAGKOT,+971543574002,Millennium Binghatti Residences,-,Business Bay,Residential,-,2026-08-20 03:33:23.24+00,0,Awaiting availability – anyone who says yes to rent or sell according to the complete flow,"Asked for WhatsApp, open to selling or renting Millennium Binghati unit",,https://qgxgtavkovqklijfpnfl.supabase.co/storage/v1/object/public/owners_data_second/01a089ca-6527-7995-97e5-4a3a840b3ad8-1789018183901-b819df87-0efd-4cd7-87c7-20ab8a3c4144-stereo.wav,38656,01a01f0b-9e06-7441-adec-92bd98e7396f
Hot Seller / Landlord,WAYNE SACHA WAHIB SAAB,+971585898243,Binghatti Canal Building,2105,Business Bay,Apartments,-,2026-08-20 03:32:54.424+00,0,Awaiting availability – anyone who says yes to rent or sell according to the complete flow,Requested WhatsApp follow-up about selling/renting Bengaluru Building unit,,https://qgxgtavkovqklijfpnfl.supabase.co/storage/v1/object/public/owners_data_second/01a07169-537b-7000-a1ef-9f123dfe5fb3-1788609177858-9c9ab7ff-6446-4adf-8a9a-af307bdce80f-stereo.wav,38534,01a05796-72e1-7000-97b3-4b96f8d681b6
Hot Seller / Landlord,WAYNE SACHA WAHIB SAAB,+971585898243,Binghatti Canal Building,2105,Business Bay,Apartments,-,2026-08-20 03:32:54.424+00,0,Awaiting availability – anyone who says yes to rent or sell according to the complete flow,Requested WhatsApp follow-up about selling/renting Bengaluru Building unit,,https://qgxgtavkovqklijfpnfl.supabase.co/storage/v1/object/public/owners_data_second/01a07169-537b-7000-a1ef-9f123dfe5fb3-1788609177858-9c9ab7ff-6446-4adf-8a9a-af307bdce80f-stereo.wav,38534,01a01e0b-439d-7000-83e2-b7776a5eff3a
Hot Seller / Landlord,CHAITANYA SAI SURYA KRISHNA TAMADA,+6587704748,One by Binghatti,3402,Business Bay,Apartments,-,2026-08-20 03:32:10.012+00,0,Awaiting availability – anyone who says yes to rent or sell according to the complete flow,"Wants to sell 2BR with pool at 1 by Binghati, expects 3.8–4M after handover",,https://qgxgtavkovqklijfpnfl.supabase.co/storage/v1/object/public/owners_data_second/01a0718d-0dcd-7cc1-99d1-32d3fd2c9b04-1788611668117-675e484b-f9e4-4449-b4db-2789e8ea98ad-stereo.wav,38409,01a01e23-a8fa-700f-b493-a6a24c0c91d8
Buyer Lead,ALIREZA ALI ASGHAR ASHOURI,+971509104080,PARAMOUNT TOWER HOTEL & RESIDENCES,-,Business Bay,Residential,-,2026-08-20 03:31:21.909+00,0,Create buyers lead – Anyone who wants to buy put in this,"Requested WhatsApp message, did not specify interest type",,https://qgxgtavkovqklijfpnfl.supabase.co/storage/v1/object/public/owners_data_second/01a089cc-6b22-7447-bcb2-91506a93560a-1789018312078-7751e1d8-9ba0-4cce-a5ba-4e86b85abb51-stereo.wav,38259,01a01f10-be8e-7000-83e5-0dbfdf6edc5b
Hot Seller / Landlord,MARCEL BOTTENHEFT,+31642028602,DAMAC Paramount Tower (Midtown) Hotel And Residences,-,Business Bay,Residential,-,2026-08-20 03:31:07.385+00,0,Awaiting availability – anyone who says yes to rent or sell according to the complete flow,"positive - Wants 2.8M for upgraded 2-bed, has agent, open if price met",,https://qgxgtavkovqklijfpnfl.supabase.co/storage/v1/object/public/owners_data_second/01a0a9ad-7f52-7ddd-b7c0-4739178e2552-1789553234845-3362e655-1d39-4908-a6f4-fa5c7c77b6ab-stereo.wav,38197,01a01ed5-ea71-7441-acb0-1f295e899b16
Hot Seller / Landlord,TOMAS PETSINIS,+420737246342,Nobles Tower,301,Business Bay,Apartments,-,2026-08-20 03:31:07.385+00,0,Awaiting availability – anyone who says yes to rent or sell according to the complete flow,"hesitant - Said yes to selling or renting, requested call back in 2 hours",,https://qgxgtavkovqklijfpnfl.supabase.co/storage/v1/object/public/owners_data_second/01a0aa02-2ecc-7557-a6bd-31bd480bc7f6-1789558728611-11b843df-58a1-4dff-9a31-b3369c34ce9e-stereo.wav,38168,01a08622-5c24-7ee7-ad36-04c95315f34a
Hot Seller / Landlord,MARCEL BOTTENHEFT,+31642028602,DAMAC Paramount Tower (Midtown) Hotel And Residences,-,Business Bay,Residential,-,2026-08-20 03:31:07.385+00,0,Awaiting availability – anyone who says yes to rent or sell according to the complete flow,"positive - Wants 2.8M for upgraded 2-bed, has agent, open if price met",,https://qgxgtavkovqklijfpnfl.supabase.co/storage/v1/object/public/owners_data_second/01a0a9ad-7f52-7ddd-b7c0-4739178e2552-1789553234845-3362e655-1d39-4908-a6f4-fa5c7c77b6ab-stereo.wav,38197,01a085d1-e3df-7000-a118-cbe4394d545e
Hot Seller / Landlord,TOMAS PETSINIS,+420737246342,Nobles Tower,301,Business Bay,Apartments,-,2026-08-20 03:31:07.385+00,0,Awaiting availability – anyone who says yes to rent or sell according to the complete flow,"hesitant - Said yes to selling or renting, requested call back in 2 hours",,https://qgxgtavkovqklijfpnfl.supabase.co/storage/v1/object/public/owners_data_second/01a0aa02-2ecc-7557-a6bd-31bd480bc7f6-1789558728611-11b843df-58a1-4dff-9a31-b3369c34ce9e-stereo.wav,38168,01a01ee1-cd63-700f-b86b-6c534c991c8a
Hot Seller / Landlord,AKSHITH THOMAS JOSEPH,+919446539509,Tiger Sky Tower,7404,Business Bay,Apartments,-,2026-08-20 03:30:52.529+00,0,Awaiting availability – anyone who says yes to rent or sell according to the complete flow,"Unit under construction, not ready to rent or sell yet",,https://qgxgtavkovqklijfpnfl.supabase.co/storage/v1/object/public/owners_data_second/01a080ff-c0c4-7001-9bed-6279183071bf-1788870762635-0b14f2a3-a632-44fb-9150-66bb30f9bc41-stereo.wav,38149,01a01e91-b511-7000-8182-dad7d05f2d29
Hot Seller / Landlord,HEMANTKUMAR KANTILAL KARIA,+254722513446,Rove Home Marasi Drive,W-1715,Business Bay,Apartments,-,2026-08-20 03:30:37.348+00,0,Awaiting availability – anyone who says yes to rent or sell according to the complete flow,"Wants to rent out commercial unit in 2027, open to valuation, follow-up requested",,https://qgxgtavkovqklijfpnfl.supabase.co/storage/v1/object/public/owners_data_second/01a06b19-a1ab-7555-96f7-22273bb7bdd1-1788503404966-6ccd1078-e7de-4407-8bf5-0cfb59de4788-stereo.wav,38084,01a01e1b-b8af-7bba-b957-20106b157322
Hot Seller / Landlord,JAHANGIR KHAN SHASHI KHAN,+971522200047,BUSINESS TOWER,-,Business Bay,Residential,-,2026-08-19 10:22:02.433+00,37,Awaiting availability – anyone who says yes to rent or sell according to the complete flow,"Asked to be contacted via WhatsApp, implied selling or renting intent","Maya from AS Properties called Jahangir regarding his unit at Business Tower, inquiring if he was interested in selling or renting. Jahangir requested that all future communication be sent via WhatsApp.",https://qgxgtavkovqklijfpnfl.supabase.co/storage/v1/object/public/owners_data_third/01a0198a-9eaa-7eec-a4c4-bf9e42cdfc23-1787134962295-adae386d-429a-49c6-987a-ad136a580209-stereo.wav,40243,01a0198a-9eaa-7eec-a4c4-bf9e42cdfc23
Hot Seller / Landlord,ALESSANDRO BOMPREZZI,+393286137266,Rove Home Marasi Drive,W-1512,Business Bay,Apartments,-,2026-08-19 10:20:51.653+00,200,Awaiting availability – anyone who says yes to rent or sell according to the complete flow,"Owner open to sell or rent, wants follow-up after return in September",,https://qgxgtavkovqklijfpnfl.supabase.co/storage/v1/object/public/call_recordings_16july/01a01988-d66a-7774-98b0-36681b40138e-1787135054344-df6488c2-948d-4b9f-bea1-55b945ce211a-stereo.wav,40225,01a01988-d66a-7774-98b0-36681b40138e
Hot Seller / Landlord,EDOUARD BOULOS CHOUFANI,+971506230228,Sparkle Towers,-,Dubai Marina,Apartments,-,2026-08-19 10:13:22.917+00,55,Awaiting availability – anyone who says yes to rent or sell according to the complete flow,"Wants to rent out, requested WhatsApp follow-up while driving","Maya from Properties called Idod regarding his unit at Sparkle Towers to inquire if he was interested in selling or renting it. Idod confirmed the unit is for rent but, being currently busy driving, requested Maya send a WhatsApp message to the same number for further details. Maya agreed to send the message shortly.",https://qgxgtavkovqklijfpnfl.supabase.co/storage/v1/object/public/owners_data_second/01a01982-9227-700f-bcc6-f4f174c6f723-1787134460150-8a0b728c-050c-4929-955b-d17cf093922e-stereo.wav,37239,01a01982-9227-700f-bcc6-f4f174c6f723
Hot Seller / Landlord,AMIEL MATINDIKE,+263772252249,The First Collection Business Bay,203 (H 1),Business Bay,Hotel Apartments,-,2026-08-19 10:05:57.972+00,153,Awaiting availability – anyone who says yes to rent or sell according to the complete flow,"Wants to sell if price reaches 400k, maybe after this year",,https://qgxgtavkovqklijfpnfl.supabase.co/storage/v1/object/public/call_recordings_16july/01a0197b-882c-722d-bdac-94b5e9eeb494-1787134114042-03ca3e7f-48d4-4ee8-add2-097b76b684c5-stereo.wav,40223,01a0197b-882c-722d-bdac-94b5e9eeb494
Hot Seller / Landlord,BARKHA KAMLASHANKAR SINGH,+919967718444,Rove Home Marasi Drive,E-516,Business Bay,Apartments,-,2026-08-19 09:40:22.647+00,173,Awaiting availability – anyone who says yes to rent or sell according to the complete flow,"Asked about valuation, open to selling if price is good","The AI called the user regarding their off-plan unit in Business Bay to inquire about selling or renting. The user stated the unit is still under construction and they are unaware of its current market value, but would consider selling if a good offer is made. The AI offered to have a senior consultant provide a full valuation for the specific unit, and the user agreed to a callback for tomorrow evening.",https://qgxgtavkovqklijfpnfl.supabase.co/storage/v1/object/public/owners_data_third/01a01964-3058-7334-8a46-ea173efbc1ef-1787132598026-2480bf74-257c-4597-ad87-d13c69f83892-stereo.wav,40158,01a01964-3058-7334-8a46-ea173efbc1ef
Hot Seller / Landlord,MURAT BARIS MANDEV,+905335803966,Rove Home Marasi Drive,W-1617,Business Bay,Apartments,-,2026-08-19 09:39:12.316+00,112,Awaiting availability – anyone who says yes to rent or sell according to the complete flow,Owner will consider selling or renting after construction finishes,"AS Properties contacted Murat regarding his unit at Drive in Business Bay to inquire about selling or renting it. Murat stated that the building is still under construction, making it too early to consider either option. He plans to decide once construction is complete, and AS Properties agreed to follow up at a later date.",https://qgxgtavkovqklijfpnfl.supabase.co/storage/v1/object/public/owners_data_third/01a01963-5e2c-777d-8d31-09394a74e732-1787132466404-d72271a9-cc5d-44b9-ac63-64b87c5209df-stereo.wav,40153,01a01963-5e2c-777d-8d31-09394a74e732
Hot Seller / Landlord,BLAGOJ GJORGJIEV,+38978456915,Rove Home Marasi Drive,W-2013,Business Bay,Apartments,-,2026-08-19 09:38:32.396+00,147,Awaiting availability – anyone who says yes to rent or sell according to the complete flow,"Wants to rent out studio, requested WhatsApp offer",,https://qgxgtavkovqklijfpnfl.supabase.co/storage/v1/object/public/call_recordings_16july/01a01962-e1d3-7998-bcec-25e6dee58d41-1787132461557-4f21442d-9d2e-45eb-a1be-27d886ec8fa3-stereo.wav,40150,01a01962-e1d3-7998-bcec-25e6dee58d41
Hot Seller / Landlord,MOHAMED FATEH ALMSADI,+971556675271,DAMAC Maison Bay's Edge,-,Business Bay,Residential,-,2026-08-19 09:32:32.766+00,45,Awaiting availability – anyone who says yes to rent or sell according to the complete flow,"Requested WhatsApp follow-up, did not decline to sell","Maya from AS Property called Mohamed regarding his unit at Damak Mizen Basij in Business Bay to inquire if he was interested in selling. Mohamed, after clarifying his name and the call's purpose, requested Maya to send a WhatsApp message before abruptly ending the call.",https://qgxgtavkovqklijfpnfl.supabase.co/storage/v1/object/public/owners_data_third/01a0195d-54b6-7dde-b92e-418a88eefd79-1787132000723-5bb8c0df-d393-4281-8c41-c57becc5cce6-stereo.wav,39789,01a0195d-54b6-7dde-b92e-418a88eefd79
Hot Seller / Landlord,MOHAMMAD AMRAN HOSSAIN MOHAMMED SHAFI,+971567989900,Millennium Central Downtown,-,Business Bay,Residential,-,2026-08-19 09:29:14.337+00,184,Awaiting availability – anyone who says yes to rent or sell according to the complete flow,"Wants to sell or rent office, retail for sale only","Maya from AS Properties called Mohammed to inquire about selling or renting his two units at Millennium Central Downtown: an office and a retail space. Mohammed indicated the office was available for rent or sale, with a preference to sell at a good price, while the occupied retail unit was only for sale. The call ended abruptly when Mohammed became frustrated by Maya's repeated questions about ""bedrooms"" in an office unit.",https://qgxgtavkovqklijfpnfl.supabase.co/storage/v1/object/public/owners_data_third/01a0195a-4afb-799c-951d-e58156b9bcca-1787131941011-8bf1e06e-2fab-48b9-b109-5ed59caa5c04-stereo.wav,39757,01a0195a-4afb-799c-951d-e58156b9bcca
Hot Seller / Landlord,DILSHAD KHAN SARDAR KHAN,+971501981929,Viewz 2 By Danube,2912,Jumeirah Lake Towers (JLT),Apartment,-,2026-08-19 09:20:03.615+00,50,Awaiting availability – anyone who says yes to rent or sell according to the complete flow,"Asked if we have a buyer, interested in selling",Maya from AS Properties contacted Dilshad regarding their unit at View 2 by Danube in JLT to inquire about selling or renting. Dilshad confirmed they are looking to sell and asked if AS Properties had a buyer. Maya stated she would check for buyers and connect Dilshad with the appropriate person for more details.,https://qgxgtavkovqklijfpnfl.supabase.co/storage/v1/object/public/owners_data_second/01a01951-e8e3-711c-a5a9-de0dcde16fc8-1787131256620-91d9dbfe-b716-4752-acb0-51b4f53d16ef-stereo.wav,22651,01a01951-e8e3-711c-a5a9-de0dcde16fc8
Hot Seller / Landlord,NUNZIO QUARANTA,+971562268316,15 Northside,-,Business Bay,Residential,-,2026-08-19 09:13:44.043+00,32,Awaiting availability – anyone who says yes to rent or sell according to the complete flow,"Tenant until Feb, not selling or renting now",,https://qgxgtavkovqklijfpnfl.supabase.co/storage/v1/object/public/call_recordings_16july/01a0194c-0879-711c-a585-298bb3482aed-1787130859137-4b368c65-3a63-4e8c-adfc-6a57c2823514-stereo.wav,39993,01a0194c-0879-711c-a585-298bb3482aed
Hot Seller / Landlord,ADELYNE D COSTA WOLFANGO,+971529021542,DAMAC Paramount Tower (Midtown) Hotel And Residences,-,Business Bay,Apartment,-,2026-08-19 09:02:11.317+00,54,Awaiting availability – anyone who says yes to rent or sell according to the complete flow,Interested to rent out after payment issue is sorted,"An AI agent from AS, Maya, contacted Adeline regarding her unit at Damak Paramount Tower to inquire if she was open to selling or renting the property. The call ended due to silence before Adeline could respond.",https://qgxgtavkovqklijfpnfl.supabase.co/storage/v1/object/public/owners_data_third/01a01941-27f6-788a-9f74-b512922b5098-1787130187972-3e7fdb13-7333-4e8c-b322-026065dedb8b-stereo.wav,42296,01a01941-27f6-788a-9f74-b512922b5098
Hot Seller / Landlord,MURTAZA MOHAMMED HUSAIN BANKODAWALA,+96597271078,Rove Home Marasi Drive,E-1102,Business Bay,Apartments,-,2026-08-19 08:39:33.105+00,217,Awaiting availability – anyone who says yes to rent or sell according to the complete flow,"Wants to rent out after 2027 handover, agreed to later follow-up","Maya from AS Properties called Murtaza regarding his studio unit at Grove Home, which is still under construction and expected to be ready by late 2027. Murtaza indicated he would likely rent it out once completed but has no specific rental target yet. Due to poor call quality and Murtaza's preference, AS Properties will call him back from a Dubai number around 6 PM Dubai time to continue the discussion.",https://qgxgtavkovqklijfpnfl.supabase.co/storage/v1/object/public/owners_data_third/01a0192c-eb85-7998-bb87-15aae44129d4-1787128992913-4324f4df-735f-4cb6-b869-fedc63aa3ed0-stereo.wav,39701,01a0192c-eb85-7998-bb87-15aae44129d4
Hot Seller / Landlord,ROMAN POLASEK,+420777828367,Nobles Tower,1003,Business Bay,Apartments,-,2026-08-19 08:27:16.325+00,41,Awaiting availability – anyone who says yes to rent or sell according to the complete flow,"Willing to sell or rent, requested WhatsApp offer",,https://qgxgtavkovqklijfpnfl.supabase.co/storage/v1/object/public/call_recordings_16july/01a01921-3e6c-799c-93c5-629b535c5bb0-1787128080383-122ce0f0-a0b1-4c81-9df0-a9d2dae37a56-stereo.wav,40103,01a01921-3e6c-799c-93c5-629b535c5bb0
Hot Seller / Landlord,SEHAR AHSAN,+923002346672,Rove Home Marasi Drive,W-1710,Business Bay,Apartments,-,2026-08-19 08:13:51.474+00,155,Awaiting availability – anyone who says yes to rent or sell according to the complete flow,"Open to sell if buyer found, prefers WhatsApp, unit with other agents",,https://qgxgtavkovqklijfpnfl.supabase.co/storage/v1/object/public/call_recordings_16july/01a01915-3c74-799c-9376-bb22f1aebbbb-1787127388759-0705ec03-ccaa-45c4-b4e8-72bcddb1e624-stereo.wav,40128,01a01915-3c74-799c-9376-bb22f1aebbbb
Hot Seller / Landlord,SALWA KHANOM EL LABABIDI,+971502416248,Marquise Square,709,Business Bay,Apartments,-,2026-08-19 08:08:47.573+00,48,Awaiting availability – anyone who says yes to rent or sell according to the complete flow,"Asked about selling price, not interested in renting","Maya from AS Properties called Salwa about her unit at Marquee Square in Business Bay to inquire about selling or renting. Salwa was not interested in renting but asked about current selling prices, prompting Maya to provide a range of 850,000 to over 1 million. Salwa clarified she was not actively looking to sell but was merely curious about the market value.",https://qgxgtavkovqklijfpnfl.supabase.co/storage/v1/object/public/owners_data_third/01a01910-9c07-788a-9e78-4c94e5999f06-1787126978310-6eeef25d-5a40-4524-b08d-1600f5fbe202-stereo.wav,40815,01a01910-9c07-788a-9e78-4c94e5999f06
Hot Seller / Landlord,HAMDA JABARA HASAN MATAR ALMARAR,+971506225668,Altitude de GRISOGONO,2204A,Business Bay,Apartments,-,2026-08-19 08:05:56.122+00,200,Awaiting availability – anyone who says yes to rent or sell according to the complete flow,"Wants to sell 1BR at Business Bay, expects above 2M, prefers call tomorrow evening",,https://qgxgtavkovqklijfpnfl.supabase.co/storage/v1/object/public/call_recordings_16july/01a0190e-00a5-711c-a430-58cc4cbc9eb9-1787126958796-6e9f9402-ed49-4548-abb8-1ebe77ff3f24-stereo.wav,40823,01a0190e-00a5-711c-a430-58cc4cbc9eb9
Hot Seller / Landlord,MOHD SUBHI M A HANNOUN,+971506317437,Tamani Arts Offices,1602,Business Bay,Offices,-,2026-08-19 07:52:04.941+00,52,Awaiting availability – anyone who says yes to rent or sell according to the complete flow,Open to selling or renting out the unit,,https://qgxgtavkovqklijfpnfl.supabase.co/storage/v1/object/public/call_recordings_16july/01a01901-5951-7116-bd38-0645a59f0ecc-1787125979333-96f44b89-50a8-4ac5-a19e-8414acbd25a9-stereo.wav,40796,01a01901-5951-7116-bd38-0645a59f0ecc
Hot Seller / Landlord,AZM SHAHER MANSOUR AL HOMOUD,+971507361267,Tamani Arts Offices,-,Business Bay,Residential,-,2026-08-19 07:46:49.048+00,32,Awaiting availability – anyone who says yes to rent or sell according to the complete flow,"Confirmed for sale, requested WhatsApp follow-up for Park Lane Tower offices","Maya from AS Properties called the user to inquire about selling or renting their unit in Business Bay. The user clarified they own an office in Park Lane Tower, not Business Bay, and confirmed it is for sale, requesting Maya to send details via WhatsApp.",https://qgxgtavkovqklijfpnfl.supabase.co/storage/v1/object/public/owners_data_third/01a018fc-28c9-7774-954a-aec5e169454c-1787125644352-ad6501b0-a797-4656-887f-c8031b7dda9f-stereo.wav,39436,01a018fc-28c9-7774-954a-aec5e169454c
Hot Seller / Landlord,SYED MUSTAFA BAQAR ABIDI SYED HASAN ABIDI,+971553285324,SAFEER TOWER 1,-,Business Bay,Residential,-,2026-08-19 07:44:57.211+00,90,Awaiting availability – anyone who says yes to rent or sell according to the complete flow,"Wants to sell, shared bedroom type and price, agreed callback",,https://qgxgtavkovqklijfpnfl.supabase.co/storage/v1/object/public/call_recordings_16july/01a018fa-da1f-7228-9549-6828515d3582-1787125590102-2cfc3ed8-1de3-4be0-8a99-9fe11f6d79fc-stereo.wav,39428,01a018fa-da1f-7228-9549-6828515d3582
Hot Seller / Landlord,JAKOB GEERT JONGSMA,+31641486282,One by Binghatti,-,Business Bay,Residential,-,2026-08-19 07:39:14.624+00,81,Awaiting availability – anyone who says yes to rent or sell according to the complete flow,"Wants to rent out unit, available December or January","Maya from AS Properties called Jacob regarding his unit at 1 by Binghati in Business Bay to inquire about selling or renting. Jacob stated he is open to renting the unit, but it will not be ready until December or January 2027. He also mentioned a potential price range for the property.",https://qgxgtavkovqklijfpnfl.supabase.co/storage/v1/object/public/owners_data_third/01a018f5-7fb3-7116-bceb-1e58608c37f7-1787125238575-e8a46f0f-c297-4fe4-a03a-f3841fd68fa6-stereo.wav,39415,01a018f5-7fb3-7116-bceb-1e58608c37f7
Hot Seller / Landlord,RAHMATOLLAH BAKHTARI,+41787002306,Bay Avenue Mall,-,Business Bay,Residential,-,2026-08-19 07:33:42.143+00,163,Awaiting availability – anyone who says yes to rent or sell according to the complete flow,"Owner wants to rent studio at Burj Khalifa, asked about market rent","The AI initially called Ramatola about a unit at Bay Avenue Mall, but Ramatola clarified they have an empty studio at Burj Khalifa they wish to rent out. After the AI provided market rental rates for the studio, Ramatola seemed confused by the figures and abruptly ended the call.",https://qgxgtavkovqklijfpnfl.supabase.co/storage/v1/object/public/owners_data_third/01a018f0-8cf6-788a-9daa-5efce2bc22e7-1787124987788-8b089440-8a66-4616-99a0-b988a18e3a16-stereo.wav,39403,01a018f0-8cf6-788a-9daa-5efce2bc22e7
Hot Seller / Landlord,AMAR LAL POORAN KUMAR,+971504096570,VERA TOWER,-,Business Bay,Residential,-,2026-08-19 07:32:56.29+00,122,Awaiting availability – anyone who says yes to rent or sell according to the complete flow,"Open to sell or rent, shared price, agreed for callback","Maya from AS Properties contacted Amar regarding his 1-bedroom furnished unit at Vera Tower in Business Bay, inquiring about his interest in selling or renting. Amar indicated he is open to either option, seeking 70,000 for rent or 1.2 million for sale. A senior consultant will call Amar tomorrow at 1 PM to discuss both rental and sale opportunities for the unlisted property.",https://qgxgtavkovqklijfpnfl.supabase.co/storage/v1/object/public/owners_data_third/01a018ef-bdcb-7443-8694-aa5bdc09335f-1787124900853-a900a14d-af9d-4a35-bdbe-2005cb3d3f1e-stereo.wav,39398,01a018ef-bdcb-7443-8694-aa5bdc09335f
Hot Seller / Landlord,PAWEL JAKUB ZIMONCZYK,+48504262689,Canal Heights,-,Business Bay,Residential,-,2026-08-19 07:29:03.669+00,245,Awaiting availability – anyone who says yes to rent or sell according to the complete flow,"Intends to rent or sell units when ready, requests call in January","Maya from Ace Properties called Pavel to discuss his off-plan properties. Pavel owns a studio at Canal Heights, expected by year-end, and a 1-bedroom and 2-bedroom unit at Canal Croom, due in Shaban, all of which he is considering renting or selling based on future market conditions. They agreed that Ace Properties would follow up with Pavel in January or February to discuss his options closer to the units' completion dates.",https://qgxgtavkovqklijfpnfl.supabase.co/storage/v1/object/public/owners_data_third/01a018ec-2017-7228-9503-a7f5bf9bba5c-1787124791757-415ef722-4c7e-4d27-a90b-554f43570e37-stereo.wav,40307,01a018ec-2017-7228-9503-a7f5bf9bba5c
Buyer Lead,SARDAR KHAN,+27837340710,Merano Tower,-,Business Bay,Residential,-,2026-08-19 07:15:13.121+00,133,Create buyers lead – Anyone who wants to buy put in this,"Looking for 1-3BR furnished units in Daira, asked for options on WhatsApp","Maya from AS Properties called Sadar regarding his Merano Tower unit, which he confirmed he intends to keep as a rental investment. Sadar then expressed interest in purchasing new investment properties, specifically 1-3 bedroom fully furnished units in the Daira area. Maya agreed to send him suitable options via WhatsApp, for which Sadar provided his contact number.",https://qgxgtavkovqklijfpnfl.supabase.co/storage/v1/object/public/owners_data_third/01a018df-a177-7228-94da-151229f40b72-1787123848358-b8b97a87-54da-45a1-8c11-a909f3ecf70e-stereo.wav,39660,01a018df-a177-7228-94da-151229f40b72
Hot Seller / Landlord,ABDULELAH NAEEM H AGHA,+966500526034,Rove Home Marasi Drive,-,Business Bay,Residential,-,2026-08-19 06:47:49.251+00,69,Awaiting availability – anyone who says yes to rent or sell according to the complete flow,"Agreed to sell, requested WhatsApp follow-up",Maya from AS Properties called the user about their unit at Rovum Marasi Drive to inquire if they were interested in selling or renting. The user requested that the details be sent via WhatsApp. The AI confirmed that a consultant would reach out via WhatsApp to the same number with more information.,https://qgxgtavkovqklijfpnfl.supabase.co/storage/v1/object/public/owners_data_third/01a018c6-681d-7116-bbfb-93201ccd413b-1787122141368-d353d169-afa7-4044-bdc5-6957a846e64f-stereo.wav,39914,01a018c6-681d-7116-bbfb-93201ccd413b
Hot Seller / Landlord,ADRIAN MARIN,+40721723063,Canal Heights,-,Business Bay,Residential,-,2026-08-19 06:47:35.488+00,193,Awaiting availability – anyone who says yes to rent or sell according to the complete flow,"Wants to rent out 1BR Canal Heights, asked for details by email","Maya from AS Properties contacted Adria regarding their 1-bedroom property in Canal Heights, Dubai, which is currently under construction. Adria confirmed their intention to rent out the unit upon completion. The call concluded with Adria providing their email address to receive promotional information from AS Properties.",https://qgxgtavkovqklijfpnfl.supabase.co/storage/v1/object/public/owners_data_third/01a018c6-3ed3-7116-bbfa-450f0ab1c2d2-1787122250841-563f013d-f3b3-41f8-a59a-8248e6725ec0-stereo.wav,39913,01a018c6-3ed3-7116-bbfa-450f0ab1c2d2
Hot Seller / Landlord,ALHADAF ALMUTAMAYEZ TRAINING AND MANAGEMENT CONSULTANCY LLC,+971504448657,Opal Tower,1606,Business Bay,Offices,-,2026-08-19 06:38:53.38+00,111,Awaiting availability – anyone who says yes to rent or sell according to the complete flow,"Would sell if good offer; not listing actively, still open",,https://qgxgtavkovqklijfpnfl.supabase.co/storage/v1/object/public/call_recordings_16july/01a018be-69a8-7dd6-8fcd-21f500c7675f-1787121647519-d14fdb17-da4b-43d9-a1d8-cf1ab1d83966-stereo.wav,40079,01a018be-69a8-7dd6-8fcd-21f500c7675f
Hot Seller / Landlord,MANISH GARG,+971547482902,FORTUNE TOWER,2402,Jumeirah Lake Towers (JLT),Apartment,-,2026-08-19 06:20:13.52+00,146,Awaiting availability – anyone who says yes to rent or sell according to the complete flow,"Has empty shop in X3 tower, open to renting it out","The AI initially called Harish about a unit he previously owned at Fortune Tower, but Harish clarified he sold it two years ago and the AI's data was outdated. Harish then offered an empty 500 sq ft shop he owns at X3 Tower, Lake Level, for rent. The AI agreed to have a consultant contact Harish via WhatsApp at his provided number to discuss the rental opportunity.",https://qgxgtavkovqklijfpnfl.supabase.co/storage/v1/object/public/owners_data_second/01a018ad-3a74-7dd6-8f87-78b7d0d91bab-1787120562166-98609a6a-9e3a-4a29-ad16-0cc1e83feb35-stereo.wav,21284,01a018ad-3a74-7dd6-8f87-78b7d0d91bab
Hot Seller / Landlord,ABBAS SHAMARA,+971589644440,Al Habtoor City,-,Business Bay,Residential,-,2026-08-19 06:06:18.517+00,146,Awaiting availability – anyone who says yes to rent or sell according to the complete flow,"Wants to sell, 2BR, 3.3M, requested serious buyers only",,https://qgxgtavkovqklijfpnfl.supabase.co/storage/v1/object/public/call_recordings_16july/01a018a0-7b47-7443-84fd-3a7dd07b96cd-1787119727611-27211325-cdd9-4e6f-ac9e-c28ee242c217-stereo.wav,39383,01a018a0-7b47-7443-84fd-3a7dd07b96cd
Hot Seller / Landlord,IZZAT CHOUMAN,+971561110959,Ahad Residences,-,Business Bay,Residential,-,2026-08-19 05:07:33.081+00,88,Awaiting availability – anyone who says yes to rent or sell according to the complete flow,"Owner wants to rent out 3 combined units, quoted half million yearly",,https://qgxgtavkovqklijfpnfl.supabase.co/storage/v1/object/public/call_recordings_16july/01a0186a-b9fd-711c-a165-c64a4f8a6fae-1787116143818-f6ccd491-f802-4519-92a4-c99163aef058-stereo.wav,40025,01a0186a-b9fd-711c-a165-c64a4f8a6fae
Hot Seller / Landlord,JEFF KHOURY,+9613802719,Urban Oasis by Missoni,409,Business Bay,Apartments,-,2026-08-19 03:35:04.524+00,0,Awaiting availability – anyone who says yes to rent or sell according to the complete flow,"Wants to rent out unit from mid December, prefers WhatsApp follow-up",,https://qgxgtavkovqklijfpnfl.supabase.co/storage/v1/object/public/owners_data_second/01a06783-b6e3-7336-9c1b-3ac86500917f-1788443244552-e40a1bcf-9a4b-4040-bebe-cbf340c1fa8e-stereo.wav,40811,01a0190a-3c6f-788a-9e4a-e5903e956839
Hot Seller / Landlord,SEADA ASHEBIR  FENTAW,+251930111316,Bayz 101,8204,Business Bay,Apartments,-,2026-08-19 03:35:04.524+00,0,Awaiting availability – anyone who says yes to rent or sell according to the complete flow,"Asked about selling, inquired on price, prefers WhatsApp communication",,https://qgxgtavkovqklijfpnfl.supabase.co/storage/v1/object/public/owners_data_second/01a06776-bb28-766c-bb6f-71bca9ca32de-1788442383868-0c140821-56a8-4215-be38-4dc8a93ec53e-stereo.wav,40778,01a01902-fa02-7998-ba4f-8b9d5a876a96
Buyer Lead,OZGUR CEM MUSRI,+905065982888,Rove Home Marasi Drive,E-606,Business Bay,Apartments,-,2026-08-19 03:34:14.898+00,0,Create buyers lead – Anyone who wants to buy put in this,Asked to be contacted via WhatsApp before speaking further,,https://qgxgtavkovqklijfpnfl.supabase.co/storage/v1/object/public/owners_data_second/01a080ab-d16b-7664-b3d8-7eff32a59eb0-1788865189887-976ca3ac-4273-469a-999f-9ce5a76a8c4c-stereo.wav,40186,01a0196e-905b-700f-bc48-cf0c2631eeba
Hot Seller / Landlord,JAPY NIZAR HADI PIRBAY,+971563233586,Aykon City,-,Business Bay,Residential,-,2026-08-19 03:34:00.029+00,0,Awaiting availability – anyone who says yes to rent or sell according to the complete flow,"Open to sell 2BR at Icon City, wants 2M, prefers WhatsApp follow-up",,https://qgxgtavkovqklijfpnfl.supabase.co/storage/v1/object/public/owners_data_second/01a06c49-37a7-766f-b1b9-aa26cdfa3b03-1788523198192-c109fe48-d5f6-4f34-a11f-f1c85c592601-stereo.wav,40101,01a01920-eb18-777d-8b7a-b84ab316cafb
Hot Seller / Landlord,HISAM ALAHDAB,+97470613805,Rove Home Marasi Drive,W-1517,Business Bay,Apartments,-,2026-08-19 03:33:46.234+00,0,Awaiting availability – anyone who says yes to rent or sell according to the complete flow,"positive - Wants to sell 2-bed corner unit, expects close to 3 million AED",,https://qgxgtavkovqklijfpnfl.supabase.co/storage/v1/object/public/owners_data_second/01a0959f-adcc-7dd1-8616-0918d6e1b656-1789216809622-c4b90f7a-e84d-439c-b1e0-efebc9e52858-stereo.wav,40055,01a07bff-ab61-7000-9eca-023dc99123c5
Hot Seller / Landlord,PREM LATA DHIRANI HITESH DHIRANI,+971558730015,Tamani Arts Offices,1512,Business Bay,Offices,-,2026-08-19 03:33:46.234+00,0,Awaiting availability – anyone who says yes to rent or sell according to the complete flow,"Wants to sell, gave price and details, but refused callback",,https://qgxgtavkovqklijfpnfl.supabase.co/storage/v1/object/public/owners_data_second/01a047b5-0651-7006-9ed3-466a560e13bd-1787909550254-2c28c48c-c811-48e3-a463-1675afa49d29-stereo.wav,40060,01a018b8-83a6-7228-93eb-331f58bfeaeb
Hot Seller / Landlord,HISAM ALAHDAB,+97470613805,Rove Home Marasi Drive,W-1517,Business Bay,Apartments,-,2026-08-19 03:33:46.234+00,0,Awaiting availability – anyone who says yes to rent or sell according to the complete flow,"positive - Wants to sell 2-bed corner unit, expects close to 3 million AED",,https://qgxgtavkovqklijfpnfl.supabase.co/storage/v1/object/public/owners_data_second/01a0959f-adcc-7dd1-8616-0918d6e1b656-1789216809622-c4b90f7a-e84d-439c-b1e0-efebc9e52858-stereo.wav,40055,01a018b7-b014-777d-8935-1026ae6a596f
Hot Seller / Landlord,MOHAMED HUSSAIN NOORBHAI,+27837759252,Merano Tower,-,Business Bay,Residential,-,2026-08-19 03:33:32.226+00,0,Awaiting availability – anyone who says yes to rent or sell according to the complete flow,"positive - Asked for market value, open to selling studio in Mirano Tower, requested WhatsApp follow-up",,https://qgxgtavkovqklijfpnfl.supabase.co/storage/v1/object/public/owners_data_second/01a09507-3ff1-7ff2-9cce-41439c90f38f-1789206829013-69044dec-92fd-4880-9cd6-55454a640803-stereo.wav,40033,01a0186c-066f-7dde-b44f-701846e0b6f5
Hot Seller / Landlord,MOHAMED HUSSAIN NOORBHAI,+27837759252,Merano Tower,-,Business Bay,Residential,-,2026-08-19 03:33:32.226+00,0,Awaiting availability – anyone who says yes to rent or sell according to the complete flow,"positive - Asked for market value, open to selling studio in Mirano Tower, requested WhatsApp follow-up",,https://qgxgtavkovqklijfpnfl.supabase.co/storage/v1/object/public/owners_data_second/01a09507-3ff1-7ff2-9cce-41439c90f38f-1789206829013-69044dec-92fd-4880-9cd6-55454a640803-stereo.wav,40033,01a07199-7e7b-7777-b930-0e24d9667a8a
Hot Seller / Landlord,JATIN DAWAR RAJINDER KUMAR DAWAR,+971585881742,PRIVE BY DAMAC,-,Business Bay,Residential,-,2026-08-19 03:33:17.747+00,0,Awaiting availability – anyone who says yes to rent or sell according to the complete flow,"positive - Owns 2 units at Prive by Damac, open to renting out",,https://qgxgtavkovqklijfpnfl.supabase.co/storage/v1/object/public/owners_data_second/01a0a023-55c7-7000-9a98-a78681d91f3b-1789393147185-05ab87a3-a2d7-4d87-8743-d81121bdfdeb-stereo.wav,39992,01a0194b-df54-777d-8c92-0c88a5706f96
Hot Seller / Landlord,JATIN DAWAR RAJINDER KUMAR DAWAR,+971585881742,PRIVE BY DAMAC,-,Business Bay,Residential,-,2026-08-19 03:33:17.747+00,0,Awaiting availability – anyone who says yes to rent or sell according to the complete flow,"positive - Owns 2 units at Prive by Damac, open to renting out",,https://qgxgtavkovqklijfpnfl.supabase.co/storage/v1/object/public/owners_data_second/01a0a023-55c7-7000-9a98-a78681d91f3b-1789393147185-05ab87a3-a2d7-4d87-8743-d81121bdfdeb-stereo.wav,39992,01a08023-da90-7aa6-88c1-abef3d92183a
Hot Seller / Landlord,SULTAN ABDULHADI M ALSULTAN,+966505824346,Dolphin Tower,P211,Business Bay,Hotel Apartments,-,2026-08-19 03:32:48.586+00,0,Awaiting availability – anyone who says yes to rent or sell according to the complete flow,"Wants to sell Dolphin Tower unit, expects 10% over 1.29M, managed by Marriott",,https://qgxgtavkovqklijfpnfl.supabase.co/storage/v1/object/public/owners_data_second/01a080d5-d72d-711a-aae1-3a2483570987-1788868021644-89cd312e-d978-463b-ac21-59b4f96aff8f-stereo.wav,39848,01a018d1-fdfe-7991-9c8b-0d8eb79e152f
Hot Seller / Landlord,SAQIB MEHMOOD MUHAMMAD ASLAM KHAN,+971562230736,Al Manara Tower,-,Business Bay,Residential,-,2026-08-19 03:32:48.586+00,0,Awaiting availability – anyone who says yes to rent or sell according to the complete flow,"Wants to sell or rent commercial unit, shared price, requested message follow-up",,https://qgxgtavkovqklijfpnfl.supabase.co/storage/v1/object/public/owners_data_second/01a04db6-e967-7664-ba60-92e564d7a09f-1788010385814-24f8e7c2-0c46-4244-a375-9e4392af699c-stereo.wav,39863,01a018d7-4115-7dd9-9626-7c1f49510074
Hot Seller / Landlord,NAVIN KUMAR PARWAL,+919829055990,One by Binghatti,-,Business Bay,Residential,-,2026-08-19 03:31:50.296+00,0,Awaiting availability – anyone who says yes to rent or sell according to the complete flow,"Owner wants to rent, asked about expected rent and returns",,https://qgxgtavkovqklijfpnfl.supabase.co/storage/v1/object/public/owners_data_second/01a0576b-a934-7000-8701-d10afb370fde-1788173315894-f6b93ee2-ccf9-4a00-913d-6b98753f781b-stereo.wav,39675,01a018e4-dcb5-7dd9-968e-deb3cff931b3
Hot Seller / Landlord,MATHIAS SIMO DAFIR,+971585880028,POLARIS,-,Business Bay,Residential,-,2026-08-19 03:31:07.876+00,0,Awaiting availability – anyone who says yes to rent or sell according to the complete flow,"Unit under construction, not ready yet, will be available after completion",,https://qgxgtavkovqklijfpnfl.supabase.co/storage/v1/object/public/owners_data_second/01a08539-b8d8-7cc5-bbac-588f7add00cd-1788941614825-4e6c3751-e2cc-4606-aceb-6056cd43216f-stereo.wav,39540,
Hot Seller / Landlord,MOHAMMED MUSSA MAHMOUD,+251911216081,The Bay,-,Business Bay,Residential,-,2026-08-19 03:31:07.876+00,0,Awaiting availability – anyone who says yes to rent or sell according to the complete flow,"Wants to rent out 1BR, asking 100k yearly, urgent to rent soon",,https://qgxgtavkovqklijfpnfl.supabase.co/storage/v1/object/public/owners_data_second/01a032a3-bba7-7770-936a-642a4ec41dfb-1787556164210-fd9719e2-59ae-4987-a614-0eacdc721bbc-stereo.wav,39513,01a01894-9f81-7774-92fd-d43d06746434
Buyer Lead,PURNIMA KISHORE BHAGWANDAS CHATURBHUJDAS BHATIA,+971506453511,Park Lane Tower,-,Business Bay,Residential,-,2026-08-19 03:30:53.111+00,0,Create buyers lead – Anyone who wants to buy put in this,"Spouse answered, lead (Purnima) was not present on call",,https://qgxgtavkovqklijfpnfl.supabase.co/storage/v1/object/public/owners_data_second/01a085ef-1890-7000-8b3d-ce56bcbc0d00-1788953559448-cc104639-3385-4389-84fc-4f83607c7567-stereo.wav,39467,01a01940-5718-7dde-b879-128c09457be0
Hot Seller / Landlord,THOMAS ZIMHINDO,+263774044875,Nobles Tower,-,Business Bay,Residential,-,2026-08-19 03:30:53.111+00,0,Awaiting availability – anyone who says yes to rent or sell according to the complete flow,"Confirmed interest to sell or rent, call interrupted by other phone",,https://qgxgtavkovqklijfpnfl.supabase.co/storage/v1/object/public/owners_data_second/01a056d3-df0b-7000-8f3c-20a28c80d94a-1788163182299-102d7d3b-bd33-44c4-ae11-b8f49fdd5256-stereo.wav,39477,01a01944-f0ad-7228-9725-7cdb5a7a72ac
Hot Seller / Landlord,AYYANAR VETRIVEL PACHAIAPPAN,+971558267756,Bayz by Danube,-,Business Bay,Residential,-,2026-08-19 03:30:53.111+00,0,Awaiting availability – anyone who says yes to rent or sell according to the complete flow,"Will decide after October, quoted 1.3M sale and 86k rent for 1BR",,https://qgxgtavkovqklijfpnfl.supabase.co/storage/v1/object/public/owners_data_second/01a071a6-c8c8-7778-9c16-b45c1b6a941a-1788613332311-df36294f-3550-44d9-af4f-8c581089bb7d-stereo.wav,39495,01a01946-e61c-7dde-b89e-1f885725708c
Buyer Lead,THANI ABDULRAHMAN SH ALKUWARI,+971555161654,DAMAC Maison Prive,-,Business Bay,Residential,-,2026-08-19 03:30:38.321+00,0,Create buyers lead – Anyone who wants to buy put in this,"Requested details on WhatsApp, property unclear",,https://qgxgtavkovqklijfpnfl.supabase.co/storage/v1/object/public/owners_data_second/01a08a4d-4d80-7ee3-b3f7-d77d90f2f60e-1789026784274-c745015d-4660-4e35-8538-d9bf576e5349-stereo.wav,39440,01a0662d-9dd8-755b-bf41-30d417f2082c
Buyer Lead,THANI ABDULRAHMAN SH ALKUWARI,+971555161654,DAMAC Maison Prive,-,Business Bay,Residential,-,2026-08-19 03:30:38.321+00,0,Create buyers lead – Anyone who wants to buy put in this,"Requested details on WhatsApp, property unclear",,https://qgxgtavkovqklijfpnfl.supabase.co/storage/v1/object/public/owners_data_second/01a08a4d-4d80-7ee3-b3f7-d77d90f2f60e-1789026784274-c745015d-4660-4e35-8538-d9bf576e5349-stereo.wav,39440,01a05741-f838-7bbb-a901-6e6b7a8c28f8
Buyer Lead,THANI ABDULRAHMAN SH ALKUWARI,+971555161654,DAMAC Maison Prive,-,Business Bay,Residential,-,2026-08-19 03:30:38.321+00,0,Create buyers lead – Anyone who wants to buy put in this,"Requested details on WhatsApp, property unclear",,https://qgxgtavkovqklijfpnfl.supabase.co/storage/v1/object/public/owners_data_second/01a08a4d-4d80-7ee3-b3f7-d77d90f2f60e-1789026784274-c745015d-4660-4e35-8538-d9bf576e5349-stereo.wav,39440,01a018fc-f3e5-7334-87c8-815d0ae116ee
Hot Seller / Landlord,KIRAN NADEEM KHAWAJA KHAWAJA NADEEM ASLAM,+971504661153,DAMAC HILLS - GOLF GREENS 2,-,DAMAC HILLS,Villa,-,2026-08-18 10:27:17.83+00,9,Awaiting availability – anyone who says yes to rent or sell according to the complete flow,"positive - Wants to sell 2BR Golf Greens 2, paid 70%, asks 1.998M, prefers WhatsApp","The AI initiated the call by asking if it was speaking with Talat. The user responded negatively, prompting the AI to apologize and subsequently end the call.",https://qgxgtavkovqklijfpnfl.supabase.co/storage/v1/object/public/owners_data_second/01a01468-d9fb-7003-abca-a001b7f78728-1787048849275-ac6a23b6-fa5b-41d7-bcde-b2a8b867413b-stereo.wav,46102,01a01468-d9fb-7003-abca-a001b7f78728
Hot Seller / Landlord,MOHAMAD KURDI,+971565019483,Seven City JLT,A26 19,Jumeirah Lake Towers (JLT),Apartment,-,2026-08-18 08:31:27.89+00,181,Awaiting availability – anyone who says yes to rent or sell according to the complete flow,"Willing to sell, wants valuation, shared minimum price, provided WhatsApp","Maya from AS Properties contacted Mohammed regarding his off-plan unit at 7 City JLT, which he is open to selling if there's a serious buyer. Despite a significant discrepancy in their initial price expectations, Mohammed agreed to receive a free valuation from a senior consultant. The consultant will contact him via WhatsApp tomorrow at the same time to discuss the valuation for his 1-bedroom unit.",https://qgxgtavkovqklijfpnfl.supabase.co/storage/v1/object/public/owners_data_second/01a013fe-fb36-722c-9712-1c6e09ad154e-1787042071455-d85564d5-996b-4aee-9eab-b3178f9dbefc-stereo.wav,20366,01a013fe-fb36-722c-9712-1c6e09ad154e
Hot Seller / Landlord,HASNAA TOUILI,+971569095757,Me Do Re 2,1002,Jumeirah Lake Towers (JLT),Apartment,-,2026-08-18 07:31:19.614+00,60,Awaiting availability – anyone who says yes to rent or sell according to the complete flow,"Unit listed with 3 agents, process going well","Maya from AS Properties called Hasna regarding her unit in Jumeirah Lake Towers to inquire about selling or renting. Hasna informed Maya that the unit is already listed with three agents and the selling process is going well with serious interest. Maya acknowledged this, wished Hasna a good day, and confirmed they would not contact her again.",https://qgxgtavkovqklijfpnfl.supabase.co/storage/v1/object/public/owners_data_second/01a013c7-df82-7662-8a78-6f1280296bb2-1787038342195-515df056-e1c2-4a0b-b7b8-09264984f48d-stereo.wav,21454,01a013c7-df82-7662-8a78-6f1280296bb2
Hot Seller / Landlord,OLUWATOYIN OSAZEMEN AGHATISE,+2347034115594,AG Tower,-,Business Bay,Residential,-,2026-08-18 07:00:12.955+00,71,Awaiting availability – anyone who says yes to rent or sell according to the complete flow,"In process of sale, expects completion in two weeks",,https://qgxgtavkovqklijfpnfl.supabase.co/storage/v1/object/public/call_recordings_16july/01a013ab-7415-7ee0-9600-084aa8c21f0e-1787036486950-4a5b4fbe-3132-47cf-ae47-31f9118e606d-stereo.wav,40449,01a013ab-7415-7ee0-9600-084aa8c21f0e
Hot Seller / Landlord,TOMASZ KRZYSZTOF STOGOWSKI,+48502833873,Altitude de GRISOGONO,3208,Business Bay,Apartments,-,2026-08-18 06:51:52.145+00,146,Awaiting availability – anyone who says yes to rent or sell according to the complete flow,"Owns off-plan unit, may sell or rent after 2028, wants follow-up then",,https://qgxgtavkovqklijfpnfl.supabase.co/storage/v1/object/public/call_recordings_16july/01a013a3-e5fc-722e-9ff2-58ef6bd20290-1787036061043-48fc77ce-377b-4baf-add4-20fde43c57ab-stereo.wav,40394,01a013a3-e5fc-722e-9ff2-58ef6bd20290
Hot Seller / Landlord,NAHAL HASSAN BAYRAKDAR,+971589035998,Bayz by Danube,-,Business Bay,Residential,-,2026-08-18 06:33:16.573+00,88,Awaiting availability – anyone who says yes to rent or sell according to the complete flow,"Has offer 1.05M, open if better, asked agent to call direct","Maya from AS Properties called Nahal regarding her unit at Bayes by Danube, inquiring about selling or renting. Nahal stated she already has an offer of 1.05 million and is only interested in selling if a higher offer is presented. The call ended abruptly after Nahal questioned if she was speaking with an AI.",https://qgxgtavkovqklijfpnfl.supabase.co/storage/v1/object/public/owners_data_third/01a01392-ac57-7ee0-9591-c3025f0d0336-1787034887266-55350b03-a561-46fe-a612-cee78532a9d0-stereo.wav,40624,01a01392-ac57-7ee0-9591-c3025f0d0336
Hot Seller / Landlord,MOHAMMED ELSAYED ELSAYED MEGAHED,+201551193003,The First Collection Business Bay,-,Business Bay,Residential,-,2026-08-18 06:26:48.254+00,114,Awaiting availability – anyone who says yes to rent or sell according to the complete flow,"Confirmed interest in selling or renting unit, wife joined call",,https://qgxgtavkovqklijfpnfl.supabase.co/storage/v1/object/public/call_recordings_16july/01a0138c-b557-7994-9ac9-0d8ba69742d1-1787034525027-d0689d59-2094-48c7-82b7-4eb2793bc5ee-stereo.wav,40439,01a0138c-b557-7994-9ac9-0d8ba69742d1
Hot Seller / Landlord,MOSTAFA NABIL SALAMA ELWARDANY,+201111199902,Vera Residences,-,Business Bay,Residential,-,2026-08-18 06:12:39.092+00,79,Awaiting availability – anyone who says yes to rent or sell according to the complete flow,"Tenant in unit, open to rent above 120k, renewal in December",,https://qgxgtavkovqklijfpnfl.supabase.co/storage/v1/object/public/call_recordings_16july/01a0137f-e2d9-7fff-a11a-305d53a7c729-1787033640207-d3aaca4e-ad92-4917-b249-84899ed2c661-stereo.wav,40347,01a0137f-e2d9-7fff-a11a-305d53a7c729
Hot Seller / Landlord,MOHAN DAS,+971505356582,Executive Towers,-,Business Bay,Residential,-,2026-08-18 06:08:39.138+00,38,Awaiting availability – anyone who says yes to rent or sell according to the complete flow,"Confirmed open to sell or rent, requested call after 5pm",Maya from AS Property called Mohan regarding his unit at Executive Towers to inquire about selling or renting it. Mohan informed her the unit is already rented and requested a call back after 5 PM. Maya agreed to have a senior consultant contact him at that time.,https://qgxgtavkovqklijfpnfl.supabase.co/storage/v1/object/public/owners_data_third/01a0137c-41d4-7000-80a5-4893e29efa5f-1787033359720-a2eb2c32-ad8b-47d5-b1ef-875aa468653c-stereo.wav,40345,01a0137c-41d4-7000-80a5-4893e29efa5f
Hot Seller / Landlord,AINUL SAFA MALIK,+971555378874,Canal Bay,-,Business Bay,Residential,-,2026-08-18 06:06:57.11+00,112,Awaiting availability – anyone who says yes to rent or sell according to the complete flow,"Wants to rent out 2BHK, asked 150k rent, open to follow-up",,https://qgxgtavkovqklijfpnfl.supabase.co/storage/v1/object/public/call_recordings_16july/01a0137a-9725-7ff9-a790-a44d25224f99-1787033331420-c85fc999-d08c-46b4-90c6-f28c89538aba-stereo.wav,40332,01a0137a-9725-7ff9-a790-a44d25224f99
Hot Seller / Landlord,JAPY NIZAR HADI PIRBAY,+971563233586,Aykon City,-,Business Bay,Residential,-,2026-08-18 06:05:39.338+00,10,Awaiting availability – anyone who says yes to rent or sell according to the complete flow,"Open to sell 2BR at Icon City, wants 2M, prefers WhatsApp follow-up",,https://qgxgtavkovqklijfpnfl.supabase.co/storage/v1/object/public/call_recordings_16july/01a01379-9cfb-7000-808e-b1deec794161-1787033152321-4882502e-70fa-4ad5-95db-40827e131558-stereo.wav,40101,01a01379-9cfb-7000-808e-b1deec794161
Hot Seller / Landlord,KUMAR BHAGU CHUGANI,+2348068808010,Nobles Tower,211,Business Bay,Apartments,-,2026-08-18 05:24:19.327+00,82,Awaiting availability – anyone who says yes to rent or sell according to the complete flow,"Wants to rent out, asks to contact his agent","Maya from Ace Properties called Kumar regarding his unit at Noble's Tower, inquiring if he was interested in selling or renting. Kumar stated he is looking to rent but already has an agent handling it and directed Maya to contact them. He also expressed frustration about the early call time due to a time difference, leading Maya to apologize and end the call.",https://qgxgtavkovqklijfpnfl.supabase.co/storage/v1/object/public/owners_data_third/01a01353-5c63-722c-93a3-c04264ab1893-1787030744217-b51a41d9-7c06-4f88-a505-c740df52f0b9-stereo.wav,40750,01a01353-5c63-722c-93a3-c04264ab1893
Hot Seller / Landlord,YELIZ YARGIC,+905325975850,One by Binghatti,2004,Business Bay,Apartments,-,2026-08-18 05:23:37.411+00,270,Awaiting availability – anyone who says yes to rent or sell according to the complete flow,"Wants to sell, shared price, agreed talk with consultant","Maya from AS Properties called the user about their 1-bedroom studio unit at 1 by Binghati in Business Bay. The user confirmed they want to sell the 458 sq ft, canal-view unit before handover for approximately 1.4-1.45 million and that it is not currently listed with other agents. A senior consultant from AS Properties will call the user tomorrow at 10 AM to discuss the sale further.",https://qgxgtavkovqklijfpnfl.supabase.co/storage/v1/object/public/owners_data_third/01a01353-08cd-7003-a644-8be24409aa7a-1787030890470-386d5c89-a068-46c7-9718-cbf4b0ee28c0-stereo.wav,40748,01a01353-08cd-7003-a644-8be24409aa7a
Hot Seller / Landlord,FAHAD MOHAMMED A ALRASHOUDI,+966555000369,Aykon City,-,Business Bay,Residential,-,2026-08-18 05:17:29.818+00,58,Awaiting availability – anyone who says yes to rent or sell according to the complete flow,"Only interested if you have buyer, not listing","Maya from AS Properties called Fahad regarding his unit at ICON City to inquire if he was open to selling or renting. Fahad expressed interest only if AS Properties had a concrete buyer or an offer, not just a listing. The call concluded with Fahad declining to proceed without an immediate offer.",https://qgxgtavkovqklijfpnfl.supabase.co/storage/v1/object/public/owners_data_third/01a0134d-7648-7994-99bb-6ca221eec72f-1787030310499-49ff735d-5b36-4fde-bcd9-f4622af7b4f0-stereo.wav,40561,01a0134d-7648-7994-99bb-6ca221eec72f
Hot Seller / Landlord,JAWID RASSA,+4915116360493,Aykon City,D2002,Business Bay,Apartments,-,2026-08-18 03:32:27.524+00,0,Awaiting availability – anyone who says yes to rent or sell according to the complete flow,Will consider selling or Airbnb after completion,,https://qgxgtavkovqklijfpnfl.supabase.co/storage/v1/object/public/owners_data_second/01a02304-ad03-777c-9564-5876c2bc25f9-1787294055548-9dabc1df-b3e6-4b10-9290-86f7888b1fb1-stereo.wav,40749,01a01353-322f-7eef-b5a0-3eda21442139
Hot Seller / Landlord,OSMAN SULTAN,+971559345666,DAMAC Maison Prive,-,Business Bay,Residential,-,2026-08-18 03:31:44.237+00,0,Awaiting availability – anyone who says yes to rent or sell according to the complete flow,"Will consider selling only at 2M, otherwise happy renting",,https://qgxgtavkovqklijfpnfl.supabase.co/storage/v1/object/public/owners_data_second/01a04c43-4e89-7000-86f0-b54705194897-1787986029187-15147137-251c-409e-9e56-b0cd9c9dfba4-stereo.wav,40576,01a01375-14f1-722c-9407-d2e5f814942c
Hot Seller / Landlord,FIDHA SHARAF EBRAHIM SHARAFUDDIN,+971502837657,Rove Home Marasi Drive,-,Business Bay,Residential,-,2026-08-18 03:31:16.248+00,0,Awaiting availability – anyone who says yes to rent or sell according to the complete flow,"Unit under construction, open to sell or rent next year",,https://qgxgtavkovqklijfpnfl.supabase.co/storage/v1/object/public/owners_data_second/01a023dc-5a1a-755f-9ec7-89bb70c06388-1787308167798-a5b3b9c9-78ca-4a2c-975c-86fbdb9686cf-stereo.wav,40489,01a01361-c64c-722e-9ee7-d84e522a89c3
Hot Seller / Landlord,VINCE DOMNIC FERNANDES,+971564047286,Park Central,-,Business Bay,Residential,-,2026-08-18 03:31:02.417+00,0,Awaiting availability – anyone who says yes to rent or sell according to the complete flow,"neutral - Confirmed open to selling Park Central unit, refused to rent",,https://qgxgtavkovqklijfpnfl.supabase.co/storage/v1/object/public/owners_data_second/01a09582-9215-7000-928a-b77bbc00a71c-1789214791814-0b17be51-7791-4a32-95bc-7c89e28c0cbd-stereo.wav,40424,01a07be6-9709-766f-92ed-7991e0a0fe4b
Hot Seller / Landlord,VINCE DOMNIC FERNANDES,+971564047286,Park Central,-,Business Bay,Residential,-,2026-08-18 03:31:02.417+00,0,Awaiting availability – anyone who says yes to rent or sell according to the complete flow,"neutral - Confirmed open to selling Park Central unit, refused to rent",,https://qgxgtavkovqklijfpnfl.supabase.co/storage/v1/object/public/owners_data_second/01a09582-9215-7000-928a-b77bbc00a71c-1789214791814-0b17be51-7791-4a32-95bc-7c89e28c0cbd-stereo.wav,40424,01a013b1-0854-777c-bdb9-679795e13319
Hot Seller / Landlord,KENNETH ANDREW LE CLAIRE,+971508595718,Gold Tower,B3-35-11,Jumeirah Lake Towers (JLT),Apartment,-,2026-08-17 13:52:16.979+00,20,Awaiting availability – anyone who says yes to rent or sell according to the complete flow,"Wants to rent out, provided price, became frustrated about property type",,https://qgxgtavkovqklijfpnfl.supabase.co/storage/v1/object/public/call_recordings_16july/01a00ffe-622f-7ff9-b200-9580d3cf4236-1786974759820-1a163f1b-d5b1-42d8-b684-74be63559f87-stereo.wav,27390,01a00ffe-622f-7ff9-b200-9580d3cf4236
Hot Seller / Landlord,FOYSAL AHMED,+8801673567471,Aeternitas Tower,2604,Dubai Marina,Apartments,-,2026-08-17 13:13:10.268+00,200,Awaiting availability – anyone who says yes to rent or sell according to the complete flow,"Owner open to sell or rent at handover, requested price info",,https://qgxgtavkovqklijfpnfl.supabase.co/storage/v1/object/public/call_recordings_16july/01a00fda-819c-7ff9-b04e-fe132da872bf-1786972593096-6f82f7d7-1532-4c09-b686-2355b25b3072-stereo.wav,36954,01a00fda-819c-7ff9-b04e-fe132da872bf
Hot Seller / Landlord,TAWFIQ MOHAMMED TAWFIQ ATARI,+971508440911,DUBAI GATE 2,2812,Jumeirah Lake Towers (JLT),Apartment,-,2026-08-17 12:53:21.853+00,31,Awaiting availability – anyone who says yes to rent or sell according to the complete flow,Confirmed wants to sell unit Dubai Gate,"Maya from AS Properties contacted Tafiq about his unit at Dubai Gate 2 in Jumeirah Lake Towers, inquiring if he was interested in selling or renting it. Tafiq confirmed he was looking to sell the property.",https://qgxgtavkovqklijfpnfl.supabase.co/storage/v1/object/public/owners_data_third/01a00fc8-6ec0-7000-9026-aff532624834-1786971235901-073216a0-e5ab-4f2f-b887-ea9896d9da52-stereo.wav,24512,01a00fc8-6ec0-7000-9026-aff532624834
Hot Seller / Landlord,MAIS WISSAM AL BAIATI,+971566661979,Wind Tower I,1303,Jumeirah Lake Towers (JLT),Apartment,-,2026-08-17 12:44:38.703+00,61,Awaiting availability – anyone who says yes to rent or sell according to the complete flow,Wants to rent out after completion in 1 year,,https://qgxgtavkovqklijfpnfl.supabase.co/storage/v1/object/public/call_recordings_16july/01a00fc0-669f-7000-8987-3dd016e40986-1786970742714-85ee22d5-098e-4cf0-ab92-413cb3e1ec97-stereo.wav,24520,01a00fc0-669f-7000-8987-3dd016e40986
Hot Seller / Landlord,REZA SABETNIA,+971508221456,Marina Arcade Tower,-,Dubai Marina,Apartments,-,2026-08-17 12:37:50.732+00,60,Awaiting availability – anyone who says yes to rent or sell according to the complete flow,"Confirmed selling intent but prefers local agent, ended call",,https://qgxgtavkovqklijfpnfl.supabase.co/storage/v1/object/public/call_recordings_16july/01a00fba-4e15-7000-819e-f641ecab181a-1786970333166-03fafb35-18de-4f2e-8619-9e8a647e616a-stereo.wav,37393,01a00fba-4e15-7000-819e-f641ecab181a
Buyer Lead,ZAIM JANJI,+971529054555,Tamweel Tower,503,Jumeirah Lake Towers (JLT),Apartment,-,2026-08-17 12:08:30.69+00,85,Create buyers lead – Anyone who wants to buy put in this,"Waiting for price drop, wants 1BR under 1.2M in future","Maya from Ace Properties called Zaim to inquire if he was interested in selling or renting his unit at Tamil Tower, but Zaim stated he is using it personally. He indicated he might consider purchasing a 1-bedroom property under 1.2 million dirhams around October if the market prices drop. Ace Properties agreed to check back with him then regarding his interest.",https://qgxgtavkovqklijfpnfl.supabase.co/storage/v1/object/public/owners_data_third/01a00f9f-78f9-7000-80a5-8fed78e52be7-1786968598583-b240c132-9712-4513-8d2c-f66a0f2b60a5-stereo.wav,24544,01a00f9f-78f9-7000-80a5-8fed78e52be7
Hot Seller / Landlord,ASIFA NIAZI,+447546319689,Aeternitas Tower,2901,Dubai Marina,Apartments,-,2026-08-17 12:05:43.579+00,73,Awaiting availability – anyone who says yes to rent or sell according to the complete flow,"Owner undecided about selling, will decide after handover",,https://qgxgtavkovqklijfpnfl.supabase.co/storage/v1/object/public/call_recordings_16july/01a00f9c-dec7-700e-aac0-766169b68449-1786968419713-6edb0d9a-d99a-4baf-b26a-61fd01e08466-stereo.wav,36701,01a00f9c-dec7-700e-aac0-766169b68449
Hot Seller / Landlord,FARAN NEAZ SYED,+966551404810,Kempinski Marina Residences,304,Dubai Marina,Apartments,-,2026-08-17 11:40:36.233+00,161,Awaiting availability – anyone who says yes to rent or sell according to the complete flow,"Wants to sell 1BR, ready 2029, suggested price 3M, follow-up Saturday 10am","Maya from AS Properties called Faran regarding his 1-bedroom unit at Kempinski Marina Residences, which is under construction until mid-2029. Faran is interested in selling the unit for approximately 3,000,000 AED once completed and confirmed it is not exclusively listed with other agents. They scheduled a follow-up call with a senior consultant for Saturday at 10 AM to discuss the sale further.",https://qgxgtavkovqklijfpnfl.supabase.co/storage/v1/object/public/owners_data_third/01a00f85-cfea-7000-98e0-9b82e993c09e-1786966999934-7ea26e39-4116-4d1a-8ccd-a95fb9ecb39d-stereo.wav,36969,01a00f85-cfea-7000-98e0-9b82e993c09e
Hot Seller / Landlord,FAWAZ ABDULRAHMAN S ALHIJJI,+966555214382,Marina Gate,-,Dubai Marina,Apartments,-,2026-08-17 11:33:42.76+00,50,Awaiting availability – anyone who says yes to rent or sell according to the complete flow,"Open to renting out, requested WhatsApp follow-up","Maya from IS Property called Fawaz regarding his unit at Marina Gate in Dubai Marina, inquiring if he was open to selling or renting. Fawaz confirmed he is open to renting the unit and requested Maya send a WhatsApp message to connect with his agency for further discussion, particularly if they have a ready client. The call ended with Fawaz.",https://qgxgtavkovqklijfpnfl.supabase.co/storage/v1/object/public/owners_data_third/01a00f7f-0e98-7443-985e-fcbd7c977b9f-1786966475259-10675455-032a-4b71-be49-59be3f68be2d-stereo.wav,37599,01a00f7f-0e98-7443-985e-fcbd7c977b9f
Hot Seller / Landlord,AHMED IBRAHIM EISSA MOSTAFA,+971529366327,Al Majara,2904,Dubai Marina,Apartments,-,2026-08-17 11:15:54.196+00,57,Awaiting availability – anyone who says yes to rent or sell according to the complete flow,"Wants to sell, 2BR, requested WhatsApp follow-up","Maya from AS Properties called Ahmed regarding his 2-bedroom unit at Al Majara, inquiring if he was interested in selling or renting. Ahmed confirmed he wanted to sell the unit but requested to discuss further details via WhatsApp, subsequently ending the call.",https://qgxgtavkovqklijfpnfl.supabase.co/storage/v1/object/public/owners_data_third/01a00f6f-4912-7000-86f1-2c0d5cdb8187-1786965414210-a93bf62b-bd0b-4463-8893-a92bcb457981-stereo.wav,37138,01a00f6f-4912-7000-86f1-2c0d5cdb8187
Hot Seller / Landlord,JULIE SHAH,+971506540651,PRINCESS TOWER,3002,Dubai Marina,Flat,-,2026-08-17 10:52:32.607+00,54,Awaiting availability – anyone who says yes to rent or sell according to the complete flow,"Owner open to rent or sell, stated price expectations for both",,https://qgxgtavkovqklijfpnfl.supabase.co/storage/v1/object/public/call_recordings_16july/01a00f59-99a5-733a-be99-0a768eb8fe27-1786964009312-a61e12d1-35b5-40e7-9936-536cd8c37cf8-stereo.wav,31888,01a00f59-99a5-733a-be99-0a768eb8fe27
Hot Seller / Landlord,HITESH KIRANRAJ LALWANI,+971504578245,Orra The Embankment - Tower 1,2004,Jumeirah Lake Towers (JLT),Apartment,-,2026-08-17 10:45:10.068+00,125,Awaiting availability – anyone who says yes to rent or sell according to the complete flow,"Wants to rent out 2BR unit at Ora, open to agent follow-up","Maya from AS Properties contacted Hitesh regarding his 2-bedroom unit at Ora, the Embankment. Hitesh confirmed he is looking to rent out the unit for approximately 160-165k per year. Maya will arrange for a senior consultant to call Hitesh on a weekday before 5 PM to discuss rental strategies, despite the unit already being listed with other agents.",https://qgxgtavkovqklijfpnfl.supabase.co/storage/v1/object/public/owners_data_second/01a00f53-0bf1-7113-bdb8-6dda37e34d44-1786963637867-44d41883-a3dc-4b40-ba0c-f06ca338c218-stereo.wav,21449,01a00f53-0bf1-7113-bdb8-6dda37e34d44
Hot Seller / Landlord,GIANCARLO TROVATELLO,+971521199290,Golf Views Seven City,B5 09,Jumeirah Lake Towers (JLT),Apartment,-,2026-08-17 10:38:06.875+00,26,Awaiting availability – anyone who says yes to rent or sell according to the complete flow,"Owns studio in Golfview 7 City, discussed sale, not interested in renting",,https://qgxgtavkovqklijfpnfl.supabase.co/storage/v1/object/public/call_recordings_16july/01a00f4c-74b8-7000-8cbb-10e85d380369-1786963115861-cf804b9b-6d5b-40e2-b243-0396ef8dc754-stereo.wav,26534,01a00f4c-74b8-7000-8cbb-10e85d380369
Hot Seller / Landlord,PRAVINKUMAR RATANJIBHAI MASTER,+260974523194,Ciel Tower,7115 (Q 4),Dubai Marina,Hotel Apartments,-,2026-08-17 10:32:21.949+00,267,Awaiting availability – anyone who says yes to rent or sell according to the complete flow,"Wants to sell 25% studio stake, open to serious buyers, prefers minimal calls","Maya from AS Property called Praveen Kumar regarding his 25% ownership of a VIP studio in Seal Tower, Dubai Marina, which is a hotel-managed property. Praveen confirmed he is interested in selling for approximately 1.3 million AED (negotiable) and is only looking for serious buyers, as the unit is already listed with other agents. A senior consultant will call Praveen after 6 PM to discuss options, specifically if they have a genuine buyer.",https://qgxgtavkovqklijfpnfl.supabase.co/storage/v1/object/public/owners_data_third/01a00f47-5013-7000-8e1a-e81df5aa2936-1786963011173-a26403ab-fec4-4988-a856-554519409001-stereo.wav,36885,01a00f47-5013-7000-8e1a-e81df5aa2936
Hot Seller / Landlord,FAISAL IBRAHIM IBRAHIM,+971558818216,Aeternitas Tower,-,Dubai Marina,Apartments,-,2026-08-17 10:08:10.553+00,58,Awaiting availability – anyone who says yes to rent or sell according to the complete flow,"Wants to sell unit, confirmed intent to sell",Maya from AS Properties contacted Faisal regarding his unit at Etanitas Tower in Dubai Marina to inquire about selling or renting. Faisal confirmed his interest in selling the property. The call ended abruptly before Maya could gather further details about the unit.,https://qgxgtavkovqklijfpnfl.supabase.co/storage/v1/object/public/owners_data_third/01a00f30-f294-733a-bdb5-993d00ed09c3-1786961351457-ba1165b5-0999-42e4-a956-b8272921fd43-stereo.wav,37368,01a00f30-f294-733a-bdb5-993d00ed09c3
Hot Seller / Landlord,IQBAL ABDUL KARIM DADA,+971505251963,Azure,-,Dubai Marina,Apartments,-,2026-08-17 09:51:36.724+00,126,Awaiting availability – anyone who says yes to rent or sell according to the complete flow,"Wants to rent out 1BR, asked for 85k yearly, open to viewings",,https://qgxgtavkovqklijfpnfl.supabase.co/storage/v1/object/public/call_recordings_16july/01a00f22-06f3-7000-8d71-52e48aa2ae18-1786960425854-74e4db5e-55e9-49c8-8ec1-99cedbafe43d-stereo.wav,37813,01a00f22-06f3-7000-8d71-52e48aa2ae18
Hot Seller / Landlord,ARSHAAD FAROUK KASMANI,+971561885061,GOLDCREST VIEWS 2,1310,Jumeirah Lake Towers (JLT),Apartment,-,2026-08-17 09:44:55.725+00,93,Awaiting availability – anyone who says yes to rent or sell according to the complete flow,"Open to selling or renting, prefers area specialist, has current representation","Maya from AS Properties called Arshad to inquire if he was interested in selling or renting his studio unit at Goldcrest Views, JLT. Arshad confirmed he was open to both options but stated he already had representation for selling and preferred to work with specialists for the area. Maya acknowledged this, offering their services if his situation changed.",https://qgxgtavkovqklijfpnfl.supabase.co/storage/v1/object/public/owners_data_second/01a00f1b-efdd-7000-9652-de803bedcc78-1786959991230-7bd7be92-fe80-4a55-82a5-3b18452e824c-stereo.wav,27739,01a00f1b-efdd-7000-9652-de803bedcc78
Hot Seller / Landlord,PREM JETHANAND DASWANI,+447780607422,Ocean Heights,-,Dubai Marina,Apartments,-,2026-08-17 09:14:51.453+00,85,Awaiting availability – anyone who says yes to rent or sell according to the complete flow,"Has rental offer, will confirm after deposit, asked to call tomorrow","Maya from AS Properties called Prem regarding his unit at Ocean Heights to inquire about selling or renting. Prem stated he is renting it out and has received an offer, but cannot confirm anything until the deposit clears. They agreed that Maya would contact Prem tomorrow via call or WhatsApp for an update.",https://qgxgtavkovqklijfpnfl.supabase.co/storage/v1/object/public/owners_data_third/01a00f00-7be7-7000-9ec6-050fdaa62a66-1786958179161-ab3ded31-b941-409f-babf-7509f90ec82f-stereo.wav,37778,01a00f00-7be7-7000-9ec6-050fdaa62a66
Hot Seller / Landlord,SOFIANE FERDI,+971558685139,Viewz 1 By Danube,2806,Jumeirah Lake Towers (JLT),Apartment,-,2026-08-17 09:05:54.102+00,69,Awaiting availability – anyone who says yes to rent or sell according to the complete flow,"Asked about price for 1 bed, open to sell or rent","Maya from AS Properties called Sophia Ann about her 1-bedroom unit at Views 1 by Danube in JLT to inquire if she was interested in selling or renting. After Sophia Ann asked for a price, Maya provided a range of 150,000 to 420,000 dirhams for a 1-bedroom unit, which led to Sophia Ann ending the call.",https://qgxgtavkovqklijfpnfl.supabase.co/storage/v1/object/public/owners_data_second/01a00ef8-3a2d-733a-bcb4-b5d037c9c2d0-1786957625930-b7169cf6-6343-4c90-b4d6-e3b37a45dcf5-stereo.wav,21133,01a00ef8-3a2d-733a-bcb4-b5d037c9c2d0
Hot Seller / Landlord,ARCHANA PANDEY,+971588323066,SEEF 3,1804,Jumeirah Lake Towers (JLT),Apartment,-,2026-08-17 08:31:54.818+00,70,Awaiting availability – anyone who says yes to rent or sell according to the complete flow,"Open to sell or rent, asked to call back at 2 PM","Maya from AS Properties called Archana regarding her unit at Seaf 3 in Jumeirah Lake Towers to inquire about selling or renting. Archana, who is open to both options, was in a meeting and requested a call back. They scheduled for a senior consultant to contact her today at 2 PM.",https://qgxgtavkovqklijfpnfl.supabase.co/storage/v1/object/public/owners_data_second/01a00ed8-da7f-7000-9493-370881a036aa-1786955587384-62a0c8da-bd0a-414c-9abd-38c544ac4670-stereo.wav,27731,01a00ed8-da7f-7000-9493-370881a036aa
Hot Seller / Landlord,SANGEETHA MENON,+971505978585,Tamweel Tower,1303,Jumeirah Lake Towers (JLT),Apartment,-,2026-08-17 08:20:15.328+00,66,Awaiting availability – anyone who says yes to rent or sell according to the complete flow,"Asked about price, confirmed details for 2BR, reviewed price range",,https://qgxgtavkovqklijfpnfl.supabase.co/storage/v1/object/public/call_recordings_16july/01a00ece-7111-7000-9f7f-b547ea86fcb3-1786954883704-cfb51e45-e24c-4465-b3ef-cb9e2f9980ea-stereo.wav,24233,01a00ece-7111-7000-9f7f-b547ea86fcb3
Hot Seller / Landlord,AZAR MASIMOV,+971504594140,Silver Tower (Ag Tower),B1-01-03,Jumeirah Lake Towers (JLT),Apartment,-,2026-08-17 08:20:00.519+00,200,Awaiting availability – anyone who says yes to rent or sell according to the complete flow,"Wants to rent out multiple flats and office, open for consultant visit",,https://qgxgtavkovqklijfpnfl.supabase.co/storage/v1/object/public/call_recordings_16july/01a00ece-1e73-7000-89f0-cc719155866a-1786955003135-ebe44db0-04b5-468d-96d9-9db2a9ace4fe-stereo.wav,24231,01a00ece-1e73-7000-89f0-cc719155866a
Hot Seller / Landlord,ACHYUT ANAND BRAJ NANDAN PRASAD,+971586106635,MBL RESIDENCE,1412,Jumeirah Lake Towers (JLT),Apartment,-,2026-08-17 08:12:30.775+00,77,Awaiting availability – anyone who says yes to rent or sell according to the complete flow,"Renewed tenancy, available for rent June next year, not selling now",,https://qgxgtavkovqklijfpnfl.supabase.co/storage/v1/object/public/call_recordings_16july/01a00ec7-5fba-7000-89c2-536a3b196a69-1786954430536-da66d6de-66d9-46ea-a926-d77261dcc318-stereo.wav,24207,01a00ec7-5fba-7000-89c2-536a3b196a69
Hot Seller / Landlord,PER STEFAN LIND,+46704795489,Marina Cove,-,Dubai Marina,Apartments,-,2026-08-17 08:00:14.46+00,189,Awaiting availability – anyone who says yes to rent or sell according to the complete flow,"Owner open to selling if good offer, wants follow-up in 2-3 months",,https://qgxgtavkovqklijfpnfl.supabase.co/storage/v1/object/public/call_recordings_16july/01a00ebc-0a5b-7000-9937-b50670bae6b3-1786953805922-ce6051e8-f1d2-4fbb-a54f-56726d1d15a8-stereo.wav,37997,01a00ebc-0a5b-7000-9937-b50670bae6b3
Hot Seller / Landlord,NIKOLA DEKANOVIC,+385913425563,5242 Towers,-,Dubai Marina,Apartments,-,2026-08-17 07:45:54.056+00,24,Awaiting availability – anyone who says yes to rent or sell according to the complete flow,"Confirmed interest to sell, declined renting out",,https://qgxgtavkovqklijfpnfl.supabase.co/storage/v1/object/public/call_recordings_16july/01a00eaf-0ab0-7000-8206-184539b8e093-1786952780896-623d9993-fe6d-4eae-8ebb-7f815b033584-stereo.wav,36652,01a00eaf-0ab0-7000-8206-184539b8e093
Hot Seller / Landlord,AJAY JAIN SUBHASH CHAND JAIN,+971569079794,SABA 3,1204,Jumeirah Lake Towers (JLT),Apartment,-,2026-08-17 06:31:17.255+00,120,Awaiting availability – anyone who says yes to rent or sell according to the complete flow,"Wants to rent out 1BR, expects 90K, already listed, requested email follow-up","Maya from AS Properties called AJ regarding their 1-bedroom, 2-bathroom unit at Sabah 3, Jumeirah Lake Towers, which AJ wishes to rent out for approximately 90,000. Although the unit is already listed with another agent, AS Properties offered to find interested renters. A consultant will follow up with AJ via email and text to provide further details.",https://qgxgtavkovqklijfpnfl.supabase.co/storage/v1/object/public/owners_data_second/01a00e6a-b08e-7000-9bc0-e20b0b25d175-1786948399825-4d3f1262-e632-4681-b274-ae6ee9c2a607-stereo.wav,27750,01a00e6a-b08e-7000-9bc0-e20b0b25d175
Hot Seller / Landlord,IVICA BUBLE,+385912594099,Vanguard by Frank Muller,-,Dubai Marina,Apartments,-,2026-08-17 06:27:07.758+00,83,Awaiting availability – anyone who says yes to rent or sell according to the complete flow,"Wants price opinion, open to offer, asked for WhatsApp details",,https://qgxgtavkovqklijfpnfl.supabase.co/storage/v1/object/public/call_recordings_16july/01a00e66-8397-7000-80a8-248cb9454d83-1786948113313-e605400f-5a0c-47da-93d5-03249148ca72-stereo.wav,37762,01a00e66-8397-7000-80a8-248cb9454d83
Hot Seller / Landlord,MENHAL DAHBOUR,+972509912666,Ciel Tower,6703 (H 2),Dubai Marina,Hotel Apartments,-,2026-08-17 06:08:21.383+00,59,Awaiting availability – anyone who says yes to rent or sell according to the complete flow,Confirmed open to selling or renting unit,"Maya from AS Properties called Manhal regarding his unit at Seal Tower in Dubai Marina, inquiring if he was open to selling or renting the property. Manhal confirmed his identity and expressed openness to both options. However, the call ended abruptly before he could specify his preference.",https://qgxgtavkovqklijfpnfl.supabase.co/storage/v1/object/public/owners_data_third/01a00e55-6906-7000-8883-f60ae58ebd07-1786946962813-8ea4c3a6-ea8e-45d7-8a5e-534fc020b83f-stereo.wav,37039,01a00e55-6906-7000-8883-f60ae58ebd07
Hot Seller / Landlord,RAMESH SUNDER SHETTY,+971505448701,SABA 1,S09,Jumeirah Lake Towers (JLT),Apartment,-,2026-08-17 05:53:08.526+00,64,Awaiting availability – anyone who says yes to rent or sell according to the complete flow,"Property sold, asked agent to WhatsApp for details on current property",Maya from AS Properties called Ramesh to inquire if he was interested in selling or renting his property at Sabah 1 in Jumeirah Lake Towers. Ramesh informed her that he had already sold that unit and offered to send details of another property via WhatsApp. Maya then offered to help him find a new investment opportunity.,https://qgxgtavkovqklijfpnfl.supabase.co/storage/v1/object/public/owners_data_third/01a00e47-c22d-7000-96f1-3e28a8f7b4d8-1786946055012-7976afd0-b2e9-44ed-9383-33b7079bccc4-stereo.wav,24607,01a00e47-c22d-7000-96f1-3e28a8f7b4d8
Hot Seller / Landlord,CHINTAN JIGNESH SHAH,+971508121378,GOLDCREST VIEWS 2,3405,Jumeirah Lake Towers (JLT),Apartment,-,2026-08-17 05:52:35.196+00,181,Awaiting availability – anyone who says yes to rent or sell according to the complete flow,"Open to selling or renting, requested property viewing",,https://qgxgtavkovqklijfpnfl.supabase.co/storage/v1/object/public/call_recordings_16july/01a00e47-4660-7000-8472-ac32bfd635e8-1786946138456-fd9e7459-6c32-42fa-8b3b-a9aaebe125a8-stereo.wav,24604,01a00e47-4660-7000-8472-ac32bfd635e8
Buyer Lead,PULKIT MEHRA NEERAJ MEHRA,+971506369089,Mag 218 Tower,503,Dubai Marina,Apartments,-,2026-08-17 05:08:03.486+00,200,Create buyers lead – Anyone who wants to buy put in this,"Wants to buy 1BR in MAG 218, shared budget and timeline",,https://qgxgtavkovqklijfpnfl.supabase.co/storage/v1/object/public/call_recordings_16july/01a00e1e-8321-7000-9c29-a663ec544d6b-1786943486171-0eefe7c7-4f4e-4ab9-9463-0e3306e41aab-stereo.wav,36596,01a00e1e-8321-7000-9c29-a663ec544d6b
Hot Seller / Landlord,RASHID HEYDAROV,+994502228313,Vanguard by Frank Muller,-,Dubai Marina,Apartments,-,2026-08-15 13:46:41.755+00,67,Awaiting availability – anyone who says yes to rent or sell according to the complete flow,"Said not selling now, unit under construction, ready 27","Maya from Ace Properties called Rashid to inquire if he was interested in selling or renting his unit at Vanguard by Frank Muller in Dubai Marina. Rashid informed her that the property is still under construction and will not be completed until 2027, indicating he is not open to selling or renting at this time.",https://qgxgtavkovqklijfpnfl.supabase.co/storage/v1/object/public/owners_data_third/01a005ac-92b1-722d-ac02-545210610a44-1786801671168-8f4b36f1-b0e6-45b1-90bf-ff228ebe9932-stereo.wav,37921,01a005ac-92b1-722d-ac02-545210610a44
Hot Seller / Landlord,OSWALD GOLJA,+971564111549,Botanica Tower,2011,Dubai Marina,Apartments,-,2026-08-15 13:27:28.403+00,126,Awaiting availability – anyone who says yes to rent or sell according to the complete flow,"Wants to sell if price met, quoted 2.5M, agreed call next week",,https://qgxgtavkovqklijfpnfl.supabase.co/storage/v1/object/public/call_recordings_16july/01a0059a-ecbb-733a-9f96-3246224b406e-1786800576553-247b481c-6714-4a32-8cdf-dc83d83747b8-stereo.wav,36816,01a0059a-ecbb-733a-9f96-3246224b406e
Hot Seller / Landlord,SOHAIL HANIF MOHAMMAD,+33629206489,Kempinski Marina Residences,3306,Dubai Marina,Apartments,-,2026-08-15 13:20:12.815+00,65,Awaiting availability – anyone who says yes to rent or sell according to the complete flow,"Wants to sell, requested valuation on WhatsApp",,https://qgxgtavkovqklijfpnfl.supabase.co/storage/v1/object/public/call_recordings_16july/01a00594-6383-733a-9f4f-9b79e8c4bfbb-1786800080900-7484fd90-323b-477a-9451-03fd17eea923-stereo.wav,36795,01a00594-6383-733a-9f4f-9b79e8c4bfbb
Hot Seller / Landlord,ARNOLD PAL SZABO,+36309434343,Aeternitas Tower,-,Dubai Marina,Apartments,-,2026-08-15 12:47:45.777+00,302,Awaiting availability – anyone who says yes to rent or sell according to the complete flow,"Wants to sell both flats, discussed bedroom count and pricing expectations","Maya from AS Properties called Arnold regarding his units in Dubai Marina, inquiring if he was interested in selling or renting. Arnold, despite some language difficulties, confirmed he wished to sell both his 2-bedroom and 4-bedroom flats. The call ended abruptly when Arnold disagreed with the AI's suggested price range for the 2-bedroom unit, finding it too low.",https://qgxgtavkovqklijfpnfl.supabase.co/storage/v1/object/public/owners_data_third/01a00576-8e90-7113-9d7b-215929f1288c-1786798370697-f305b999-8ae8-46f0-ad52-fdd101497076-stereo.wav,37713,01a00576-8e90-7113-9d7b-215929f1288c
Hot Seller / Landlord,ANTHONY JOSEPH DI SAVINO,+971528632346,Silverene,-,Dubai Marina,Apartments,-,2026-08-15 12:06:22.24+00,66,Awaiting availability – anyone who says yes to rent or sell according to the complete flow,"Wants to sell, specified 8M cash price for unit",,https://qgxgtavkovqklijfpnfl.supabase.co/storage/v1/object/public/call_recordings_16july/01a00550-b17d-7550-b1e4-0525b297cde8-1786795650598-c4451172-be5a-4ceb-92e1-ede57d44c323-stereo.wav,37448,01a00550-b17d-7550-b1e4-0525b297cde8
Hot Seller / Landlord,BENOIT JACQUES VLADIMIR MARIE RIEGEL,+971585803179,Marina Cove,-,Dubai Marina,Apartments,-,2026-08-15 11:39:31.083+00,0,Awaiting availability – anyone who says yes to rent or sell according to the complete flow,"Wants to sell 3BR at Marina Cove, paid 5M, still off-plan, expects callback",,https://qgxgtavkovqklijfpnfl.supabase.co/storage/v1/object/public/owners_data_second/01a07bd6-4d32-7001-8001-299ee175dcf8-1788784184003-5b60467d-4022-4eea-83d7-35651e4b1e16-stereo.wav,37907,01a01005-2a2c-766f-98b9-4297fdcf66ef
Hot Seller / Landlord,ANZHELIKA KAIRATOVA,+996222121212,Kempinski Marina Residences,1102,Dubai Marina,Apartments,-,2026-08-15 11:39:31.083+00,0,Awaiting availability – anyone who says yes to rent or sell according to the complete flow,"Wants to sell at Kempinski Marina, requests Russian speaking agent, prefers messages",,https://qgxgtavkovqklijfpnfl.supabase.co/storage/v1/object/public/owners_data_second/01a07bd6-35b6-7778-bc07-bfb8debf04d7-1788784129052-2cc6de27-9631-4721-85ed-d6b0084f3eba-stereo.wav,37871,01a00ff9-4a77-7000-92a3-380cef402c9e
Hot Seller / Landlord,HUSSEIN BIN ALI BIN MUBARAK,+971581328933,Manchester Tower,-,Dubai Marina,Apartments,-,2026-08-15 11:37:58.171+00,0,Awaiting availability – anyone who says yes to rent or sell according to the complete flow,"Has commercial office in Business Bay, wants to rent at 140k AED",,https://qgxgtavkovqklijfpnfl.supabase.co/storage/v1/object/public/owners_data_second/01a04bfe-2ddb-7ee1-ad72-960e11093ff0-1787981493329-4570caa6-7f93-4608-9a9f-0a7d2fe1c211-stereo.wav,37568,01a00ea1-c5a7-733a-ba3b-72474e89033b
Hot Seller / Landlord,MOHAMED ABDELRAHMAN MOHAMED SALEM,+97455501087,Marina Pinnacle,-,Dubai Marina,Apartments,-,2026-08-15 11:37:45.226+00,0,Awaiting availability – anyone who says yes to rent or sell according to the complete flow,"Wants to rent out 7 units, asked about tower situation",,https://qgxgtavkovqklijfpnfl.supabase.co/storage/v1/object/public/owners_data_second/01a06640-b17e-7004-b012-69c4f3008012-1788422094362-b13359c7-88c9-4d69-ac22-8f6b58d73d76-stereo.wav,37472,01a04c33-8e90-7115-a30f-33c8b19faa9e
Hot Seller / Landlord,MOHAMED ABDELRAHMAN MOHAMED SALEM,+97455501087,Marina Pinnacle,-,Dubai Marina,Apartments,-,2026-08-15 11:37:45.226+00,0,Awaiting availability – anyone who says yes to rent or sell according to the complete flow,"Wants to rent out 7 units, asked about tower situation",,https://qgxgtavkovqklijfpnfl.supabase.co/storage/v1/object/public/owners_data_second/01a06640-b17e-7004-b012-69c4f3008012-1788422094362-b13359c7-88c9-4d69-ac22-8f6b58d73d76-stereo.wav,37472,01a00e39-7c98-7000-96c0-49b3c8613edb
Hot Seller / Landlord,EDOUARD BOULOS CHOUFANI,+971506230228,Sparkle Towers,-,Dubai Marina,Apartments,-,2026-08-15 11:36:38.155+00,0,Awaiting availability – anyone who says yes to rent or sell according to the complete flow,"Wants to rent out, requested WhatsApp follow-up while driving",,https://qgxgtavkovqklijfpnfl.supabase.co/storage/v1/object/public/owners_data_second/01a01982-9227-700f-bcc6-f4f174c6f723-1787134460150-8a0b728c-050c-4929-955b-d17cf093922e-stereo.wav,37239,01a00581-9d2a-7119-a97f-c44f1653e23f
Hot Seller / Landlord,YAHYA ALI YAHYA ALMIDWAHI,+971504445782,Marina Gate,-,Dubai Marina,Apartments,-,2026-08-15 11:36:38.155+00,0,Awaiting availability – anyone who says yes to rent or sell according to the complete flow,"Open to selling if price is good, requested call after 1 week",,https://qgxgtavkovqklijfpnfl.supabase.co/storage/v1/object/public/owners_data_second/01a01968-95e0-711c-a635-660bf1fdf143-1787132794051-f8cceacf-dad6-4479-9a3b-a129d24cbf36-stereo.wav,37221,01a0057b-97b8-7000-8031-04cc146894ef
Hot Seller / Landlord,LOTFI BELKHIR,+97433889026,Ciel Tower,5215 (Q 2),Dubai Marina,Hotel Apartments,-,2026-08-15 11:36:12.113+00,0,Awaiting availability – anyone who says yes to rent or sell according to the complete flow,"Open to sell or rent after unit completed, requested callback",,https://qgxgtavkovqklijfpnfl.supabase.co/storage/v1/object/public/owners_data_second/01a06250-7bc9-7446-9b4e-c362617326f8-1788356010460-8815f487-0ea6-45ec-837a-3b2d8830eef3-stereo.wav,37124,01a00f6d-2677-7000-a1d3-54b71efd889d
Hot Seller / Landlord,AAINA SETHI,+447805152421,Aeternitas Tower,-,Dubai Marina,Apartments,-,2026-08-15 11:36:12.113+00,0,Awaiting availability – anyone who says yes to rent or sell according to the complete flow,"Wants to sell or rent, asked about rental income and gave sale price",,https://qgxgtavkovqklijfpnfl.supabase.co/storage/v1/object/public/owners_data_second/01a0624c-cf26-7000-8d0d-17c4062ab860-1788355804960-9ae3ae96-2e86-4577-8ce4-d87b6aa51d15-stereo.wav,37166,01a00f7a-2162-7113-be84-4c14afa3b343
Hot Seller / Landlord,AMJAD KAISS,+972507970022,Ciel Tower,2021 (Q 4),Dubai Marina,Hotel Apartments,-,2026-08-15 11:35:58.931+00,0,Awaiting availability – anyone who says yes to rent or sell according to the complete flow,"Wants to sell 0.25 hotel unit, shared price, agreed for consultant call",,https://qgxgtavkovqklijfpnfl.supabase.co/storage/v1/object/public/owners_data_second/01a05742-2e43-7000-8652-5daf68bb811c-1788170483082-b7d31f03-0f1f-4a96-a31f-9829ba2c6dbc-stereo.wav,37092,01a00ef3-23f6-7000-83ff-f37721bb078d
Hot Seller / Landlord,ZIAD ISSAM TOUT,+966507736621,Kempinski Marina Residences,3307,Dubai Marina,Apartments,-,2026-08-15 11:35:46.173+00,0,Awaiting availability – anyone who says yes to rent or sell according to the complete flow,Owner intends to decide sell or rent closer to 2028 completion,,https://qgxgtavkovqklijfpnfl.supabase.co/storage/v1/object/public/owners_data_second/01a05785-502b-7000-9af4-13865174161e-1788174880800-9a24dc45-9a77-4dff-b00d-a30f9260faf1-stereo.wav,37054,01a00e4f-00b3-7000-9ca5-c7de9d8c42fe
Hot Seller / Landlord,CHARBEL TANNOUS,+966570359959,Kempinski Marina Residences,2903,Dubai Marina,Apartments,-,2026-08-15 11:35:46.173+00,0,Awaiting availability – anyone who says yes to rent or sell according to the complete flow,"Wants to sell, shared asking price and bedroom count, requested callback",,https://qgxgtavkovqklijfpnfl.supabase.co/storage/v1/object/public/owners_data_second/01a06097-a014-7441-9123-a6664c97541e-1788327080574-bd11f2ed-70b5-4810-bcee-e44b25a047ae-stereo.wav,37051,01a00e5a-aabf-7113-b7f2-232b6f5bb0ce
Hot Seller / Landlord,BERNARD KOPPES,+971561161690,23 Marina,4701,Dubai Marina,Apartments,-,2026-08-15 11:35:19.85+00,0,Awaiting availability – anyone who says yes to rent or sell according to the complete flow,"Wants to sell if buyer available, requested to call when buyer exists",,https://qgxgtavkovqklijfpnfl.supabase.co/storage/v1/object/public/owners_data_second/01a0673c-7aee-7115-b5b3-bdbb6369ad08-1788438472357-acfc8739-5913-4fe1-a665-f36827054584-stereo.wav,36922,01a00fd4-977a-7443-9b71-6eb56c64c552
Hot Seller / Landlord,MAAN ABDULLAH M ALOULIT,+966591237171,Ciel Tower,2602 (Q 1),Dubai Marina,Hotel Apartments,-,2026-08-15 11:35:06.557+00,0,Awaiting availability – anyone who says yes to rent or sell according to the complete flow,"Wants to sell 1BR at Seal Tower, asking around 1M AED, callback set tomorrow 2PM",,https://qgxgtavkovqklijfpnfl.supabase.co/storage/v1/object/public/owners_data_second/01a080db-9520-788e-a413-7d2d400c05d4-1788868512171-da132fdc-df7c-4d82-9cce-51228ea4d159-stereo.wav,36887,01a05d0c-cc6e-7554-af83-a92a968347cb
Hot Seller / Landlord,MAAN ABDULLAH M ALOULIT,+966591237171,Ciel Tower,2602 (Q 1),Dubai Marina,Hotel Apartments,-,2026-08-15 11:35:06.557+00,0,Awaiting availability – anyone who says yes to rent or sell according to the complete flow,"Wants to sell 1BR at Seal Tower, asking around 1M AED, callback set tomorrow 2PM",,https://qgxgtavkovqklijfpnfl.supabase.co/storage/v1/object/public/owners_data_second/01a080db-9520-788e-a413-7d2d400c05d4-1788868512171-da132fdc-df7c-4d82-9cce-51228ea4d159-stereo.wav,36887,01a00f47-a2cc-7000-972a-89302ff3fa93
Hot Seller / Landlord,GHASSAN TAGHLIB HILAL AL BARWANI,+971507986966,Marina Diamonds,-,Dubai Marina,Apartments,-,2026-08-15 11:34:25.326+00,0,Awaiting availability – anyone who says yes to rent or sell according to the complete flow,"positive - Wants to rent out 2BR in Marina Diamonds, expects 100k yearly",,https://qgxgtavkovqklijfpnfl.supabase.co/storage/v1/object/public/owners_data_second/01a09558-5c6e-7aa0-a589-fe7bb2c4b188-1789212103192-436d0369-ec20-4d7b-a487-90a085298857-stereo.wav,36746,01a07bbc-01d8-7000-a76a-c8a677eefe49
Hot Seller / Landlord,GHASSAN TAGHLIB HILAL AL BARWANI,+971507986966,Marina Diamonds,-,Dubai Marina,Apartments,-,2026-08-15 11:34:25.326+00,0,Awaiting availability – anyone who says yes to rent or sell according to the complete flow,"positive - Wants to rent out 2BR in Marina Diamonds, expects 100k yearly",,https://qgxgtavkovqklijfpnfl.supabase.co/storage/v1/object/public/owners_data_second/01a09558-5c6e-7aa0-a589-fe7bb2c4b188-1789212103192-436d0369-ec20-4d7b-a487-90a085298857-stereo.wav,36746,01a00ff2-b28e-7aa4-88b6-9405d65bd59b
Hot Seller / Landlord,HERMANN BOUNOU MOMO,+237699099991,Ciel Tower,7115 (Q 2),Dubai Marina,Hotel Apartments,-,2026-08-15 11:33:59.045+00,0,Awaiting availability – anyone who says yes to rent or sell according to the complete flow,"Wants to sell, discussed price, prefers WhatsApp for details",,https://qgxgtavkovqklijfpnfl.supabase.co/storage/v1/object/public/owners_data_second/01a06729-6c36-7665-93aa-7467db72aaec-1788437378654-23aff612-2548-47b8-af23-517c9f7ad2df-stereo.wav,36631,01a04cdb-8f71-7000-8313-ecdd7e4a5752
Hot Seller / Landlord,HERMANN BOUNOU MOMO,+237699099991,Ciel Tower,7115 (Q 2),Dubai Marina,Hotel Apartments,-,2026-08-15 11:33:59.045+00,0,Awaiting availability – anyone who says yes to rent or sell according to the complete flow,"Wants to sell, discussed price, prefers WhatsApp for details",,https://qgxgtavkovqklijfpnfl.supabase.co/storage/v1/object/public/owners_data_second/01a06729-6c36-7665-93aa-7467db72aaec-1788437378654-23aff612-2548-47b8-af23-517c9f7ad2df-stereo.wav,36631,01a00ea8-5230-7000-9c1d-71c1b354b57b
Hot Seller / Landlord,ABDOLRAHIM SHEIKH MOHAMMAD SAEID FAGHIHI,+971506445228,Marina View Tower,202,Dubai Marina,Apartments,-,2026-08-15 11:33:16.663+00,0,Awaiting availability – anyone who says yes to rent or sell according to the complete flow,"Has multiple Dubai properties for sale and rent, referred to contact Bernie",,https://qgxgtavkovqklijfpnfl.supabase.co/storage/v1/object/public/owners_data_third/01a00e61-b7be-7000-8d43-3013d4782651-1786947734097-8dc23df8-f005-4b25-8c24-e6f2d40bde5f-stereo.wav,36461,01a0b92f-5fe8-7ff5-b5fb-3178baa58df1
Hot Seller / Landlord,MAI EL BARACHI,+971561211784,ARMADA 3,811,Jumeirah Lake Towers (JLT),Apartment,-,2026-08-15 11:32:32.626+00,0,Awaiting availability – anyone who says yes to rent or sell according to the complete flow,"Wants to rent out fully furnished unit, asked about valuation",,https://qgxgtavkovqklijfpnfl.supabase.co/storage/v1/object/public/owners_data_second/01a01d9e-7bcf-7ff8-9b1d-bf4ae10c6e43-1787203485560-7c713c33-44dc-441b-80ce-e1a8f1ffb87d-stereo.wav,24558,01a01358-3be1-744d-92c2-5ba52fb0e9ca
Hot Seller / Landlord,MAI EL BARACHI,+971561211784,ARMADA 3,811,Jumeirah Lake Towers (JLT),Apartment,-,2026-08-15 11:32:32.626+00,0,Awaiting availability – anyone who says yes to rent or sell according to the complete flow,"Wants to rent out fully furnished unit, asked about valuation",,https://qgxgtavkovqklijfpnfl.supabase.co/storage/v1/object/public/owners_data_second/01a01d9e-7bcf-7ff8-9b1d-bf4ae10c6e43-1787203485560-7c713c33-44dc-441b-80ce-e1a8f1ffb87d-stereo.wav,24558,01a00558-7a3a-7aa8-b4de-deff06879667
Hot Seller / Landlord,SALAH HUSSAIN HASSAN TAHLAK,+971506253434,MAG 214,1002,Jumeirah Lake Towers (JLT),Apartment,-,2026-08-15 11:31:26.61+00,0,Awaiting availability – anyone who says yes to rent or sell according to the complete flow,"Requested property details on WhatsApp, too busy to talk now",,https://qgxgtavkovqklijfpnfl.supabase.co/storage/v1/object/public/owners_data_second/01a07fa6-55e4-7001-94e5-b31ae030e6c7-1788848071495-9167f439-c857-4bef-bac6-945e8e3c5a56-stereo.wav,24301,01a013c9-64f8-700c-bbfb-3d9283cfc08c
Hot Seller / Landlord,UMA SOLAI BALAKRISHNAN,+971501524927,Sobha Verde,1105,Jumeirah Lake Towers (JLT),Apartment,-,2026-08-15 11:31:12.733+00,0,Awaiting availability – anyone who says yes to rent or sell according to the complete flow,"negative - Willing to discuss selling or renting after handover, unit not yet ready",,https://qgxgtavkovqklijfpnfl.supabase.co/storage/v1/object/public/owners_data_second/01a09438-cb75-7bbc-bd51-c91165f5fbfa-1789193280832-303c8ddf-bd44-4d40-80e1-b3038fdcfa87-stereo.wav,24261,01a06c7f-e320-7cc0-bc37-a87ec7dd507a
Hot Seller / Landlord,UMA SOLAI BALAKRISHNAN,+971501524927,Sobha Verde,1105,Jumeirah Lake Towers (JLT),Apartment,-,2026-08-15 11:31:12.733+00,0,Awaiting availability – anyone who says yes to rent or sell according to the complete flow,"negative - Willing to discuss selling or renting after handover, unit not yet ready",,https://qgxgtavkovqklijfpnfl.supabase.co/storage/v1/object/public/owners_data_second/01a09438-cb75-7bbc-bd51-c91165f5fbfa-1789193280832-303c8ddf-bd44-4d40-80e1-b3038fdcfa87-stereo.wav,24261,01a00fe2-6358-7000-97ed-7b014efed5e6
Hot Seller / Landlord,GEORGI VALERIVICH MAKARENKO,+971569924774,New Dubai Gate 1,1519,Jumeirah Lake Towers (JLT),Apartment,-,2026-08-15 11:30:59.278+00,0,Awaiting availability – anyone who says yes to rent or sell according to the complete flow,"Owns 2 rented units, open to sell later, requests WhatsApp for options",,https://qgxgtavkovqklijfpnfl.supabase.co/storage/v1/object/public/call_recordings_16july/01a00ece-9a8b-7000-9dfb-a46a983f29e3-1786954902268-40e30dc2-c9a4-4b5c-87c6-02f935f59671-stereo.wav,24234,
Hot Seller / Landlord,HANI MHD HAITHAM HMIDAN ALSAMSAM,+971555544663,South Tower,S-1606,Jumeirah Lake Towers (JLT),Apartment,-,2026-08-15 11:30:59.278+00,0,Awaiting availability – anyone who says yes to rent or sell according to the complete flow,"Wants to sell JLT Ellington unit, requested market price on WhatsApp",,https://qgxgtavkovqklijfpnfl.supabase.co/storage/v1/object/public/owners_data_second/01a04da6-6fc6-7664-ba12-029ee085c803-1788009291417-e4d23769-3d2e-45d1-921c-9fa027702a00-stereo.wav,24243,01a00ed0-0f55-7000-9d46-63482f75cf21
Hot Seller / Landlord,MOHANADASAN KUTTATH VELU KUTTATH,+971562594296,South Tower,S-2301,Jumeirah Lake Towers (JLT),Apartment,-,2026-08-15 11:30:59.278+00,0,Awaiting availability – anyone who says yes to rent or sell according to the complete flow,"Holds JLT unit, may sell or rent after construction",,https://qgxgtavkovqklijfpnfl.supabase.co/storage/v1/object/public/owners_data_second/01a01da6-eef3-7aab-b585-c0060aaddd1a-1787204028578-0cf3a013-a4f2-481b-8bad-dd5cab976708-stereo.wav,24238,01a00ecf-40e5-7443-9409-95644ff3706a
Hot Seller / Landlord,NURGUL AYTAR,+971565776561,Seven City JLT,C23 18,Jumeirah Lake Towers (JLT),Apartment,-,2026-08-15 11:30:29.989+00,0,Awaiting availability – anyone who says yes to rent or sell according to the complete flow,"Owner will rent after handover, unsure timeline or price",,https://qgxgtavkovqklijfpnfl.supabase.co/storage/v1/object/public/owners_data_second/01a06182-4869-7889-92f0-260ed71b494c-1788342403240-b7ac4a3a-720b-495f-8b7c-d45ea9747fe4-stereo.wav,24089,01a00f62-7766-7443-97aa-5e91f4c18b9a
Buyer Lead,MUSTAFA MUSAB GUL,+971566336075,WIND ONE,1022,Jumeirah Lake Towers (JLT),Apartment,-,2026-08-15 11:30:14.191+00,0,Create buyers lead – Anyone who wants to buy put in this,"No clear response, user did not engage on property",,https://qgxgtavkovqklijfpnfl.supabase.co/storage/v1/object/public/owners_data_second/01a08662-fabf-7000-8380-5a412c684cd6-1788961059640-f58c6b81-50fe-4863-bb51-cd3392e73c91-stereo.wav,23702,01a00f60-522f-7000-9346-e79e3c313f2e
Buyer Lead,MUSTAFA MUSAB GUL,+971566336075,WIND ONE,1022,Jumeirah Lake Towers (JLT),Apartment,-,2026-08-15 11:30:14.191+00,0,Create buyers lead – Anyone who wants to buy put in this,"No clear response, user did not engage on property",,https://qgxgtavkovqklijfpnfl.supabase.co/storage/v1/object/public/owners_data_second/01a08662-fabf-7000-8380-5a412c684cd6-1788961059640-f58c6b81-50fe-4863-bb51-cd3392e73c91-stereo.wav,23702,01a060cc-ec13-744c-9878-2657694f35c0
Hot Seller / Landlord,ILYA ROMANOV,+971561684007,HDS BUSINESS CENTRE,906,Jumeirah Lake Towers (JLT),Apartment,-,2026-08-15 11:30:14.191+00,0,Awaiting availability – anyone who says yes to rent or sell according to the complete flow,"Wants to rent out office, asked to contact agent via WhatsApp",,https://qgxgtavkovqklijfpnfl.supabase.co/storage/v1/object/public/owners_data_second/01a05778-c447-7000-836f-932d16489f5e-1788174003137-63b13723-0fe8-4093-b706-71067bc06f5c-stereo.wav,23674,01a00ef9-5d51-7000-8423-beddbeb32fcf
Hot Seller / Landlord,NIKHIL VARSHNEY SUNIL KUMAR VARSHNEY,+971588987419,SABA 2,2507,Jumeirah Lake Towers (JLT),Apartment,-,2026-08-15 06:27:15.184+00,124,Awaiting availability – anyone who says yes to rent or sell according to the complete flow,"Wants to sell in future, not ready for at least 1 year","Maya from AS Properties called Nikhil regarding his unit in Jumeirah Lake Towers to inquire about selling or renting. Nikhil stated he is open to selling but believes the market is currently down and he lives in the unit, making renting not an option. They agreed that AS Properties would follow up in about a year when market conditions might be more favorable for selling.",https://qgxgtavkovqklijfpnfl.supabase.co/storage/v1/object/public/owners_data_second/01a0041a-4233-722d-a75b-7467c7688673-1786775361326-11f5607d-af91-4f04-adc3-749cd8a48215-stereo.wav,20056,01a0041a-4233-722d-a75b-7467c7688673
Hot Seller / Landlord,MONIKA SACHDEVA,+971557434623,Azizi Star Hotel Apartments,220,Al Furjan,Hotel Apartment,-,2026-08-15 06:19:26.314+00,49,Awaiting availability – anyone who says yes to rent or sell according to the complete flow,"Open to selling if price is good, mentioned 1 or 2 bedrooms",Maya from AS Properties called Monica to inquire about selling or renting her unit at Azizi Star Hotel Apartments. Monica expressed openness to selling if the price was good. The call ended abruptly while Maya was trying to clarify the number of bedrooms in Monica's unit.,https://qgxgtavkovqklijfpnfl.supabase.co/storage/v1/object/public/owners_data_second/01a00412-ff1a-7113-997b-3cdc824ada0a-1786774817852-690725f1-6b78-40b7-ab7e-55652eb5d8db-stereo.wav,16133,01a00412-ff1a-7113-997b-3cdc824ada0a
Hot Seller / Landlord,RAVI MISHRA GANESH CHANDRA MISHRA,+971522952527,MADINA TOWER,1307,Jumeirah Lake Towers (JLT),Apartment,-,2026-08-14 12:45:16.733+00,94,Awaiting availability – anyone who says yes to rent or sell according to the complete flow,"Wants to sell, out of UAE, requested callback after return",Maya from AS Properties called Ravi regarding his unit at Madinah Tower in JLT to discuss selling or renting. Ravi confirmed he has already listed the property with a few brokers and is currently out of the UAE. They scheduled a follow-up call for August 27th at 3 PM when Ravi returns to the UAE on the 26th.,https://qgxgtavkovqklijfpnfl.supabase.co/storage/v1/object/public/owners_data_second/01a0004d-7ece-7ff3-a3d7-75f865781193-1786711613376-80d6ac25-7483-4fdc-b92f-ffaf1d98823f-stereo.wav,22414,01a0004d-7ece-7ff3-a3d7-75f865781193
Hot Seller / Landlord,DISHA JAWAHAR MEHTA,+971559576371,GREEN LAKES S1,1008,Jumeirah Lake Towers (JLT),Apartment,-,2026-08-14 09:45:13.014+00,113,Awaiting availability – anyone who says yes to rent or sell according to the complete flow,"Wants to rent out unit, shared price and tenant terms","Maya from AS Properties called Disha regarding her 1-bedroom, unfurnished unit at Green Lakes S1 in JLT, which Disha intends to rent out starting mid-September for AED 105,000 annually with a AED 5,000 deposit. Disha confirmed the unit is already listed with other agents, but AS Properties will help widen its reach. A senior consultant from AS Properties will call Disha this evening to finalize the listing details.",https://qgxgtavkovqklijfpnfl.supabase.co/storage/v1/object/public/owners_data_second/019fffa9-1ef4-766c-a5df-77182e75647f-1786700828798-cfdc6dd4-5dd9-451e-811a-666939846557-stereo.wav,27625,019fffa9-1ef4-766c-a5df-77182e75647f
Hot Seller / Landlord,DIETER SCHWARZ,+971526778072,Al Furjan,null,Al Furjan,Building,-,2026-08-14 09:37:59.731+00,26,Awaiting availability – anyone who says yes to rent or sell according to the complete flow,Confirmed willing to sell or rent unit,"Maya from AS Properties called Dieter to inquire about his unit at Alphurjan, asking if he was open to selling or renting it. Dieter confirmed his identity and then responded ""Yeah"" to the inquiry before the call ended.",https://qgxgtavkovqklijfpnfl.supabase.co/storage/v1/object/public/owners_data_second/019fffa2-8270-7ff3-a06a-a79e7b96bd09-1786700308597-2e208531-7dee-49f1-9bd1-2f2ae5b581d7-stereo.wav,16747,019fffa2-8270-7ff3-a06a-a79e7b96bd09
Hot Seller / Landlord,EJAZ ALAM,+971521056597,GLAMZ RESIDENCE,1211,Al Furjan,Unit,-,2026-08-14 09:05:30.992+00,158,Awaiting availability – anyone who says yes to rent or sell according to the complete flow,"Wants to rent out unit, shared price, prefers exclusivity","Maya from AS Properties called Ijaz regarding his 1-bedroom unit at Lands Residence, which he wishes to rent out for approximately 75,000 AED annually, starting September 1st. Ijaz expressed a preference for exclusive representation to expedite the rental process. AS Properties will have a senior consultant contact Ijaz via WhatsApp to finalize the listing details and arrange a call at his convenience.",https://qgxgtavkovqklijfpnfl.supabase.co/storage/v1/object/public/owners_data_second/019fff84-ce06-7883-8552-a207f6a9b89a-1786698491898-69e3e3ea-7e20-40ff-928b-22f832c99757-stereo.wav,16608,019fff84-ce06-7883-8552-a207f6a9b89a
Hot Seller / Landlord,THAARAK CHAREN SARAVANKUMAR,+971565959034,GEMZ by Danube,1009,Al Furjan,Flat,-,2026-08-14 08:51:24.045+00,74,Awaiting availability – anyone who says yes to rent or sell according to the complete flow,"Wants to rent out studio, prefers WhatsApp after 3 days","Maya from AS Properties contacted Daraq regarding their studio unit at by Danube in Al Furjan, which Daraq is looking to rent out for approximately 60,000 AED annually and is willing to list exclusively. A senior consultant will contact Daraq via WhatsApp after three days to discuss the rental listing further.",https://qgxgtavkovqklijfpnfl.supabase.co/storage/v1/object/public/owners_data_second/019fff77-e0c8-7eef-adef-ad12af166738-1786697560949-1372a9fa-f33f-4750-b2e0-88e759ddeb4b-stereo.wav,11413,019fff77-e0c8-7eef-adef-ad12af166738
Hot Seller / Landlord,MOHANAD NADER ABBAS MOHAMED FORS,+971563700789,ALFURJAN PACKAGE 6,null,Al Furjan,Land,-,2026-08-14 08:37:28.95+00,185,Awaiting availability – anyone who says yes to rent or sell according to the complete flow,"Wants to sell 14-bed villa, prefers 4 AM call after prayers","Maya from AS Property called Mohanad regarding his 14-bedroom villa in Al Furjan, which he is looking to sell for 1,000,000 AED and is not currently listed elsewhere. They scheduled a callback with a senior consultant for 4 AM the following morning to discuss the next steps for selling the property.",https://qgxgtavkovqklijfpnfl.supabase.co/storage/v1/object/public/owners_data_second/019fff6b-29d7-755d-bf96-e09be63ad296-1786696836732-81a08878-bc71-4420-9528-5c1ee90a99e9-stereo.wav,16438,019fff6b-29d7-755d-bf96-e09be63ad296
Hot Seller / Landlord,RAJKUMAR JAYARAMAN,+971559266869,PG UPPERHOUSE,301,Al Furjan,Unit,-,2026-08-14 07:51:30.344+00,200,Awaiting availability – anyone who says yes to rent or sell according to the complete flow,"Wants to sell 1BR, shared price and rental yield details","AS Properties contacted Raj Kumar regarding a unit, but he clarified that the property they were inquiring about was already sold. Raj Kumar then offered to sell a different 1-bedroom unit with a balcony, equipped kitchen, and private pool, which is currently rented and generating a 7.2% return. He is looking to sell this unit for 1.36 million AED, and AS Properties is offering to connect him with buyers.",https://qgxgtavkovqklijfpnfl.supabase.co/storage/v1/object/public/owners_data_second/019fff41-0a2e-766c-a399-364016b82254-1786694093007-7ccd0e8f-1b2f-4ed3-9930-ad1502af172a-stereo.wav,16352,019fff41-0a2e-766c-a399-364016b82254
Hot Seller / Landlord,CARLA LOUISE LITTLE,+971501808319,Seven City JLT,B24 18,Jumeirah Lake Towers (JLT),Apartment,-,2026-08-14 07:06:38.344+00,45,Awaiting availability – anyone who says yes to rent or sell according to the complete flow,"Agreed to sell or rent, requested WhatsApp follow-up",,https://qgxgtavkovqklijfpnfl.supabase.co/storage/v1/object/public/call_recordings_16july/019fff17-eb6f-7ffb-bec1-5c892635b675-1786691245941-18e86836-5eda-478d-8ce4-3924797b59f0-stereo.wav,24837,019fff17-eb6f-7ffb-bec1-5c892635b675
Hot Seller / Landlord,SHEIKH SUJAUDDIN SK SAMSUDDIN,+971522071082,Azizi Berton,205,Al Furjan,Unit,-,2026-08-14 07:06:31.076+00,200,Awaiting availability – anyone who says yes to rent or sell according to the complete flow,"Wants to rent, open to selling, asked about sale price vs market","Maya from AS Properties contacted Sheikh regarding his 1 BHK unit at Azizi Burton, Al Furjan, to inquire about selling or renting. Sheikh expressed a preference for renting but would consider selling for a good price, though he voiced frustration over the significant disparity between market prices for new units and the valuation of his existing property. He concluded by stating he needs to speak with someone and will follow up early next week.",https://qgxgtavkovqklijfpnfl.supabase.co/storage/v1/object/public/owners_data_second/019fff17-7190-7ff3-9d90-aa1c53279675-1786691393747-33edd6fd-94a1-4fa6-ae86-75f90c886460-stereo.wav,16268,019fff17-7190-7ff3-9d90-aa1c53279675
Hot Seller / Landlord,ANNE KRISTIINA VEHMAS,+971585178789,Diamondz by Danube,2023,Jumeirah Lake Towers (JLT),Apartment,-,2026-08-14 06:29:05.743+00,107,Awaiting availability – anyone who says yes to rent or sell according to the complete flow,"Wants to sell, said need to check, asked for WhatsApp follow-up","Maya from AS Properties called Anne regarding her property at Diamonds Danube in Jumeera Lake Towers, inquiring if she was interested in selling or renting it out. Anne expressed a likely interest in selling but needed to confirm with her property manager. Due to poor connection, Anne requested Maya send details via WhatsApp for a senior consultant to follow up.",https://qgxgtavkovqklijfpnfl.supabase.co/storage/v1/object/public/owners_data_third/019ffef5-846b-7cc8-a376-6e6f7ce1890c-1786689055424-1deff0c7-f517-4aac-bb58-772875ac4fdc-stereo.wav,27209,019ffef5-846b-7cc8-a376-6e6f7ce1890c
Hot Seller / Landlord,DAMOON BAHMAN MORSALI,+971551717212,WIND ONE,1515,Jumeirah Lake Towers (JLT),Apartment,-,2026-08-13 13:05:41.715+00,51,Awaiting availability – anyone who says yes to rent or sell according to the complete flow,"Willing to sell if serious buyer, not listing or renting now",,https://qgxgtavkovqklijfpnfl.supabase.co/storage/v1/object/public/call_recordings_16july/019ffb3a-56ec-7226-b92f-f3521ab4599c-1786626394941-8879f0ec-a3fb-4ef9-a872-c77a043033d4-stereo.wav,24886,019ffb3a-56ec-7226-b92f-f3521ab4599c
Hot Seller / Landlord,MANISH PAMECHA,+971585774080,Tamweel Tower,3004,Jumeirah Lake Towers (JLT),Apartment,-,2026-08-13 11:59:50.988+00,80,Awaiting availability – anyone who says yes to rent or sell according to the complete flow,"Wants to sell 3-bedroom, asked if buyers available",,https://qgxgtavkovqklijfpnfl.supabase.co/storage/v1/object/public/call_recordings_16july/019ffafe-078b-7dd2-af9d-122519667b2d-1786622473519-53465c4e-497d-4dcd-a8f6-4c95a1bc3c75-stereo.wav,24783,019ffafe-078b-7dd2-af9d-122519667b2d
Hot Seller / Landlord,MOHAMMAD BASHIR SAFDARI,+971552011088,Diamondz by Danube,4120,Jumeirah Lake Towers (JLT),Apartment,-,2026-08-13 11:31:03.679+00,0,Awaiting availability – anyone who says yes to rent or sell according to the complete flow,"Unit under construction, not ready to sell yet",,https://qgxgtavkovqklijfpnfl.supabase.co/storage/v1/object/public/owners_data_second/01a05cac-3395-7443-b0fc-f8e8bd508343-1788261235569-b8043f50-7d9b-453e-a930-1c43cf8fa2ef-stereo.wav,24864,019ffb33-9b74-7ee6-9941-cc3141436006
Hot Seller / Landlord,MAURO DELFINI,+971562565319,DUBAI ARCH TOWER,3803,Jumeirah Lake Towers (JLT),Apartment,-,2026-08-13 11:31:03.679+00,0,Awaiting availability – anyone who says yes to rent or sell according to the complete flow,"Wants to sell, already listed, requests call back after 1 month",,https://qgxgtavkovqklijfpnfl.supabase.co/storage/v1/object/public/owners_data_second/01a05cac-4af2-7000-acc0-d6824c7c59d6-1788261266159-a7356c05-5040-4218-af50-b88c3030c817-stereo.wav,24853,019ffb2e-ade9-755a-9bcf-b0c7c42cb72b
Hot Seller / Landlord,JAYESHKUMAR GORDHANBHAI PATEL,+971505565929,LIWA HEIGHTS 1,2702,Jumeirah Lake Towers (JLT),Apartment,-,2026-08-13 11:30:27.183+00,0,Awaiting availability – anyone who says yes to rent or sell according to the complete flow,Confirmed wants to rent out office commercial property,,https://qgxgtavkovqklijfpnfl.supabase.co/storage/v1/object/public/owners_data_second/01a03da5-7c4b-7008-aee2-292732c976eb-1787740714008-23758319-2bf3-4170-ac9c-1242d43aece6-stereo.wav,24769,01a028cb-ff54-766c-96e1-60f6d6760fc4
Hot Seller / Landlord,JAYESHKUMAR GORDHANBHAI PATEL,+971505565929,LIWA HEIGHTS 1,2702,Jumeirah Lake Towers (JLT),Apartment,-,2026-08-13 11:30:27.183+00,0,Awaiting availability – anyone who says yes to rent or sell according to the complete flow,Confirmed wants to rent out office commercial property,,https://qgxgtavkovqklijfpnfl.supabase.co/storage/v1/object/public/owners_data_second/01a03da5-7c4b-7008-aee2-292732c976eb-1787740714008-23758319-2bf3-4170-ac9c-1242d43aece6-stereo.wav,24769,019ffb04-9314-7440-966a-1092f7a257af
Hot Seller / Landlord,MAHREEN ASAD KHAN,+971568835705,MAG 214,1108,Jumeirah Lake Towers (JLT),Apartment,-,2026-08-13 11:30:01.07+00,0,Awaiting availability – anyone who says yes to rent or sell according to the complete flow,"Asked about selling offer, open if good offer found",,https://qgxgtavkovqklijfpnfl.supabase.co/storage/v1/object/public/owners_data_second/01a06708-d928-7aa6-927d-b6971962f7f1-1788435124117-871dfe36-8a41-41a6-a206-de69a35abdd8-stereo.wav,24698,019ffb4d-702e-744d-bcb1-be460b5d89e0
Hot Seller / Landlord,GAURAV BHATNAGAR,+971545979773,SLS DUBAI,3015,Business Bay,Apartment,-,2026-08-12 12:58:25.767+00,169,Awaiting availability – anyone who says yes to rent or sell according to the complete flow,"Owner open to sell or rent, shared unit details and rental expectation",,https://qgxgtavkovqklijfpnfl.supabase.co/storage/v1/object/public/call_recordings_16july/019ff60d-640e-7000-94dd-260befef4be5-1786539677532-51fd8551-9016-4690-95b3-e3bcd15266d0-stereo.wav,36213,019ff60d-640e-7000-94dd-260befef4be5
Hot Seller / Landlord,SAID YAKHYA AMIRBEK,+971559557989,O2 Residences,1109,Jumeirah Lake Towers (JLT),Apartment,-,2026-08-12 10:58:45.381+00,24,Awaiting availability – anyone who says yes to rent or sell according to the complete flow,"Said open to selling or renting, did it 5 years ago",,https://qgxgtavkovqklijfpnfl.supabase.co/storage/v1/object/public/call_recordings_16july/019ff59f-b271-7cc8-b419-1e91d9784924-1786532352288-27849374-6d51-4824-adae-7b372d9d7cf8-stereo.wav,25789,019ff59f-b271-7cc8-b419-1e91d9784924
Hot Seller / Landlord,KEVIN JEAN ALEXANDRE CUCCHI,+971506292383,Viewz 1 By Danube,2103,Jumeirah Lake Towers (JLT),Apartment,-,2026-08-12 07:45:44.861+00,51,Awaiting availability – anyone who says yes to rent or sell according to the complete flow,"Wants to sell unit, requested WhatsApp follow-up",,https://qgxgtavkovqklijfpnfl.supabase.co/storage/v1/object/public/call_recordings_16july/019ff4ef-14f9-7660-9253-713200c4566e-1786520798380-2202b0c9-e97f-4cbd-84d9-81ad1221fcf7-stereo.wav,25770,019ff4ef-14f9-7660-9253-713200c4566e
Hot Seller / Landlord,NAVEEN GOEL NAND KISHORE GOEL,+971543960755,Silver Tower,B1-04-10,Jumeirah Lake Towers (JLT),Apartment,-,2026-08-12 07:32:19.516+00,171,Awaiting availability – anyone who says yes to rent or sell according to the complete flow,"Wants to sell, gave strong price objections, reprimanded agent, claimed market is much higher",,https://qgxgtavkovqklijfpnfl.supabase.co/storage/v1/object/public/call_recordings_16july/019ff4e2-acb7-7ccb-a58c-0c6aed98bedf-1786520113665-09dd854b-6ba5-4fc1-82f3-77c532a22774-stereo.wav,25735,019ff4e2-acb7-7ccb-a58c-0c6aed98bedf
Hot Seller / Landlord,AHMAD ISMAIL MAHMOUD ABU AZAB,+971503320034,DUBAI GATE ONE,218,Jumeirah Lake Towers (JLT),Apartment,-,2026-08-12 07:30:39.58+00,92,Awaiting availability – anyone who says yes to rent or sell according to the complete flow,"Wants to rent out unit, insisted on WhatsApp, frustrated by questions",,https://qgxgtavkovqklijfpnfl.supabase.co/storage/v1/object/public/call_recordings_16july/019ff4e1-447c-7336-b0e2-e372b45866e9-1786519934553-1f28f7ac-2f2a-4c11-a225-0d53d5189426-stereo.wav,26020,019ff4e1-447c-7336-b0e2-e372b45866e9
Hot Seller / Landlord,ASWIN MOHANDAS THEKKINKATTIL PADINHARAMADATHIL MOHANDAS,+971555091956,SLS DUBAI,4118 (Q 4),Business Bay,Apartment,-,2026-08-12 03:33:35.399+00,0,Awaiting availability – anyone who says yes to rent or sell according to the complete flow,"Wants to sell fractional studio, confirmed price range, open for exclusive listing",,https://qgxgtavkovqklijfpnfl.supabase.co/storage/v1/object/public/call_recordings_16july/019ff569-9be3-7ccb-aa33-3e3f12f83bbe-1786528911407-d9a706a7-2aed-41ed-a6d5-429d495f8e3c-stereo.wav,36445,
Hot Seller / Landlord,JEAN TERIITAHI TEIKIHAAHEI GELY,+971505518411,SLS DUBAI,2205,Business Bay,Apartment,-,2026-08-12 03:31:29.312+00,0,Awaiting availability – anyone who says yes to rent or sell according to the complete flow,"positive - Wants to rent out 1BR duplex at SLS, expects 150k, available Nov 15",,https://qgxgtavkovqklijfpnfl.supabase.co/storage/v1/object/public/owners_data_second/01a09018-2d69-7003-a3b3-61deb22f1f24-1789124035849-62d32004-9528-4b3d-bf2e-7dccdc3bcab7-stereo.wav,35901,01a06766-45fc-7115-b6ee-7c215b88ea5f
Hot Seller / Landlord,RABIH HALAWI,+971557743626,SLS DUBAI,2224,Business Bay,Apartment,-,2026-08-12 03:31:29.312+00,0,Awaiting availability – anyone who says yes to rent or sell according to the complete flow,"angry - Owns unit at SLS Dubai, listed for sale, asking 4.35M AED",,https://qgxgtavkovqklijfpnfl.supabase.co/storage/v1/object/public/owners_data_second/01a09017-fe83-7332-a01b-8b2e9e07eb8c-1789124100435-5c37e918-fae1-4f50-951c-67a9756516fd-stereo.wav,35917,01a06766-74b0-7cc2-a1a0-d9c0b6395924
Hot Seller / Landlord,RABIH HALAWI,+971557743626,SLS DUBAI,2224,Business Bay,Apartment,-,2026-08-12 03:31:29.312+00,0,Awaiting availability – anyone who says yes to rent or sell according to the complete flow,"angry - Owns unit at SLS Dubai, listed for sale, asking 4.35M AED",,https://qgxgtavkovqklijfpnfl.supabase.co/storage/v1/object/public/owners_data_second/01a09017-fe83-7332-a01b-8b2e9e07eb8c-1789124100435-5c37e918-fae1-4f50-951c-67a9756516fd-stereo.wav,35917,019ff61b-3831-7000-80a4-a8e942729474
Hot Seller / Landlord,KULDEEP SINGH BHATNAGAR SAHABCHARAN BHATNAGAR,+971552057555,GREEN LAKES S3,1503,Jumeirah Lake Towers (JLT),Apartment,-,2026-08-11 13:44:47.408+00,22,Awaiting availability – anyone who says yes to rent or sell according to the complete flow,Wants to rent out unit at Green Lakes s 3 JLT,,https://qgxgtavkovqklijfpnfl.supabase.co/storage/v1/object/public/call_recordings_16july/019ff111-538d-7bb1-bdcc-a1264e763fa8-1786455912118-61c32bcd-ee6a-4326-8af4-83b2c5ad5530-stereo.wav,27570,019ff111-538d-7bb1-bdcc-a1264e763fa8
Hot Seller / Landlord,RAHUL MITTAL OM PRAKASH MITTAL,+971554047854,Al Furjan,null,Al Furjan,Building,-,2026-08-11 12:59:05.184+00,12,Awaiting availability,Wants to discuss selling or renting via WhatsApp,,https://qgxgtavkovqklijfpnfl.supabase.co/storage/v1/object/public/call_recordings_16july/019ff0e7-5de3-7118-99c6-9fb9a2bdb1e5-1786453160206-cc586f60-f801-4e66-aa44-cb365450824b-stereo.wav,10158,019ff0e7-5de3-7118-99c6-9fb9a2bdb1e5
Hot Seller / Landlord,RAJU SHAMSUDHEEN PALAYAMKOT PALAYAMKOT ABDULKADER SHAMSUDHEEN,+971524145195,AVENUE RESIDENCE 6,201,Al Furjan,Apartment,-,2026-08-11 12:52:32.684+00,129,Awaiting availability,"Confirmed identity, asked about selling or renting",,https://qgxgtavkovqklijfpnfl.supabase.co/storage/v1/object/public/call_recordings_16july/019ff0e1-79b4-7aad-978c-d9f418a414db-1786452884792-e87bbe8a-951b-42fd-a8b7-d74dd9cae213-stereo.wav,35371,019ff0e1-79b4-7aad-978c-d9f418a414db
Hot Seller / Landlord,RAJU SHAMSUDHEEN PALAYAMKOT PALAYAMKOT ABDULKADER SHAMSUDHEEN,+971524145195,AVENUE RESIDENCE 6,201,Al Furjan,Unit,-,2026-08-11 12:52:32.684+00,129,Awaiting availability,"Confirmed identity, asked about selling or renting",,https://qgxgtavkovqklijfpnfl.supabase.co/storage/v1/object/public/call_recordings_16july/019ff0e1-79b4-7aad-978c-d9f418a414db-1786452884792-e87bbe8a-951b-42fd-a8b7-d74dd9cae213-stereo.wav,8903,019ff0e1-79b4-7aad-978c-d9f418a414db
Hot Seller / Landlord,ANKIT PRAMOD SHAH,+971509612809,Avenue Residence 6,802,Al Furjan,Apartment,-,2026-08-11 12:51:54.132+00,126,Awaiting availability – anyone who says yes to rent or sell according to the complete flow,"Wants to sell, shared price and details, open to buyer matches",,https://qgxgtavkovqklijfpnfl.supabase.co/storage/v1/object/public/call_recordings_16july/019ff0e0-fd51-733b-ad27-509835d9f967-1786452842556-33665311-f5ce-4130-9887-8dcb723c246b-stereo.wav,35368,019ff0e0-fd51-733b-ad27-509835d9f967
Hot Seller / Landlord,HINAL KAPILKUMAR SHARMA JITENDRA KARAMSHI SHAH,+971543089678,AVENUE RESIDENCE 5,308,Al Furjan,Apartment,-,2026-08-11 11:47:49.658+00,142,Awaiting availability – anyone who says yes to rent or sell according to the complete flow,"Wants to sell at 1.4M, buy 2 units at 480K each","Maya from AS called Hinal to inquire about selling or renting their 1-bedroom unit at Avenue Residence. Hinal corrected Maya's initial low price estimate, stating they would sell their unit for 1.4 million AED and would buy two new apartments if available at 480,000 AED each. Maya agreed to have a senior consultant investigate these conditions.",https://qgxgtavkovqklijfpnfl.supabase.co/storage/v1/object/public/owners_data_third/019ff0a6-59fe-7883-9383-945a7d50cbed-1786449014212-78a105ab-b131-4036-a90a-0f9e491df0a5-stereo.wav,35563,019ff0a6-59fe-7883-9383-945a7d50cbed
Buyer Lead,SANDESH SATISH BARALAY,+971509849963,FORTUNE TOWER,405,Jumeirah Lake Towers (JLT),Apartment,-,2026-08-11 11:47:17.418+00,19,Create buyers lead – Anyone who wants to buy put in this,"Ready to spend, buyer intent confirmed","Maya from AS Properties called Sandesh, who confirmed his identity and stated he was ""ready to spend."" The call ended abruptly shortly after this declaration, with the customer terminating the conversation.",https://qgxgtavkovqklijfpnfl.supabase.co/storage/v1/object/public/owners_data_third/019ff0a5-b420-777c-9142-4a56055b9b32-1786448858612-ce236438-ad10-4fea-88be-bd9e36b1d528-stereo.wav,27308,019ff0a5-b420-777c-9142-4a56055b9b32
Hot Seller / Landlord,VISHAL BHAGAT SINGH,+971506539257,DUBAI ARCH TOWER,807,Jumeirah Lake Towers (JLT),Apartment,-,2026-08-11 11:46:14.058+00,15,Awaiting availability – anyone who says yes to rent or sell according to the complete flow,"Already selling with agent, service issue delaying process",,https://qgxgtavkovqklijfpnfl.supabase.co/storage/v1/object/public/call_recordings_16july/019ff0a4-b966-799e-ad4a-659c36c0b08b-1786448791260-ab57546e-021a-4d47-9c6a-626b619145f6-stereo.wav,29285,019ff0a4-b966-799e-ad4a-659c36c0b08b
Hot Seller / Landlord,ZID M AYIMAN MAOULAWI,+971552766400,JUMAIRAH BAY TOWER-X1-1,1008,Jumeirah Lake Towers (JLT),Apartment,-,2026-08-11 09:58:42.823+00,102,Awaiting availability – anyone who says yes to rent or sell according to the complete flow,"Wants to rent out unit, shared price, requested WhatsApp follow-up",,https://qgxgtavkovqklijfpnfl.supabase.co/storage/v1/object/public/call_recordings_16july/019ff042-71ea-7000-8ed2-682a702f67dc-1786442427452-75ced707-7a7b-4870-bc58-801ac4d60d8a-stereo.wav,25400,019ff042-71ea-7000-8ed2-682a702f67dc
Hot Seller / Landlord,KESHAV KOHLI,+971544400525,MBL RESIDENCE,3104,Jumeirah Lake Towers (JLT),Apartment,-,2026-08-11 09:52:24.172+00,84,Awaiting availability – anyone who says yes to rent or sell according to the complete flow,"Wants to rent out 1BR unit, target rent 100k, call back after 3PM",,https://qgxgtavkovqklijfpnfl.supabase.co/storage/v1/object/public/call_recordings_16july/019ff03c-85f1-7110-b6ea-ecdc16667532-1786442030887-2fcaed26-3096-4b9e-988c-4e625b822502-stereo.wav,25375,019ff03c-85f1-7110-b6ea-ecdc16667532
Hot Seller / Landlord,RAJESH KUMAR ARORA,+971551240509,CONCORDE TOWER 1,2508,Jumeirah Lake Towers (JLT),Apartment,-,2026-08-11 09:34:09.954+00,70,Awaiting availability – anyone who says yes to rent or sell according to the complete flow,"Confirmed ownership, asked for Dubai callback, unclear if wants to sell","Maya from AS Properties called Rajesh regarding his unit at Concord Tower to inquire if he was interested in selling or renting it. Rajesh questioned her location and company, then ended the call due to poor voice quality, requesting a callback from a Dubai number. Maya agreed to arrange a callback from a local line.",https://qgxgtavkovqklijfpnfl.supabase.co/storage/v1/object/public/owners_data_third/019ff02b-f82a-7006-89cb-6cfe53753f4b-1786440922694-e9b0404f-7c1e-435f-a456-177da5b77e24-stereo.wav,26176,019ff02b-f82a-7006-89cb-6cfe53753f4b
Hot Seller / Landlord,ANOOP SAMUEL OONNUNNY SAMUEL,+971507870209,Avenue Residence 6,202,Al Furjan,Apartment,-,2026-08-11 09:29:39.779+00,180,Awaiting availability – anyone who says yes to rent or sell according to the complete flow,"Wants to sell, provided bedrooms, price, and scheduling follow-up call","Maya from AS Properties called Anoop regarding selling his 2.5-bedroom unit at Avenue Residence 6 for 2,290,000. Anoop confirmed he wants to sell but is currently listed with another agent and prefers to wait two weeks before considering other listings, though he is open to serious buyers sooner. A senior consultant from AS Properties will call Anoop on Friday afternoon to discuss further.",https://qgxgtavkovqklijfpnfl.supabase.co/storage/v1/object/public/owners_data_third/019ff027-842d-7551-a084-02d795e14717-1786440762762-ad5522f3-a7dd-4ab2-9f4a-2128992e149a-stereo.wav,35344,019ff027-842d-7551-a084-02d795e14717
Hot Seller / Landlord,JIMMY GEORGE,+971555437885,GLAMZ RESIDENCE,603,Al Furjan,Flat,-,2026-08-11 09:26:55.75+00,138,Awaiting availability – anyone who says yes to rent or sell according to the complete flow,"Open to sell or rent, discussed price expectations, requested call back","Maya from AS Properties contacted Jimmy about his studio unit at Glance Residence to inquire if he was interested in selling or renting. Jimmy confirmed he is open to both, but noted his expected selling price range is higher than AS Properties' initial estimate, between 535k and 600k dirhams. A senior consultant will call Jimmy this evening to discuss both selling and renting options further.",https://qgxgtavkovqklijfpnfl.supabase.co/storage/v1/object/public/owners_data_second/019ff025-4102-7cc8-b14c-d9c11448e39e-1786440556868-23b7f7e0-3c43-453c-b2fe-12e7466c7e3b-stereo.wav,15409,019ff025-4102-7cc8-b14c-d9c11448e39e
Hot Seller / Landlord,PRANAB MEDHI PABINDRA NATH MEDHI,+971558542397,Viewz 2 by Danube,1717,Jumeirah Lake Towers (JLT),Apartment,-,2026-08-11 09:14:22.474+00,148,Awaiting availability – anyone who says yes to rent or sell according to the complete flow,"Wants to sell next June, shared details, requested follow-up","Maya from AS Properties contacted Pranab regarding his 1-bedroom unit at Views 2 by Danube in JLT, which is expected to be ready by June next year. Pranab confirmed he intends to sell the unit for approximately 575,000 AED once completed. A senior consultant will call Pranab on Saturday at 2 PM to discuss the selling strategy.",https://qgxgtavkovqklijfpnfl.supabase.co/storage/v1/object/public/owners_data_third/019ff019-ca93-7000-806f-6403dc932acf-1786439812654-9a22889c-7d3c-4241-918c-c817a39cbcf8-stereo.wav,27000,019ff019-ca93-7000-806f-6403dc932acf
Hot Seller / Landlord,MOHAMED AHMED FOUAD MOHAMED AHMED ESAWI,+971566780914,AL FURJAN,null,Al Furjan,Land,-,2026-08-11 09:13:28.149+00,9,Awaiting availability,Wants to sell property; prefers to wait until end of July for serious offers,,https://qgxgtavkovqklijfpnfl.supabase.co/storage/v1/object/public/call_recordings_16july/019ff018-4f20-7ee9-9467-cdb9db0711d3-1786439620001-94f491b7-0e3e-48ac-9773-afe88c523b05-stereo.wav,14588,019ff018-4f20-7ee9-9467-cdb9db0711d3
Hot Seller / Landlord,SESHASHREE AYALASOMAYAJULA,+971543915137,Diamondz by Danube,4105,Jumeirah Lake Towers (JLT),Apartment,-,2026-08-11 08:45:22.03+00,34,Awaiting availability – anyone who says yes to rent or sell according to the complete flow,"Not ready, property not built yet, will invent later",,https://qgxgtavkovqklijfpnfl.supabase.co/storage/v1/object/public/call_recordings_16july/019fefff-286b-7000-8726-d75b894cdc5f-1786437958208-f434d3a9-5783-4ac7-8dfd-b744d430838c-stereo.wav,27265,019fefff-286b-7000-8726-d75b894cdc5f
Hot Seller / Landlord,AYUSHI JINDAL MUNISH JINDAL,+971569466178,Golf Views Seven City,B22 35,Jumeirah Lake Towers (JLT),Apartment,-,2026-08-11 08:37:44.372+00,89,Awaiting availability – anyone who says yes to rent or sell according to the complete flow,"Wants to sell, requested WhatsApp follow-up for pricing",,https://qgxgtavkovqklijfpnfl.supabase.co/storage/v1/object/public/call_recordings_16july/019feff8-5071-788b-a9cb-c98458dba719-1786437556470-3e9faaad-7b95-465a-80ea-f7a8631b0a47-stereo.wav,27234,019feff8-5071-788b-a9cb-c98458dba719
Hot Seller / Landlord,SHAHUL HAMEED SIKKANTHAR BASHA,+971507257350,Diamondz by Danube,4717,Jumeirah Lake Towers (JLT),Apartment,-,2026-08-11 08:31:29.815+00,54,Awaiting availability – anyone who says yes to rent or sell according to the complete flow,"Open for selling, asked time before more details",,https://qgxgtavkovqklijfpnfl.supabase.co/storage/v1/object/public/call_recordings_16july/019feff2-7ef0-7bb4-af40-1cdd82f2d43e-1786437146704-6a5bc8a9-d386-495e-93a2-2a4398d7639b-stereo.wav,27218,019feff2-7ef0-7bb4-af40-1cdd82f2d43e
Hot Seller / Landlord,MEET KAMLESH GARDI KAMLESH MANILAL GARDI,+971558000530,PG ONE AT AL FURJAN,801,Al Furjan,Unit,-,2026-08-11 08:27:34.891+00,17,Awaiting availability,"Customer agreed to rent out property, discussed location and unit details",,https://qgxgtavkovqklijfpnfl.supabase.co/storage/v1/object/public/call_recordings_16july/019fefef-0818-7000-915d-60afca28aef9-1786436874765-9519fe90-ba71-433d-9ab4-34d47359c44a-stereo.wav,9570,019fefef-0818-7000-915d-60afca28aef9
Hot Seller / Landlord,EHTESHAMUDDIN MOHAMMED NIZAMUDDIN,+971551488978,PG ONE AT AL FURJAN,1206,Al Furjan,Unit,-,2026-08-11 08:14:42.966+00,49,Awaiting availability,Wants to sell property but declined listing on platforms,"The AI initiated the call, attempting to identify the user. The user's response was cut off, prompting the AI to ask them to complete their thought. The call subsequently ended due to silence.",https://qgxgtavkovqklijfpnfl.supabase.co/storage/v1/object/public/owners_data_third/019fefe2-d512-7aa7-bf9e-6bbb3106c245-1786436134243-e3aa4789-92b3-4aaa-a5ae-bde9723d1e22-stereo.wav,9593,019fefe2-d512-7aa7-bf9e-6bbb3106c245
Hot Seller / Landlord,RISHABH BANSAL SOM PARKASH BANSAL,+971545821774,Golf Views Seven City,B27 21,Jumeirah Lake Towers (JLT),Apartment,-,2026-08-11 07:54:24.493+00,124,Awaiting availability – anyone who says yes to rent or sell according to the complete flow,"Wants to rent out, unit off-plan, completed in 2028","Maya from AS Properties called Rishab about his unit at Gulfview 7 City, and Rishab confirmed he is interested in renting it out. However, Rishab informed Maya that the unit is off-plan and will not be completed until 2028, expressing frustration that this information was not known beforehand. Maya acknowledged the oversight.",https://qgxgtavkovqklijfpnfl.supabase.co/storage/v1/object/public/owners_data_third/019fefd0-5a9d-7666-9df9-022bdff16233-1786434990755-b27b9c20-45b2-4d9a-8995-095d1dbed0d0-stereo.wav,27262,019fefd0-5a9d-7666-9df9-022bdff16233
Hot Seller / Landlord,NIKI NILESH SHAH,+971506997421,GLAMZ RESIDENCE,308,Al Furjan,Flat,-,2026-08-11 07:52:08.936+00,43,Awaiting availability – anyone who says yes to rent or sell according to the complete flow,"Property already rented, owner asked to call back later","Maya from AS Properties called Nikki regarding her unit at Glanz Residence in Al Furjan. Nikki informed Maya that the unit is already rented out and then abruptly ended the call, stating she was busy and would call back later.",https://qgxgtavkovqklijfpnfl.supabase.co/storage/v1/object/public/owners_data_second/019fefcd-e0b7-7996-ab76-6bbc57fc94c8-1786434774885-8bee99e3-3877-4659-9094-7887e919ee4d-stereo.wav,12740,019fefcd-e0b7-7996-ab76-6bbc57fc94c8
Hot Seller / Landlord,SAAD SULAIMAN KHUDHUR KHUDHUR,+966553740358,Diamondz by Danube,4409,Jumeirah Lake Towers (JLT),Apartment,-,2026-08-11 07:40:10.893+00,137,Awaiting availability – anyone who says yes to rent or sell according to the complete flow,"Confirmed wants to sell unit, discussed price, open to call back","Maya from AS Properties called Saad regarding his off-plan studio unit at Diamonds by Danube in JLT, which is currently under construction. Saad confirmed he is willing to sell the unit for approximately 1.3 and is not exclusively listed with other agents. A senior consultant will call Saad at 1 PM to discuss the best way forward for selling his property.",https://qgxgtavkovqklijfpnfl.supabase.co/storage/v1/object/public/owners_data_third/019fefc3-a943-7bbb-ba5b-b5061a2794a7-1786434150549-1ae1e4fe-ea35-4b89-804c-035cbe21f787-stereo.wav,26688,019fefc3-a943-7bbb-ba5b-b5061a2794a7
Hot Seller / Landlord,NIMA MOHAMMAD BARADARAN HOSSEINI,+971529445952,Seven City JLT,A3 01,Jumeirah Lake Towers (JLT),Apartment,-,2026-08-11 07:32:15.181+00,163,Awaiting availability – anyone who says yes to rent or sell according to the complete flow,"Wants to rent unit once complete, asked about process",,https://qgxgtavkovqklijfpnfl.supabase.co/storage/v1/object/public/call_recordings_16july/019fefbc-6127-7551-9ef0-8e2a431396bc-1786433700922-3def130e-c540-4ad7-bfa9-e9f77155a795-stereo.wav,25671,019fefbc-6127-7551-9ef0-8e2a431396bc
Hot Seller / Landlord,MOHAMMED AZIZUDDIN AZIMUDDIN,+971505850575,AVENUE RESIDENCE 4,104,Al Furjan,Unit,-,2026-08-11 06:33:23.075+00,36,Awaiting availability,Considering selling or renting after mobile phone listing completed,"Maya from AS Properties called Mohammed to inquire if he was interested in selling or renting his unit at Avenue Residence 4 in Furjan. Mohammed informed her that the unit is currently rented, and he expects the tenant to renew the lease. The call ended shortly after this clarification.",https://qgxgtavkovqklijfpnfl.supabase.co/storage/v1/object/public/owners_data_third/019fef85-bdc5-7000-9edf-e556fa937ac0-1786430041311-c399ca6f-e672-46a8-9a59-fab97c32f175-stereo.wav,12239,019fef85-bdc5-7000-9edf-e556fa937ac0
Hot Seller / Landlord,VAHID PATEL RAFIK SHAMSHUDDIN PATEL,+971585140288,PG ONE AT AL FURJAN,310,Al Furjan,Unit,-,2026-08-11 06:00:17.524+00,112,Awaiting availability – anyone who says yes to rent or sell according to the complete flow,"Wants to sell, requested WhatsApp for details",,https://qgxgtavkovqklijfpnfl.supabase.co/storage/v1/object/public/call_recordings_16july/019fef68-2805-7000-873e-522aa1889864-1786428131850-debf6106-1782-4ca0-ac75-0fc6ebc4f5ef-stereo.wav,13952,019fef68-2805-7000-873e-522aa1889864
Hot Seller / Landlord,VAHID PATEL RAFIK SHAMSHUDDIN PATEL,+971585140288,PG ONE AT AL FURJAN,310,Al Furjan,Apartment,-,2026-08-11 06:00:17.524+00,112,Awaiting availability – anyone who says yes to rent or sell according to the complete flow,"Wants to sell, requested WhatsApp for details",,https://qgxgtavkovqklijfpnfl.supabase.co/storage/v1/object/public/call_recordings_16july/019fef68-2805-7000-873e-522aa1889864-1786428131850-debf6106-1782-4ca0-ac75-0fc6ebc4f5ef-stereo.wav,35422,019fef68-2805-7000-873e-522aa1889864
Hot Seller / Landlord,RAJKUMAR RAMASAMY,+971503986810,MADINA TOWER,1201,Jumeirah Lake Towers (JLT),Apartment,-,2026-08-11 05:21:29.678+00,200,Awaiting availability – anyone who says yes to rent or sell according to the complete flow,"Wants to sell, shared details, open for viewings anytime",,https://qgxgtavkovqklijfpnfl.supabase.co/storage/v1/object/public/call_recordings_16july/019fef44-92b0-7000-91b1-370c429172bc-1786425892323-f7a350e3-44d5-4543-a181-1c282addc3b8-stereo.wav,25611,019fef44-92b0-7000-91b1-370c429172bc
Hot Seller / Landlord,ZEESHAN AHMAD SULTAN AHMAD,+971505567970,AZIZI. YASAMINE,201,Al Furjan,Flat,-,2026-08-11 05:15:24.808+00,200,Awaiting availability – anyone who says yes to rent or sell according to the complete flow,"Willing to sell if price met, also interested in upgrading to 3 bed","Maya from AS called Zishan about his 2-bedroom unit in Al Furjan, which he currently occupies. Zishan expressed interest in selling it for 1.6-1.7 million to upgrade to a 3-bedroom unit, investing an additional 100-200k, ideally in Al Furjan near a metro station. The call concluded with an offer for a senior consultant to follow up with options.",https://qgxgtavkovqklijfpnfl.supabase.co/storage/v1/object/public/owners_data_second/019fef3e-fdb8-7000-8709-6f03248d1ff3-1786425527479-2d71ac4e-3367-4eb3-8640-4fc42e126a2e-stereo.wav,15179,019fef3e-fdb8-7000-8709-6f03248d1ff3
Hot Seller / Landlord,UJWAL NITIN SHAH NITIN TULSIDAS SHAH,+971501502715,ARMADA 1,1307,Jumeirah Lake Towers (JLT),Apartment,-,2026-08-11 05:09:21.777+00,143,Awaiting availability – anyone who says yes to rent or sell according to the complete flow,"Wants to sell 1 bed at Armada 1, open to follow-up call","Maya from AS Properties called Yujwal regarding his 1-bedroom unit at Armada 1 in JLT, which he is looking to sell for 1.2 million dirhams. Although the unit is already listed with another agent, Yujwal agreed to have AS Properties' senior consultant call him in an hour to discuss options.",https://qgxgtavkovqklijfpnfl.supabase.co/storage/v1/object/public/owners_data_third/019fef39-81a5-7000-85ab-9e9cbb4efbc2-1786425107556-9f0ae715-8292-455e-9ad6-059957d0d7df-stereo.wav,26100,019fef39-81a5-7000-85ab-9e9cbb4efbc2
Hot Seller / Landlord,PANKAJ BATRA,+971552219697,AVENUE RESIDENCE 5,209,Al Furjan,Apartment,-,2026-08-11 03:35:17.865+00,0,Awaiting availability – anyone who says yes to rent or sell according to the complete flow,"Open to sell or rent, requested proposal and figures",,https://qgxgtavkovqklijfpnfl.supabase.co/storage/v1/object/public/owners_data_second/01a0478a-cfae-777f-8f39-35790deb0e65-1787906851501-2e54a817-5a25-489a-80bd-28824e406744-stereo.wav,35555,019ff0da-34de-7227-b352-283ec04da61c
Hot Seller / Landlord,ANKUR GARG DUSHYANT KUMAR GARG,+971555342166,PG ONE AT AL FURJAN,302,Al Furjan,Apartment,-,2026-08-11 03:35:05.976+00,0,Awaiting availability – anyone who says yes to rent or sell according to the complete flow,"Open to selling, requested WhatsApp communication",,https://qgxgtavkovqklijfpnfl.supabase.co/storage/v1/object/public/owners_data_second/01a033bd-6494-788e-8a26-3428deea8e73-1787574522522-c384dea9-aa1b-4b08-9b88-6f9abe514874-stereo.wav,35505,019feff1-29d3-733d-b175-27b9ca19b1b2
Hot Seller / Landlord,SHIKHA GUPTA GORDHAN DAS GUPTA,+971522804351,PG ONE AT AL FURJAN,802,Al Furjan,Apartment,-,2026-08-11 03:35:05.976+00,0,Awaiting availability – anyone who says yes to rent or sell according to the complete flow,"Unit rented, may consider selling next year, provided rental income info",,https://qgxgtavkovqklijfpnfl.supabase.co/storage/v1/object/public/owners_data_third/019fefea-4d4e-7117-a813-2c4aa288aafe-1786436688859-bf49c2ad-6aa3-4894-aad2-93b7fe41dc9b-stereo.wav,35476,01a0b486-2d43-7dd4-a423-aae2a7dc3072
Hot Seller / Landlord,ANKUR GARG DUSHYANT KUMAR GARG,+971555342166,PG ONE AT AL FURJAN,302,Al Furjan,Apartment,-,2026-08-11 03:35:05.976+00,0,Awaiting availability – anyone who says yes to rent or sell according to the complete flow,"Open to selling, requested WhatsApp communication",,https://qgxgtavkovqklijfpnfl.supabase.co/storage/v1/object/public/owners_data_second/01a033bd-6494-788e-8a26-3428deea8e73-1787574522522-c384dea9-aa1b-4b08-9b88-6f9abe514874-stereo.wav,35505,019e449d-10a0-7446-85f3-dd08fc09893e
Hot Seller / Landlord,KUNAL KUMAR RAJ KUMAR PODDAR,+971543081738,PG ONE AT AL FURJAN,907,Al Furjan,Apartment,-,2026-08-11 03:34:53.61+00,0,Awaiting availability – anyone who says yes to rent or sell according to the complete flow,"Wants to sell 2BR, shared price, agreed callback tomorrow",,https://qgxgtavkovqklijfpnfl.supabase.co/storage/v1/object/public/owners_data_second/01a02932-96cb-766c-982f-36856780d5d1-1787397824278-aa60fab0-4909-45c3-a390-3e36b13b715b-stereo.wav,35447,019fef6e-27cd-733a-b9b1-6ce36bf56c99
Hot Seller / Landlord,VAHID PATEL RAFIK SHAMSHUDDIN PATEL,+971585140288,PG ONE AT AL FURJAN,310,Al Furjan,Apartment,-,2026-08-11 03:34:53.61+00,0,Awaiting availability – anyone who says yes to rent or sell according to the complete flow,"Wants to sell, requested WhatsApp for details",,https://qgxgtavkovqklijfpnfl.supabase.co/storage/v1/object/public/call_recordings_16july/019fef68-2805-7000-873e-522aa1889864-1786428131850-debf6106-1782-4ca0-ac75-0fc6ebc4f5ef-stereo.wav,35422,019fdbc2-d337-7aa0-aaff-080705361f6c
Hot Seller / Landlord,VAHID PATEL RAFIK SHAMSHUDDIN PATEL,+971585140288,PG ONE AT AL FURJAN,310,Al Furjan,Apartment,-,2026-08-11 03:34:53.61+00,0,Awaiting availability – anyone who says yes to rent or sell according to the complete flow,"Wants to sell, requested WhatsApp for details",,https://qgxgtavkovqklijfpnfl.supabase.co/storage/v1/object/public/call_recordings_16july/019fef68-2805-7000-873e-522aa1889864-1786428131850-debf6106-1782-4ca0-ac75-0fc6ebc4f5ef-stereo.wav,35422,019e3fde-1fce-7eec-96ff-dd57b1d3199f
Hot Seller / Landlord,KASI VISWANADHAM CHITTILLA,+971566898798,AVENUE RESIDENCE 5,206,Al Furjan,Apartment,-,2026-08-11 03:34:53.61+00,0,Awaiting availability – anyone who says yes to rent or sell according to the complete flow,"Wants to rent 4BR townhouse in Jabalali, asked for 270K single check",,https://qgxgtavkovqklijfpnfl.supabase.co/storage/v1/object/public/call_recordings_16july/019fef73-d845-7000-a22e-9a2fc45292c9-1786428878465-13f14e09-6531-42e1-b54b-2efc4c1bf46a-stereo.wav,35464,01a0cccb-c17b-7220-85dc-1c00b118b2a0
Hot Seller / Landlord,KUNAL KUMAR RAJ KUMAR PODDAR,+971543081738,PG ONE AT AL FURJAN,907,Al Furjan,Apartment,-,2026-08-11 03:34:53.61+00,0,Awaiting availability – anyone who says yes to rent or sell according to the complete flow,"Wants to sell 2BR, shared price, agreed callback tomorrow",,https://qgxgtavkovqklijfpnfl.supabase.co/storage/v1/object/public/owners_data_second/01a02932-96cb-766c-982f-36856780d5d1-1787397824278-aa60fab0-4909-45c3-a390-3e36b13b715b-stereo.wav,35447,01a01e48-1589-7000-8597-2cbf98d96bc5
Hot Seller / Landlord,ANTONETTE ROSA FERNANDES CRISPIN FERNANDES,+971552720378,AVENUE RESIDENCE 6,502,Al Furjan,Apartment,-,2026-08-11 03:34:41.444+00,0,Awaiting availability – anyone who says yes to rent or sell according to the complete flow,"Unit not ready, will decide to sell or rent after viewing",,https://qgxgtavkovqklijfpnfl.supabase.co/storage/v1/object/public/call_recordings_16july/019ff0ee-24c6-7aad-97be-f56ece6028b8-1786453728603-13e78c2b-de4c-4074-a587-ba4ecf6cb5c9-stereo.wav,35397,
Hot Seller / Landlord,REETIKA PALIWAL OM PRAKASH PALIWAL,+971562215619,Avenue Residence 6,103,Al Furjan,Apartment,-,2026-08-11 03:34:30.067+00,0,Awaiting availability – anyone who says yes to rent or sell according to the complete flow,"Willing to sell if ready buyer, asked to call with offer",,https://qgxgtavkovqklijfpnfl.supabase.co/storage/v1/object/public/owners_data_third/019ff021-356f-7553-9e7c-250ab5d33c38-1786440207114-117dac30-f92c-4d68-9ed5-33786542c05a-stereo.wav,35329,
Hot Seller / Landlord,GIANCARLO TROVATELLO,+971521199290,Golf Views Seven City,B5 09,Jumeirah Lake Towers (JLT),Apartment,-,2026-08-11 03:33:42.607+00,0,Awaiting availability – anyone who says yes to rent or sell according to the complete flow,"Owns studio in Golfview 7 City, discussed sale, not interested in renting",,https://qgxgtavkovqklijfpnfl.supabase.co/storage/v1/object/public/owners_data_second/01a08a22-e8f7-744a-9bd2-0a487a206fc4-1789024062437-02c10a78-674f-4c67-a419-fa04aab27bea-stereo.wav,26534,01a0613a-abbf-7bbb-bd6a-cacfb3e91719
Hot Seller / Landlord,GUNTHER RUDOLPH,+971503237302,Lakeshore Tower 1,2409,Jumeirah Lake Towers (JLT),Apartment,-,2026-08-11 03:32:38.106+00,0,Awaiting availability – anyone who says yes to rent or sell according to the complete flow,"Wants to sell, shared price, size, return 11th September",,https://qgxgtavkovqklijfpnfl.supabase.co/storage/v1/object/public/owners_data_second/01a05643-ecd6-711e-a85d-d8fda32f5dae-1788153836726-1daa82a5-0293-4961-864a-694557a8e35f-stereo.wav,26045,019ff5f0-9518-7000-844a-3e464b209eba
Hot Seller / Landlord,MUHAMMAD KASHIF HABIB ULLAH,+971505006698,Viewz 1 By Danube,3210,Jumeirah Lake Towers (JLT),Apartment,-,2026-08-11 03:32:38.106+00,0,Awaiting availability – anyone who says yes to rent or sell according to the complete flow,"Will consider selling or renting after handover, waiting for market value",,https://qgxgtavkovqklijfpnfl.supabase.co/storage/v1/object/public/owners_data_second/01a061a8-b8f2-7446-94ef-1a6ad582ecd4-1788345054883-33b2249d-2ac5-4845-8602-a07cd4c58a95-stereo.wav,26051,019ff5f1-9767-7aaa-b178-fe7d0da4a74f
Hot Seller / Landlord,GUNTHER RUDOLPH,+971503237302,Lakeshore Tower 1,2409,Jumeirah Lake Towers (JLT),Apartment,-,2026-08-11 03:32:38.106+00,0,Awaiting availability – anyone who says yes to rent or sell according to the complete flow,"Wants to sell, shared price, size, return 11th September",,https://qgxgtavkovqklijfpnfl.supabase.co/storage/v1/object/public/owners_data_second/01a05643-ecd6-711e-a85d-d8fda32f5dae-1788153836726-1daa82a5-0293-4961-864a-694557a8e35f-stereo.wav,26045,01a04710-394d-788c-bf44-0d902660f34e
Hot Seller / Landlord,MOHAMED FAKHRUDDIN AJMAL,+971506441366,Viewz 1 By Danube,2107,Jumeirah Lake Towers (JLT),Apartment,-,2026-08-11 03:32:15.589+00,0,Awaiting availability – anyone who says yes to rent or sell according to the complete flow,"Wants to sell 4 units, asked to continue on WhatsApp",,https://qgxgtavkovqklijfpnfl.supabase.co/storage/v1/object/public/owners_data_third/019ff08e-cecf-733b-abd8-1f85161502b5-1786447656839-cf5da386-92f4-4a21-9dbb-6fc2e28d64f0-stereo.wav,25924,01a0b457-a252-7774-92db-c78e623bad56
Hot Seller / Landlord,TALAL SAID ABDULLA NASER AL JUNAIBI,+971501475377,DUBAI GATE ONE,702,Jumeirah Lake Towers (JLT),Apartment,-,2026-08-11 03:30:17.157+00,0,Awaiting availability – anyone who says yes to rent or sell according to the complete flow,"Wants to sell unit, provided confirmation and showed interest",,https://qgxgtavkovqklijfpnfl.supabase.co/storage/v1/object/public/owners_data_second/01a06256-d433-7660-94eb-4188c019d2f2-1788356377953-20284d57-628c-40a2-aa46-76bc6174f594-stereo.wav,25446,019ff0fa-4f14-7000-82e1-44e4fe740b96
Hot Seller / Landlord,TALAL SAID ABDULLA NASER AL JUNAIBI,+971501475377,DUBAI GATE ONE,702,Jumeirah Lake Towers (JLT),Apartment,-,2026-08-11 03:30:17.157+00,0,Awaiting availability – anyone who says yes to rent or sell according to the complete flow,"Wants to sell unit, provided confirmation and showed interest",,https://qgxgtavkovqklijfpnfl.supabase.co/storage/v1/object/public/owners_data_second/01a06256-d433-7660-94eb-4188c019d2f2-1788356377953-20284d57-628c-40a2-aa46-76bc6174f594-stereo.wav,25446,01a04867-4478-7000-8909-48fc17c8f702
Hot Seller / Landlord,AYMAN MAJED KHALED ALTAWEEL,+971506227497,Seven City JLT,A6 08,Jumeirah Lake Towers (JLT),Apartment,-,2026-08-10 13:59:30.574+00,110,Awaiting availability – anyone who says yes to rent or sell according to the complete flow,"Unit under construction, may rent or sell in about one year",,https://qgxgtavkovqklijfpnfl.supabase.co/storage/v1/object/public/call_recordings_16july/019febf8-65fb-7996-9a91-38e0b251cfec-1786370483264-0b91bb6e-8b2f-46f5-95ea-e51ab68f7c3b-stereo.wav,28154,019febf8-65fb-7996-9a91-38e0b251cfec
Hot Seller / Landlord,SUBHAJIT RAKSHIT NARAYAN RAKSHIT,+971581180149,DUBAI GATE ONE,502,Jumeirah Lake Towers (JLT),Apartment,-,2026-08-10 13:58:28.285+00,53,Awaiting availability – anyone who says yes to rent or sell according to the complete flow,"Wants to sell two properties, requested WhatsApp for details",,https://qgxgtavkovqklijfpnfl.supabase.co/storage/v1/object/public/call_recordings_16july/019febf7-9522-744f-b6a4-a4b89879a032-1786370364320-c8fbbd4b-8163-42e3-898b-7bd92d460765-stereo.wav,28190,019febf7-9522-744f-b6a4-a4b89879a032
Hot Seller / Landlord,SEVARAKHON YUSUPKHONOVNA MAKSUMOVA,+393472788882,Uptown Tower,5806,Jumeirah Lake Towers (JLT),Apartment,-,2026-08-10 12:58:33.021+00,146,Awaiting availability – anyone who says yes to rent or sell according to the complete flow,"Wants to sell, asked to contact his agent for details",,https://qgxgtavkovqklijfpnfl.supabase.co/storage/v1/object/public/call_recordings_16july/019febc0-a912-755d-b51c-e24a5ba62380-1786366861555-63f1b3ee-9a61-4795-b8a2-fddf9016a583-stereo.wav,26641,019febc0-a912-755d-b51c-e24a5ba62380
Hot Seller / Landlord,RASHA SULEIMAN ISMAIL ISMAIL,+971564143825,Wind Tower I,905,Jumeirah Lake Towers (JLT),Apartment,-,2026-08-10 12:37:38.336+00,43,Awaiting availability – anyone who says yes to rent or sell according to the complete flow,"Owner open to sell, prefers to be contacted with buyer ready",,https://qgxgtavkovqklijfpnfl.supabase.co/storage/v1/object/public/call_recordings_16july/019febad-87c7-7775-8f51-18e776384e90-1786365504440-0b4fcd8a-794a-4f15-a3b2-c1504f5c5709-stereo.wav,27178,019febad-87c7-7775-8f51-18e776384e90
Hot Seller / Landlord,IRFAN SALIM KHAN SALIM REHMATULLA KHAN,+971555786420,LAKE CITY TOWER,304,Jumeirah Lake Towers (JLT),Apartment,-,2026-08-10 11:35:05.469+00,0,Awaiting availability – anyone who says yes to rent or sell according to the complete flow,"Owns 11 properties, has 1 bed in Business Bay available",,https://qgxgtavkovqklijfpnfl.supabase.co/storage/v1/object/public/call_recordings_16july/019feb97-377a-7ee4-9864-a7d56bf95b21-1786364098974-15299d8c-c713-4161-a620-f8376b2a6100-stereo.wav,28133,
Hot Seller / Landlord,AHMAD MAHMOUD KARAKY,+971564138652,The Residences,3802,Jumeirah Lake Towers (JLT),Apartment,-,2026-08-10 11:33:54.364+00,0,Awaiting availability – anyone who says yes to rent or sell according to the complete flow,"Wants to sell 3BR JLT unit for 15M, agreed follow-up",,https://qgxgtavkovqklijfpnfl.supabase.co/storage/v1/object/public/owners_data_second/01a05bb6-f183-7443-abe0-63a72d42c5ca-1788245214542-6411b246-3729-49d7-8d84-faa0d512501d-stereo.wav,27809,019ff557-c580-7111-bfe0-46e80c556e8b
Hot Seller / Landlord,PIYA BHATNAGAR KULDEEP SINGH BHATNAGAR,+971559532101,GREEN LAKES S3,1503,Jumeirah Lake Towers (JLT),Apartment,-,2026-08-10 11:33:47.358+00,0,Awaiting availability – anyone who says yes to rent or sell according to the complete flow,"Wants to rent out 2BR, asked about rent amount",,https://qgxgtavkovqklijfpnfl.supabase.co/storage/v1/object/public/owners_data_second/01a04c50-aedb-799c-a4b4-01580a758dd7-1787986838064-3e559cda-2b1a-4aba-a83c-1f1c546fbdc8-stereo.wav,27569,019ff111-2a02-7000-9f2b-40b9e1df484c
Hot Seller / Landlord,ATAKAN ILDAY,+971529572322,LAKE VIEW,35,Jumeirah Lake Towers (JLT),Apartment,-,2026-08-10 11:33:23.585+00,0,Awaiting availability – anyone who says yes to rent or sell according to the complete flow,"Wants to sell or rent shop, open to both options",,https://qgxgtavkovqklijfpnfl.supabase.co/storage/v1/object/public/owners_data_second/01a03404-ffb0-7775-9f90-6d2d68fba381-1787579250869-863d46dd-41c9-4bfb-93d8-1a10fc431c07-stereo.wav,27496,019ff006-b19a-7000-87f2-e231d068fc8a
Hot Seller / Landlord,VIKAS GUPTA CHETAN SARUP GUPTA,+971507710839,GREEN LAKES S1,2406,Jumeirah Lake Towers (JLT),Apartment,-,2026-08-10 11:32:36.812+00,0,Awaiting availability – anyone who says yes to rent or sell according to the complete flow,"Wants to sell 1BR, shared price, requested agency details and call",,https://qgxgtavkovqklijfpnfl.supabase.co/storage/v1/object/public/owners_data_second/01a0429b-be30-7eef-b1ef-f863a9761319-1787824029313-7e7636ff-a438-4604-8e04-64cd7336562d-stereo.wav,27300,019ff0a4-8f94-7000-a23d-1c7dcdd576a5
Hot Seller / Landlord,MARAT GARAEV,+971544327706,Upper House East,E-3404,Jumeirah Lake Towers (JLT),Apartment,-,2026-08-10 11:32:12.749+00,0,Awaiting availability – anyone who says yes to rent or sell according to the complete flow,"Open to sell, wants buyer offers via WhatsApp only",,https://qgxgtavkovqklijfpnfl.supabase.co/storage/v1/object/public/owners_data_second/01a03358-b65d-7dda-8d90-cbda310cb109-1787568034835-5d070a83-4195-492c-a21c-4eca8f84cfa6-stereo.wav,27192,01a01f4e-1e80-7cc8-98f1-2bc8890cc5b4
Hot Seller / Landlord,MARAT GARAEV,+971544327706,Upper House East,E-3404,Jumeirah Lake Towers (JLT),Apartment,-,2026-08-10 11:32:12.749+00,0,Awaiting availability – anyone who says yes to rent or sell according to the complete flow,"Open to sell, wants buyer offers via WhatsApp only",,https://qgxgtavkovqklijfpnfl.supabase.co/storage/v1/object/public/owners_data_second/01a03358-b65d-7dda-8d90-cbda310cb109-1787568034835-5d070a83-4195-492c-a21c-4eca8f84cfa6-stereo.wav,27192,019febaf-d496-7554-afba-82ca9e841f95
Hot Seller / Landlord,MARTA WOLDEAMANUEL ABEBE,+971545693016,Diamondz by Danube,5407,Jumeirah Lake Towers (JLT),Apartment,-,2026-08-10 11:31:49.379+00,0,Awaiting availability – anyone who says yes to rent or sell according to the complete flow,"Wants to sell 1BR at Diamonds by Danube, asking 1.4M AED",,https://qgxgtavkovqklijfpnfl.supabase.co/storage/v1/object/public/owners_data_second/01a0708c-dc7b-7000-9400-e980f56f28ba-1788594831767-e920132a-85fe-4d6f-b8f0-0e7f06d4b59f-stereo.wav,27104,01a056b6-c568-7000-9ec5-85576915c509
Hot Seller / Landlord,MUKESH CHAUDHARY KHUSHI RAM,+971521273944,Golf Views Seven City,B23 08,Jumeirah Lake Towers (JLT),Apartment,-,2026-08-10 11:31:38.182+00,0,Awaiting availability – anyone who says yes to rent or sell according to the complete flow,"Wants to sell studio, gave price, open if buyer found",,https://qgxgtavkovqklijfpnfl.supabase.co/storage/v1/object/public/owners_data_second/01a042d2-95b8-744d-b7d9-d391f516f197-1787827619525-8902427f-b7ab-42e4-b060-fc5e5263e717-stereo.wav,27044,019ff0b2-10d7-766a-910b-58b06a59eae3
Hot Seller / Landlord,PRAKASH VALABDAS BHATIA VALABHADAS BHATIA,+971553044423,Orra The Embankment,2504,Jumeirah Lake Towers (JLT),Apartment,-,2026-08-10 11:31:38.182+00,0,Awaiting availability – anyone who says yes to rent or sell according to the complete flow,"Landlord has 7 JLT units available to rent, shared types and rental rates",,https://qgxgtavkovqklijfpnfl.supabase.co/storage/v1/object/public/owners_data_second/01a042d2-dc42-7eef-acfb-eea611487e83-1787827718880-8a9717ed-8e12-4818-a20b-78de46025de2-stereo.wav,27048,019ff0b2-bf64-7000-8cd4-6e139c3cb203
Hot Seller / Landlord,CHETAN NAVINCHANDRA DOSHI,+971500550083,Jumeirah Bay X2,3710,Jumeirah Lake Towers (JLT),Apartment,-,2026-08-10 11:31:15.522+00,0,Awaiting availability – anyone who says yes to rent or sell according to the complete flow,"Asked about setup and customer support, scheduled demo email",,https://qgxgtavkovqklijfpnfl.supabase.co/storage/v1/object/public/owners_data_second/01a023a9-2b89-700d-88ad-53a12279abd8-1787304786281-909641a9-b565-4bd7-a5d2-9ac99052c5c2-stereo.wav,26962,019febdf-fac5-788b-ac59-8889d0a191f2
Buyer Lead,FAISAL MAJEED AWAN ABDUL MAJEED AWAN,+971556023619,Icon Tower 2,304,Jumeirah Lake Towers (JLT),Apartment,-,2026-08-10 11:30:52.413+00,0,Create buyers lead – Anyone who wants to buy put in this,"Sold the unit 2 years ago, not interested in buying",,https://qgxgtavkovqklijfpnfl.supabase.co/storage/v1/object/public/owners_data_second/01a07f76-86bd-7000-bd30-a7ed87d02a8e-1788844931662-e4d777c0-0c1f-4e3a-a63c-85f3d3430be3-stereo.wav,26865,019ff54f-1346-7338-a959-18251b46ea2c
Buyer Lead,FAISAL MAJEED AWAN ABDUL MAJEED AWAN,+971556023619,Icon Tower 2,304,Jumeirah Lake Towers (JLT),Apartment,-,2026-08-10 11:30:52.413+00,0,Create buyers lead – Anyone who wants to buy put in this,"Sold the unit 2 years ago, not interested in buying",,https://qgxgtavkovqklijfpnfl.supabase.co/storage/v1/object/public/owners_data_second/01a07f76-86bd-7000-bd30-a7ed87d02a8e-1788844931662-e4d777c0-0c1f-4e3a-a63c-85f3d3430be3-stereo.wav,26865,01a05b99-5edf-7ff7-b638-e5c5de98a6e5
Hot Seller / Landlord,VANDANA RANBIR SINGH,+971561704984,O2 Residences,1802,Jumeirah Lake Towers (JLT),Apartment,-,2026-08-10 11:30:29.497+00,0,Awaiting availability – anyone who says yes to rent or sell according to the complete flow,"Has another property under construction, may discuss selling in 1 year",,https://qgxgtavkovqklijfpnfl.supabase.co/storage/v1/object/public/owners_data_second/01a03dd7-26f6-7008-afce-57500da4b832-1787743989511-b0de1d40-d813-4a22-90b9-4211dc4925b4-stereo.wav,26727,019ff074-238f-7000-9ab0-dfda8a016d9d
Hot Seller / Landlord,AMJAD AHMAD MOHAMMAD ALTAKI,+971508772721,MBL RESIDENCE,3609,Jumeirah Lake Towers (JLT),Apartment,-,2026-08-10 11:30:01.576+00,0,Awaiting availability – anyone who says yes to rent or sell according to the complete flow,"Owner open to rent at 90k, wants tenants, prefers WhatsApp",,https://qgxgtavkovqklijfpnfl.supabase.co/storage/v1/object/public/owners_data_second/01a02479-d485-7dd4-8769-94e7daefaebc-1787318594738-75794c88-4de6-4799-8a5e-6c7b46411b8c-stereo.wav,26625,01a0b402-e01f-7eef-9710-f5aa712293fa
Hot Seller / Landlord,MADHAVI PENUGONDA,+971503114904,Azizi Plaza Hotel Apartments,1035,Al Furjan,Hotel Apartment,-,2026-08-10 10:45:21.566+00,130,Awaiting availability – anyone who says yes to rent or sell according to the complete flow,"Already listed, open to sell or rent, wants WhatsApp only if client","Maya from AS called Manhavi's husband about his studio unit at Azizi Plaza Hotel Apartments, inquiring if he was open to selling or renting it. The owner, who was initially hesitant due to the UK calling number, confirmed he is open to both options, aiming for a rental income around 47k, and has already listed with other agents. He requested that Maya only contact him via WhatsApp with actual client inquiries, as he will not provide personal details or forms.",https://qgxgtavkovqklijfpnfl.supabase.co/storage/v1/object/public/owners_data_second/019feb46-afd9-7eef-83ce-615833c5134a-1786358854105-8864980a-95cc-46b5-bd43-127b4fdcb11d-stereo.wav,14847,019feb46-afd9-7eef-83ce-615833c5134a
Hot Seller / Landlord,OMAR SALEH AWAD SAEED ALHADHRAMI,+971506110041,Azizi Farishta Residence,RETAIL-02,Al Furjan,Shop,-,2026-08-10 10:38:02.999+00,170,Awaiting availability – anyone who says yes to rent or sell according to the complete flow,"Wants to rent out 1BR unit at 7700, discussed listing status","Maya from AS Properties called Omar about his unit at Azizi Farishta residence to inquire if he was interested in selling or renting. Omar confirmed he wants to rent out his 1-bedroom unit in building 34 for 7700 a month. The call ended with some confusion regarding the property's location and whether it was already listed with another agent, which Omar eventually confirmed it was.",https://qgxgtavkovqklijfpnfl.supabase.co/storage/v1/object/public/owners_data_second/019feb40-17fa-788f-bbe7-4c164a03536a-1786358455181-61a96715-df7f-412f-95c8-4f118ba3fc87-stereo.wav,12437,019feb40-17fa-788f-bbe7-4c164a03536a
Hot Seller / Landlord,SUJITH BALAN KELOTH BALAN,+971507120370,Al Furjan,null,Al Furjan,Building,-,2026-08-10 09:12:41.235+00,171,Awaiting availability – anyone who says yes to rent or sell according to the complete flow,"Wants to sell, discussed recent sale price, wants valuation callback","Maya from AS Properties called Sujit to inquire about selling his 4-bedroom villa in Al Furjan. Sujit, interested in selling, disagreed with Maya's initial valuation of 2.2-2.6 million dirhams, citing a neighboring unit sold for 4.5 million. As a result, a senior consultant will call Sujit later today to provide a free valuation and discuss next steps.",https://qgxgtavkovqklijfpnfl.supabase.co/storage/v1/object/public/owners_data_second/019feaf1-ee5f-7000-90aa-cab363799b3e-1786353334957-ecc95f1b-d905-4e64-bcf9-a8a71e494d65-stereo.wav,14348,019feaf1-ee5f-7000-90aa-cab363799b3e
Hot Seller / Landlord,ANKUR GARG DUSHYANT KUMAR GARG,+971555342166,PG ONE AT AL FURJAN,302,Al Furjan,Unit,-,2026-08-10 06:12:57.32+00,48,Awaiting availability – anyone who says yes to rent or sell according to the complete flow,"Open to selling, requested WhatsApp communication","Maya from AS Properties called Ankur regarding his unit at PG 1 in Alphurgeon to inquire if he was interested in selling or renting the property. Ankur, who was busy, asked her to send the information via WhatsApp, indicating he was open to both options and would respond later.",https://qgxgtavkovqklijfpnfl.supabase.co/storage/v1/object/public/owners_data_second/019fea4d-50dc-7990-9976-70dbb81fb1f0-1786342427645-ac213ac5-46fe-4d43-8448-f9415fd33c64-stereo.wav,14340,019fea4d-50dc-7990-9976-70dbb81fb1f0
Hot Seller / Landlord,ANKUR GARG DUSHYANT KUMAR GARG,+971555342166,PG ONE AT AL FURJAN,302,Al Furjan,Apartment,-,2026-08-10 06:12:57.32+00,48,Awaiting availability – anyone who says yes to rent or sell according to the complete flow,"Open to selling, requested WhatsApp communication","Maya from AS Properties called Ankur regarding his unit at PG 1 in Alphurgeon to inquire if he was interested in selling or renting the property. Ankur, who was busy, asked her to send the information via WhatsApp, indicating he was open to both options and would respond later.",https://qgxgtavkovqklijfpnfl.supabase.co/storage/v1/object/public/owners_data_second/019fea4d-50dc-7990-9976-70dbb81fb1f0-1786342427645-ac213ac5-46fe-4d43-8448-f9415fd33c64-stereo.wav,35505,019fea4d-50dc-7990-9976-70dbb81fb1f0
Hot Seller / Landlord,MOHD ZEESHAN NIYAZ HUSSAIN,+971558671873,Nadine Residences 2,106,Al Furjan,Unit,-,2026-08-07 13:27:58.669+00,52,Awaiting availability – anyone who says yes to rent or sell according to the complete flow,"Lives there now, may rent out in a year","Maya from S Properties called MOHD regarding his unit at Nadine Residences, inquiring if he was interested in selling or renting it out. MOHD confirmed he is currently living in the unit and is not interested in renting or selling at this time, though he might consider it in about a year. The call concluded with Maya acknowledging his position and offering future assistance if his plans change.",https://qgxgtavkovqklijfpnfl.supabase.co/storage/v1/object/public/owners_data_second/019fdc67-d5a6-7777-9e12-43948b0d5520-1786109333605-04df7193-c45e-4769-84c6-a2fcfd408558-stereo.wav,14204,019fdc67-d5a6-7777-9e12-43948b0d5520
Hot Seller / Landlord,IRINA LYKOVA,+971502359711,Azizi Star Hotel Apartments,1228,Al Furjan,Hotel Apartment,-,2026-08-07 12:20:06.232+00,53,Awaiting availability – anyone who says yes to rent or sell according to the complete flow,"Wants to sell studio unit, asked agent to explain details","Maya from AS Properties contacted Irina regarding her unit at Azizi Star Hotel apartment in Al Furjan to inquire about selling or renting. Irina confirmed she was looking to sell for 550, clarifying that the unit was a studio, not a 5-bedroom as initially assumed. The call ended shortly after this clarification.",https://qgxgtavkovqklijfpnfl.supabase.co/storage/v1/object/public/owners_data_second/019fdc2a-328c-7ff7-aff1-828d2073e708-1786105262100-c003694b-97b7-4e90-9a86-cbd73a60860a-stereo.wav,10962,019fdc2a-328c-7ff7-aff1-828d2073e708
Hot Seller / Landlord,ROY EMMANUEL UPPUKANDATHIL MATHAI EMMANUEL,+971562108058,Nadine Residences 2,204,Al Furjan,Unit,-,2026-08-07 11:30:42.633+00,164,Awaiting availability – anyone who says yes to rent or sell according to the complete flow,"Wants to rent out from November, shared rent, bedrooms, area, open to WhatsApp follow-up","AS Properties contacted Roy about his 3-bedroom unit at Nadine Residences 2, which he intends to rent out for 160,000 per year. The unit will become available at the end of November, as the current tenants have extended their lease for three months. AS Properties will WhatsApp Roy to get the floor plan and property details, then reconnect closer to November to list the unit.",https://qgxgtavkovqklijfpnfl.supabase.co/storage/v1/object/public/owners_data_second/019fdbfd-32dc-722b-919a-68485e1c2bcc-1786102409137-249a4991-a23c-4511-a13f-e7e72a01c5a1-stereo.wav,14216,019fdbfd-32dc-722b-919a-68485e1c2bcc
Hot Seller / Landlord,MARGISHI TUSHAR DESAI RAMESHCHANDRA NAIK,+971529031759,Al Furjan,503,Al Furjan,Unit,-,2026-08-07 10:44:58.192+00,50,Awaiting availability – anyone who says yes to rent or sell according to the complete flow,"Deciding on selling or renting, asked about source of number","Maya from S Properties called Margesh regarding their unit in Alphurjan, inquiring if they were interested in selling or renting. Margesh indicated they were still deciding, then questioned where S Properties obtained their number. The call concluded after Maya explained they acquired the number from property records.",https://qgxgtavkovqklijfpnfl.supabase.co/storage/v1/object/public/owners_data_second/019fdbd3-56ba-7555-8f8b-6c0fb2c282fd-1786099550882-9f50b13c-f061-40d7-bb0f-4ff56ba991c2-stereo.wav,13183,019fdbd3-56ba-7555-8f8b-6c0fb2c282fd
Hot Seller / Landlord,DANIA UMBETOVA,+971562239565,Montrell Hotel Aprtments,409,Al Furjan,Hotel Apartment,-,2026-08-07 10:27:06.629+00,200,Awaiting availability – anyone who says yes to rent or sell according to the complete flow,"Owns, renting now, open to selling in future, discussed valuation","Maya from AS Properties called Dania about her rented studio apartment, which currently yields 35,000 AED annually. Dania is open to selling if the right offer comes, though not immediately, and has agreed to a call with a senior consultant tomorrow at 2 PM for a free evaluation and market discussion.",https://qgxgtavkovqklijfpnfl.supabase.co/storage/v1/object/public/owners_data_second/019fdbc2-e8fc-7bb7-9c46-3d52c6ae0a33-1786098629290-7234d4f8-b472-4453-959d-c9d2f37b23a4-stereo.wav,13792,019fdbc2-e8fc-7bb7-9c46-3d52c6ae0a33
Hot Seller / Landlord,REHANA BEGUM BASIR KHAN,+971507970248,Azizi Star Hotel Apartments,RETAIL-02,Al Furjan,Unit,-,2026-08-07 07:20:38.013+00,34,Awaiting availability – anyone who says yes to rent or sell according to the complete flow,"Confirmed unit is tenanted, unit not available now","Maya from AS Properties called Rehanah regarding her unit at Azizi Star Hotel Apartments in Al Furjan. Rehanah initially stated the unit was ""not available"" but then clarified it was currently tenanted. The call ended abruptly with the customer hanging up.",https://qgxgtavkovqklijfpnfl.supabase.co/storage/v1/object/public/owners_data_second/019fdb17-da32-7aa3-99a0-5df8f635913e-1786087274371-755acb27-908a-457f-8afd-3eaf0fedd977-stereo.wav,10616,019fdb17-da32-7aa3-99a0-5df8f635913e
Hot Seller / Landlord,DIA YASIN MOHAMAD HAMDAN,+971557647321,Azizi Star Hotel Apartments,921,Al Furjan,Hotel Apartment,-,2026-08-06 12:44:40.116+00,34,Awaiting availability – anyone who says yes to rent or sell according to the complete flow,Confirmed open to selling property,"Maya from Properties called DI to inquire if they were open to selling or renting their unit at Azizi Hotel Apartments. DI indicated they were open to discussing it, but the call ended abruptly before further details could be exchanged.",https://qgxgtavkovqklijfpnfl.supabase.co/storage/v1/object/public/owners_data_second/019fd71a-9a75-7003-8fb8-92d6af6265b6-1786020316630-885f4f23-ffa5-433b-a723-29ae0d966540-stereo.wav,12490,019fd71a-9a75-7003-8fb8-92d6af6265b6
Hot Seller / Landlord,MAJID MUHAMMAD LATIF,+966552541137,Westwood By Imtiaz,1019,Al Furjan,Unit,-,2026-08-06 12:20:00.484+00,148,Awaiting availability – anyone who says yes to rent or sell according to the complete flow,"Wants to sell in December after tenant vacates, call back November 15th","Maya from AS Properties contacted Majid regarding his 1-bedroom unit (800 sq ft) at West by Imtiaz in Al Furjan. The unit is currently rented, and Majid plans to sell it after the tenant vacates around December 20th, with previous offers around AED 1.4 million. A follow-up call with a senior consultant has been scheduled for November 15th to discuss the sales strategy once the unit becomes available.",https://qgxgtavkovqklijfpnfl.supabase.co/storage/v1/object/public/owners_data_second/019fd704-0bd3-7226-91de-759b4b6f843a-1786018951049-e4d7abc0-eed0-4a2a-a520-fd71e5524eb8-stereo.wav,9453,019fd704-0bd3-7226-91de-759b4b6f843a
Hot Seller / Landlord,FRANCIS SIMETHY,+971521151745,Azizi Star Hotel Apartments,327,Al Furjan,Unit,-,2026-08-06 11:51:36.169+00,138,Awaiting availability – anyone who says yes to rent or sell according to the complete flow,"Wants to rent out in December, 2BR at 90000, fully furnished","Maya from AS Properties called Francis regarding his 2-bedroom, fully furnished unit at Azizi Star Hotel Apartments, which is currently rented for 90,000 AED annually and will be available in December. Francis confirmed he intends to rent it out again, not sell, and it is already listed on Bayut. A senior consultant from AS Properties will call Francis tomorrow at the same time to discuss the rental strategy.",https://qgxgtavkovqklijfpnfl.supabase.co/storage/v1/object/public/owners_data_second/019fd6e9-fc2e-7881-b42c-a58bae5bf465-1786017236916-6fa9b8cd-aea9-4b1b-a00b-f81c64cf398b-stereo.wav,9340,019fd6e9-fc2e-7881-b42c-a58bae5bf465
Hot Seller / Landlord,MOHAMMED AASHFEE HAMEED,+971554740611,Azizi. Iris,1101,Al Furjan,Flat,-,2026-08-06 10:27:17.284+00,32,Awaiting availability – anyone who says yes to rent or sell according to the complete flow,"Out of country, requests follow-up after August vacation",Maya from AS Properties called Mohammad regarding his unit at Azizi Iris in Al Furjan to inquire about selling or renting. Mohammad indicated he is currently out of the country on vacation and requested to discuss this after the end of August. Maya acknowledged this and wished him well before the call ended.,https://qgxgtavkovqklijfpnfl.supabase.co/storage/v1/object/public/owners_data_second/019fd69c-27a9-7ff0-9853-d83e15f68f22-1786012072015-31269d3d-d8c5-462a-9cde-360128fa68c7-stereo.wav,11919,019fd69c-27a9-7ff0-9853-d83e15f68f22
Hot Seller / Landlord,ISSAM ELACHHAB,+971506434909,ELITE RESIDENCE,2105,Dubai Marina,Unit,-,2026-08-06 05:14:53.521+00,196,Awaiting availability – anyone who says yes to rent or sell according to the complete flow,"Wants to sell, demanded proper handling, accepted senior consultant call at 2 PM","The AI agent, Maya from AS Properties, called Issa about their property, but the user initially expressed frustration over the AI's informal address and lack of specific property knowledge. After multiple apologies from the AI, the user confirmed interest in selling their property. They agreed to have a senior consultant call them directly at 2 PM today to avoid repeating information.",https://qgxgtavkovqklijfpnfl.supabase.co/storage/v1/object/public/owners_data_second/019fd57e-ad55-711e-97c2-3d116b03ebba-1785993492208-080b310e-dc0c-4805-9b2b-b4bd4a3ccf4e-stereo.wav,32388,019fd57e-ad55-711e-97c2-3d116b03ebba
Hot Seller / Landlord,ASHOK KUMAR KHADKA,+971501501859,Azizi Farishta Residence,306,Al Furjan,Flat,-,2026-08-05 12:13:25.874+00,32,Awaiting availability – anyone who says yes to rent or sell according to the complete flow,Customer agreed can sell or rent out property,Maya from AS Properties called Ashok regarding his unit at Azizi Residence in Al Fujian to inquire about his interest in selling or renting the property. The call ended abruptly before Ashok could fully respond to the offer.,https://qgxgtavkovqklijfpnfl.supabase.co/storage/v1/object/public/owners_data_second/019fd1d7-701f-722e-a5b7-ccce985f156a-1785932040487-d6327d46-3904-4394-910d-3edaf9134eb8-stereo.wav,13254,019fd1d7-701f-722e-a5b7-ccce985f156a
Hot Seller / Landlord,ALKA SANJEEV KATYAL,+971558063978,PEARLZ by Danube,622,Al Furjan,Flat,-,2026-08-05 11:58:42.223+00,200,Awaiting availability – anyone who says yes to rent or sell according to the complete flow,"Owner will rent out in October, requested rent estimate update","AS Properties called Shengi, Alka's husband, regarding their 3-bedroom, fully furnished unit in Alfordjan, which is currently rented and will be vacant in September. Shengi confirmed they intend to rent it out again, not sell, and is looking for a yearly rent of 160,000-165,000, down from the current 180,000. He plans to list it in August/September and requested a market update from AS Properties in October.",https://qgxgtavkovqklijfpnfl.supabase.co/storage/v1/object/public/owners_data_second/019fd1ca-1662-7aa0-b67c-d0e66a3a1b3e-1785931324907-8fdebc2d-81c7-4538-ab2e-e4fa1c2797c7-stereo.wav,11566,019fd1ca-1662-7aa0-b67c-d0e66a3a1b3e
Hot Seller / Landlord,ORKUN TURKMEN,+971565337615,Harmony,#N/A,TILAL AL GHAF,null,-,2026-08-05 11:06:09.125+00,80,Awaiting availability – anyone who says yes to rent or sell according to the complete flow,"Owner renting out 5BR villa, shared price, open to WhatsApp","Maya from AS Properties called Orson Trupman about his 5-bedroom villa in Harmony, Telal Al Ghaf, inquiring if he was open to selling or renting. Orson confirmed the property is already listed for rent with other agencies and offered to share the desired rental price via WhatsApp due to a poor connection. The call ended with Maya agreeing to connect on WhatsApp for further details.",https://qgxgtavkovqklijfpnfl.supabase.co/storage/v1/object/public/owners_data_second/019fd199-e813-7ffa-9688-17356ab96b0e-1785928051711-18d281eb-fc62-448d-aec4-e4791a5b27fa-stereo.wav,8410,019fd199-e813-7ffa-9688-17356ab96b0e
Hot Seller / Landlord,KAMEL MOUHEB,+971501045066,Azizi Plaza Hotel Apartments,620,Al Furjan,Hotel Apartment,-,2026-08-05 09:13:32.586+00,122,Awaiting availability – anyone who says yes to rent or sell according to the complete flow,"Wants to rent out unit, requested WhatsApp follow-up",Maya from AS Property contacted Kamil regarding his unit at Azizi Plaza Hotel Apartments to inquire about selling or renting. Kamil expressed interest in renting out his unit and requested that AS Property send him further details via WhatsApp. Maya confirmed this and offered to have a senior consultant call him to discuss the rental process.,https://qgxgtavkovqklijfpnfl.supabase.co/storage/v1/object/public/owners_data_second/019fd132-b74c-777b-a2c1-0db8884cdc3d-1785921337630-02a7ad18-6f32-4ff2-a0ba-6f0a18f7ae67-stereo.wav,10956,019fd132-b74c-777b-a2c1-0db8884cdc3d
Hot Seller / Landlord,MOHAMAD KASSAM MOHAMAD AMIN,+971506514234,STARZ TOWER by DANUBE,106,Al Furjan,Flat,-,2026-08-05 08:59:11.173+00,56,Awaiting availability – anyone who says yes to rent or sell according to the complete flow,"Wants to sell studio, requested agent do more research","Maya from AS Properties called Mohammed regarding his studio unit at Starz Tower by Danube to inquire if he was interested in selling or renting. Mohammed confirmed he wanted to sell, and Maya provided a price range of 450,000 to 550,000 dirhams. Mohammed was dissatisfied with this estimate, stating Maya needed to do more research, and subsequently ended the call.",https://qgxgtavkovqklijfpnfl.supabase.co/storage/v1/object/public/owners_data_second/019fd125-aaa8-7006-9ab5-b7bc0ed3a5d8-1785920409803-0971bb1c-4db0-4b9c-846b-90eeb455f5d3-stereo.wav,11270,019fd125-aaa8-7006-9ab5-b7bc0ed3a5d8
Hot Seller / Landlord,BAPURAO RAMCHANDRA BHOSLE,+971567225662,STARZ TOWER by DANUBE,815,Al Furjan,Flat,-,2026-08-05 07:58:51.532+00,38,Awaiting availability – anyone who says yes to rent or sell according to the complete flow,"In process of renting unit, asked to call later","Maya from AS Properties called Barbara about her unit at Star Tower to inquire if she was interested in selling or renting it. Barbara informed Maya that she was already in the process of renting the unit and was currently in a meeting, requesting a call back later.",https://qgxgtavkovqklijfpnfl.supabase.co/storage/v1/object/public/owners_data_second/019fd0ee-8e2c-7447-8d53-41c2968079c9-1785916772302-b9fc41e5-458e-4075-b104-914cf11c5150-stereo.wav,11252,019fd0ee-8e2c-7447-8d53-41c2968079c9
Hot Seller / Landlord,BAYRIN BARTU GUZEL,+971506240203,Jumeirah Business Centre 5,609,Jumeirah Lake Towers (JLT),Apartment,-,2026-08-05 07:19:56.779+00,39,Awaiting availability – anyone who says yes to rent or sell according to the complete flow,"Property already leased, owner currently on holiday",,https://qgxgtavkovqklijfpnfl.supabase.co/storage/v1/object/public/call_recordings_16july/019fd0ca-b078-7997-9ff5-8c150982d685-1785914438130-a0f2e272-5694-4a55-bc45-c6cdf2aa3524-stereo.wav,34891,019fd0ca-b078-7997-9ff5-8c150982d685
Hot Seller / Landlord,MUHAMMAD ARIF PARDESI ABOOBAKER CASSIM,+971555777786,Fortune Executive Tower,709,Jumeirah Lake Towers (JLT),Apartment,-,2026-08-05 07:06:27.697+00,33,Awaiting availability – anyone who says yes to rent or sell according to the complete flow,"Agreed to WhatsApp, unsure on sell or rent, offered own number",,https://qgxgtavkovqklijfpnfl.supabase.co/storage/v1/object/public/call_recordings_16july/019fd0be-8632-7ff6-8cec-f1aa2a441ec8-1785913623370-3b3a5862-78ab-4b24-b4a1-6c8096556458-stereo.wav,35105,019fd0be-8632-7ff6-8cec-f1aa2a441ec8
Hot Seller / Landlord,TULSI KEWALRAM SAMBHWANI KEWALRAM POHUMAL SAMBHWANI,+971527651111,Alaya,#N/A,TILAL AL GHAF,Land,-,2026-08-05 06:05:25.371+00,49,Awaiting availability – anyone who says yes to rent or sell according to the complete flow,"Wants to sell unit, asked about achievable price",Maya from AS Properties contacted Tulsi regarding her unit at Alaya in Telal Algarve to inquire if she was interested in selling or renting. Tulsi confirmed her interest in selling the property and asked about potential pricing. Maya began to gather more details to provide an accurate valuation before the call was ended by the customer.,https://qgxgtavkovqklijfpnfl.supabase.co/storage/v1/object/public/owners_data_second/019fd086-af6a-7009-bb31-7f33658cd4f6-1785909977105-6cd086f2-0506-4675-83cc-f9ba83ac7523-stereo.wav,7146,019fd086-af6a-7009-bb31-7f33658cd4f6
Hot Seller / Landlord,ADULAZIZ HASSAN A A AL MOHANNADI,+971557057733,Mag 214 Tower,1601,Jumeirah Lake Towers (JLT),Apartment,-,2026-08-05 03:31:45.944+00,0,Awaiting availability – anyone who says yes to rent or sell according to the complete flow,"Confirmed yes to sell or rent, requested WhatsApp follow-up",,https://qgxgtavkovqklijfpnfl.supabase.co/storage/v1/object/public/call_recordings_16july/019fd073-e8d6-7997-9d6d-31cbc7e2cf4b-1785908760411-e29f604d-7184-43a9-a335-1444653c6ff1-stereo.wav,35177,
Hot Seller / Landlord,SHEIKH MAQSOOD RASHID AHMED SHEIKH RASHID AHMED,+971506449581,Tamweel Tower,704,Jumeirah Lake Towers (JLT),Apartment,-,2026-08-05 03:30:54.847+00,0,Awaiting availability – anyone who says yes to rent or sell according to the complete flow,"Shared rental income, property details, open to good offer to sell",,https://qgxgtavkovqklijfpnfl.supabase.co/storage/v1/object/public/owners_data_second/01a0285e-1e5e-7ee3-9fbc-8cefce7cb88e-1787383871591-9004c583-d804-4dd9-b35a-45655b329374-stereo.wav,34990,
Hot Seller / Landlord,BENOIT PROVOST MC NAMARA,+971569972481,ELITE RESIDENCE,3906,Dubai Marina,Unit,-,2026-08-04 11:01:54.686+00,55,Awaiting availability – anyone who says yes to rent or sell according to the complete flow,"Open to selling or renting, requested agency info, then ended call","Maya from AS Properties called Benoit about his unit at Elite Residence to inquire if he was interested in selling or renting it. Benoit expressed potential interest but then asked about the agency's services. After Maya explained, Benoit abruptly ended the call, stating he already had other agents.",https://qgxgtavkovqklijfpnfl.supabase.co/storage/v1/object/public/owners_data_third/019fcc6f-cbcc-7ccf-a0f0-489140d4fcca-1785841372336-b2944cc0-d655-4eda-aeb1-b41858d751a8-stereo.wav,33304,019fcc6f-cbcc-7ccf-a0f0-489140d4fcca
Hot Seller / Landlord,EKATERINA TELESH,+971508903943,SABA 2,2508,Jumeirah Lake Towers (JLT),Apartment,-,2026-08-04 09:32:47.562+00,11,Awaiting availability – anyone who says yes to rent or sell according to the complete flow,"Wants to sell, prefers text, agrees to service commission","The AI misidentified the user, asking if they were Max. The user corrected the AI, stating they were not Maxim and that Maxim is male, after which the call ended.",https://qgxgtavkovqklijfpnfl.supabase.co/storage/v1/object/public/owners_data_third/019fcc1e-39b6-722e-93e7-6cf64c0cf330-1785835981179-b16ee209-300e-46a9-b97c-a4d80cc5cb8d-stereo.wav,22886,019fcc1e-39b6-722e-93e7-6cf64c0cf330
Hot Seller / Landlord,KHABAB AHMAD KHAN,+971585584200,DEC TOWERS T2,P2-24,Dubai Marina,Unit,-,2026-08-04 09:32:41.217+00,165,Awaiting availability – anyone who says yes to rent or sell according to the complete flow,"Asked sale price for studio in Dubai Marina, then ended call","Maya from AS Properties called KJ Babb regarding their studio property in Dubai Marina, initially lacking specific details which the user highlighted. After confirming the property type, Maya offered a price range of 450,000 to 550,000 dirhams. The user found this price unacceptable and ended the call.",https://qgxgtavkovqklijfpnfl.supabase.co/storage/v1/object/public/owners_data_third/019fcc1e-108b-7662-af46-abdc2d3687b2-1785836128332-4a37c49f-fca0-4afe-b031-4db7e068d54c-stereo.wav,33558,019fcc1e-108b-7662-af46-abdc2d3687b2
Hot Seller / Landlord,ABDULSAMAD ABDULNABI GHULAM RASOUL ALBLOOSHI,+971581666661,Sulafa Tower,3104,Dubai Marina,Flat,-,2026-08-04 08:53:20.556+00,216,Awaiting availability – anyone who says yes to rent or sell according to the complete flow,"Wants to sell 2BR, discussed price, prefers weekday after 6 PM","Maya from Properties called Abidul Samad about his tenanted 2-bedroom unit at Sulafar Tower, which he is considering selling for around 2 million. Although he previously listed it with other agents whose contracts have expired, he is open to discussing options. A senior consultant will call him tomorrow after 6 PM to further discuss selling his property.",https://qgxgtavkovqklijfpnfl.supabase.co/storage/v1/object/public/owners_data_third/019fcbfa-09d8-7990-9967-0a1b183cd6a4-1785833819065-24354d53-0ec1-42ee-b2cc-649285369826-stereo.wav,33871,019fcbfa-09d8-7990-9967-0a1b183cd6a4
Hot Seller / Landlord,KENNETH ANDREW LE CLAIRE,+971508595718,Gold Tower,B3-35-11,Jumeirah Lake Towers (JLT),Apartment,-,2026-08-04 08:16:04.218+00,28,Awaiting availability – anyone who says yes to rent or sell according to the complete flow,"Wants to rent out, provided price, became frustrated about property type","Maya from AS Properties called Baljit regarding his unit at Marina Sailing Dubai Marina, inquiring if he was interested in selling or renting it. Baljit declined, stating that the unit was already rented.",https://qgxgtavkovqklijfpnfl.supabase.co/storage/v1/object/public/owners_data_third/019fcbd7-db55-7bb7-bc35-ac7ea9058d4e-1785831394395-57d78f43-3937-4ff2-ab7f-534d516f82ef-stereo.wav,27390,019fcbd7-db55-7bb7-bc35-ac7ea9058d4e
Hot Seller / Landlord,VALERIAN STEPHAN DSOUZA XAVIER DSOUZA,+971509799380,Elan,A263,TILAL AL GHAF,Building,-,2026-08-04 07:45:13.745+00,191,Awaiting availability – anyone who says yes to rent or sell according to the complete flow,"Wants to sell then became hostile, told agent to get out","Maya from AS Properties called Valerian to inquire about selling their 5-bedroom unit at Ilan in Telal Al Ghaff, for which Valerian indicated a price range of 2,000,000. The call became confused and ended abruptly after Valerian questioned if the caller was AI and became agitated.",https://qgxgtavkovqklijfpnfl.supabase.co/storage/v1/object/public/owners_data_second/019fcbbb-a003-799e-b3f1-03731ce15ae1-1785829707846-040c6608-58f1-4d1c-833d-c1f00508e80b-stereo.wav,8694,019fcbbb-a003-799e-b3f1-03731ce15ae1
Hot Seller / Landlord,ALI ABDULLA MURAD ABDULLA,+971506249009,Sulafa Tower,2807,Dubai Marina,Flat,-,2026-08-04 06:59:18.805+00,53,Awaiting availability – anyone who says yes to rent or sell according to the complete flow,"Owner, has agent, property actively listed for sale",,https://qgxgtavkovqklijfpnfl.supabase.co/storage/v1/object/public/call_recordings_16july/019fcb90-efb6-799b-9dbd-90c1359ac821-1785826814181-acb671d7-c962-4d80-90b9-a77b8ecbf66b-stereo.wav,32526,019fcb90-efb6-799b-9dbd-90c1359ac821
Hot Seller / Landlord,ALESSIA LEVI,+971509803611,DEC TOWERS T2,P2-29,Dubai Marina,Flat,-,2026-08-04 06:53:07.388+00,200,Awaiting availability – anyone who says yes to rent or sell according to the complete flow,Open to selling Marina and Discovery Gardens units at high price,,https://qgxgtavkovqklijfpnfl.supabase.co/storage/v1/object/public/call_recordings_16july/019fcb8b-e0f0-7771-9787-7a24c27eedde-1785826590024-4f6d33af-bcb7-4b55-8793-604162da2133-stereo.wav,32543,019fcb8b-e0f0-7771-9787-7a24c27eedde
Hot Seller / Landlord,MIRIAM GERTRUD HAAS,+971504565659,Sulafa Tower,2006,Dubai Marina,Flat,-,2026-08-04 05:04:03.635+00,32,Awaiting availability – anyone who says yes to rent or sell according to the complete flow,Asked about price for Sulafa Tower unit,"Maya from AS Properties contacted Miriam regarding her unit at Sulafa Tower, Dubai Marina, to inquire about her interest in selling or renting the property. Miriam immediately asked about the price, to which Maya responded by attempting to confirm the number of bedrooms before providing a range. The call ended abruptly before these details could be confirmed or a price discussed.",https://qgxgtavkovqklijfpnfl.supabase.co/storage/v1/object/public/owners_data_third/019fcb28-2099-7cc5-9358-d3065e4cadb2-1785819878491-5cd8d722-1ef2-4efc-b98e-1b0e50439046-stereo.wav,32809,019fcb28-2099-7cc5-9358-d3065e4cadb2
Hot Seller / Landlord,DARYOUSH MOHAMMAD RASHIDIAN,+971506360239,Torch Tower,2308,Dubai Marina,Flat,-,2026-08-03 13:22:47.799+00,96,Awaiting availability – anyone who says yes to rent or sell according to the complete flow,"Wants to rent out unit, asked for WhatsApp follow-up, in a rush",Maya from AS Properties called Darius regarding his property unit at Torchstar in Dubai Marina to inquire about selling or renting. Darius confirmed he wants to rent out his 2-bedroom unit but was in a rush and requested all information be sent via WhatsApp instead of discussing over the phone. The call ended abruptly when Darius hung up before Maya could finish speaking.,https://qgxgtavkovqklijfpnfl.supabase.co/storage/v1/object/public/owners_data_third/019fc7ca-38a6-7999-9dff-3314c48b24d8-1785763466710-71a3455e-bc68-4af7-a13c-0935b6c81708-stereo.wav,33682,019fc7ca-38a6-7999-9dff-3314c48b24d8
Buyer Lead,SERGEI NEVEROV,+971523971417,DREAM TOWER,1401,Dubai Marina,Unit,-,2026-08-03 11:59:23.881+00,122,Create buyers lead – Anyone who wants to buy put in this,"Wants to buy studio or 1BR, Marina, budget under 800k AED",,https://qgxgtavkovqklijfpnfl.supabase.co/storage/v1/object/public/call_recordings_16july/019fc77e-02b7-755e-b440-278fff9d0b3c-1785758488945-6cfe2499-878c-4adf-aa0a-ddf5339b0ba1-stereo.wav,33642,019fc77e-02b7-755e-b440-278fff9d0b3c
Hot Seller / Landlord,RUSLAN KALIUZHNYI,+971554644252,Torch Tower,1003,Dubai Marina,Unit,-,2026-08-03 11:34:46.269+00,0,Awaiting availability – anyone who says yes to rent or sell according to the complete flow,"Confirmed unit for sale, exclusively listed with another agent",,https://qgxgtavkovqklijfpnfl.supabase.co/storage/v1/object/public/owners_data_second/01a03886-f76f-7ff1-a31d-9525d715aef4-1787654836641-647199e3-ea86-409d-b0cd-4ebe2a993bcc-stereo.wav,33622,
Hot Seller / Landlord,SANJAY CHATURVEDI SUBHASH CHATURVEDI,+971507453259,ELITE RESIDENCE,7103,Dubai Marina,Unit,-,2026-08-03 11:34:36.296+00,0,Awaiting availability – anyone who says yes to rent or sell according to the complete flow,Asked for price on Elite Residence unit,,https://qgxgtavkovqklijfpnfl.supabase.co/storage/v1/object/public/owners_data_second/01a061cb-c1b8-7000-8cf1-4132b9888630-1788347178287-6830f1c5-e458-4779-a634-0a4981041f69-stereo.wav,33585,01a047eb-c39a-7eee-a40f-f0ccc5e4607a
Hot Seller / Landlord,SANJAY CHATURVEDI SUBHASH CHATURVEDI,+971507453259,ELITE RESIDENCE,7103,Dubai Marina,Unit,-,2026-08-03 11:34:36.296+00,0,Awaiting availability – anyone who says yes to rent or sell according to the complete flow,Asked for price on Elite Residence unit,,https://qgxgtavkovqklijfpnfl.supabase.co/storage/v1/object/public/owners_data_second/01a061cb-c1b8-7000-8cf1-4132b9888630-1788347178287-6830f1c5-e458-4779-a634-0a4981041f69-stereo.wav,33585,019fcc62-6e85-788f-ba09-6ac34e83c0fa
Hot Seller / Landlord,ARISTIDES JAVIER IRIARTE VALBUENA,+971564559124,Sulafa Tower,4105,Dubai Marina,Unit,-,2026-08-03 11:34:07.33+00,0,Awaiting availability – anyone who says yes to rent or sell according to the complete flow,"Wants to rent out in 1 month, 1 bed, minimum 85000 AED",,https://qgxgtavkovqklijfpnfl.supabase.co/storage/v1/object/public/owners_data_second/01a02837-822f-7996-9a3a-b758d162e114-1787381285563-1cefc1a9-a848-4df1-9e24-8d7d1af697c3-stereo.wav,33422,019fcb55-a291-7aae-bb93-166b0cab8747
Hot Seller / Landlord,JAIDEEP GOBINDRAM BAHIRWANI,+971504581568,DEC TOWERS T1,T1-1004,Dubai Marina,Unit,-,2026-08-03 11:33:48.151+00,0,Awaiting availability – anyone who says yes to rent or sell according to the complete flow,"Wants to rent out 1BR, asked to be informed if clients found",,https://qgxgtavkovqklijfpnfl.supabase.co/storage/v1/object/public/owners_data_second/01a02316-8a9b-744f-8e05-a7faf2d8b807-1787295133700-4eb08427-6005-43a4-9b23-af1a68dce82c-stereo.wav,33365,01a0150d-5f9f-7221-8754-7dc9d4c79c22
Hot Seller / Landlord,JAIDEEP GOBINDRAM BAHIRWANI,+971504581568,DEC TOWERS T1,T1-1004,Dubai Marina,Unit,-,2026-08-03 11:33:48.151+00,0,Awaiting availability – anyone who says yes to rent or sell according to the complete flow,"Wants to rent out 1BR, asked to be informed if clients found",,https://qgxgtavkovqklijfpnfl.supabase.co/storage/v1/object/public/owners_data_second/01a02316-8a9b-744f-8e05-a7faf2d8b807-1787295133700-4eb08427-6005-43a4-9b23-af1a68dce82c-stereo.wav,33365,019fc793-5ce1-700e-a8d9-3c45af232d2e
Hot Seller / Landlord,DEEPESH LALJI LAXMAN,+971504536215,DEC TOWERS T2,T2-1302,Dubai Marina,Unit,-,2026-08-03 11:32:32.37+00,0,Awaiting availability – anyone who says yes to rent or sell according to the complete flow,"Wants to rent out unit, shared rental rate, open to discussion",,https://qgxgtavkovqklijfpnfl.supabase.co/storage/v1/object/public/owners_data_second/01a03cf7-64d1-7557-9f36-56b8f96edb2c-1787729367352-bd6550eb-3d82-4258-9d02-94d9fc86c97b-stereo.wav,32959,019fcc00-6cb2-722b-9fea-99afd758cef5
Hot Seller / Landlord,MEHDI VAHABI,+971505083283,ELITE RESIDENCE,7404,Dubai Marina,Flat,-,2026-08-03 11:32:32.37+00,0,Awaiting availability – anyone who says yes to rent or sell according to the complete flow,Will sell or rent after renovation in one month,,https://qgxgtavkovqklijfpnfl.supabase.co/storage/v1/object/public/owners_data_second/01a05754-a865-799a-8861-7203192b92ef-1788171619100-985053f3-f5e1-405a-8829-d14ce9adfe98-stereo.wav,32968,019fcc02-32a2-7111-b71d-9c9beb77bf18
Hot Seller / Landlord,MEHDI VAHABI,+971505083283,ELITE RESIDENCE,7404,Dubai Marina,Flat,-,2026-08-03 11:32:32.37+00,0,Awaiting availability – anyone who says yes to rent or sell according to the complete flow,Will sell or rent after renovation in one month,,https://qgxgtavkovqklijfpnfl.supabase.co/storage/v1/object/public/owners_data_second/01a05754-a865-799a-8861-7203192b92ef-1788171619100-985053f3-f5e1-405a-8829-d14ce9adfe98-stereo.wav,32968,01a03cea-fdf8-7771-bafc-2d0ce128674b
Buyer Lead,YASSER AHMED ISMAIL ISMAIL ALBROLISY,+971507446584,Torch Tower,3306,Dubai Marina,Flat,-,2026-08-03 11:31:24.573+00,0,Create buyers lead – Anyone who wants to buy put in this,Asked for WhatsApp follow-up about investment options,,https://qgxgtavkovqklijfpnfl.supabase.co/storage/v1/object/public/owners_data_second/01a029ab-9468-7ffc-a7ee-c19eee222d84-1787405595064-7ee73860-cca3-46c7-848b-1fdae7264a5d-stereo.wav,32584,019fcb86-2baf-7bb7-b8ef-cab6ab7fa21b
Hot Seller / Landlord,ALPESH VINODRAI TANNA,+971556670078,Sulafa Tower,5007,Dubai Marina,Flat,-,2026-08-03 11:31:15.313+00,0,Awaiting availability – anyone who says yes to rent or sell according to the complete flow,"Wants to rent out unit, set rent, later said not interested",,https://qgxgtavkovqklijfpnfl.supabase.co/storage/v1/object/public/owners_data_second/01a04284-19b9-7113-a0a2-b9efc8222c1b-1787822476158-4c1f6a95-817a-4608-8908-a5d82265c4b9-stereo.wav,32563,019fcb94-18c9-7446-a391-1b0fcfc0b9f7
Hot Seller / Landlord,ALPESH VINODRAI TANNA,+971556670078,Sulafa Tower,5007,Dubai Marina,Flat,-,2026-08-03 11:31:15.313+00,0,Awaiting availability – anyone who says yes to rent or sell according to the complete flow,"Wants to rent out unit, set rent, later said not interested",,https://qgxgtavkovqklijfpnfl.supabase.co/storage/v1/object/public/owners_data_second/01a04284-19b9-7113-a0a2-b9efc8222c1b-1787822476158-4c1f6a95-817a-4608-8908-a5d82265c4b9-stereo.wav,32563,01a032e2-25b7-766c-b429-158ced5fa1cf
Hot Seller / Landlord,MOHAMMED AKTER FARUK GOLAM MOSTOFA,+971527547999,Torch Tower,2712,Dubai Marina,Flat,-,2026-08-03 11:31:05.818+00,0,Awaiting availability – anyone who says yes to rent or sell according to the complete flow,"Wants to rent out 1BR, fully furnished, 100k annual, other agents listed",,https://qgxgtavkovqklijfpnfl.supabase.co/storage/v1/object/public/owners_data_second/01a023b6-8883-7448-8aa0-34034d93832b-1787305674173-1e0b17fa-bd95-4542-b9d7-ba58631f2330-stereo.wav,32484,019fcb3a-db5b-7332-ad01-0df354da0a3e
Hot Seller / Landlord,VANITA HIROO ALIMCHANDANI KARTAR GOBINDRAM CHHUGANI,+971567893890,ELITE RESIDENCE,6701,Dubai Marina,Unit,-,2026-08-03 11:30:46.403+00,0,Awaiting availability – anyone who says yes to rent or sell according to the complete flow,"Asked if buyers exist, requested call back to decide sell or rent",,https://qgxgtavkovqklijfpnfl.supabase.co/storage/v1/object/public/owners_data_second/01a0133e-b8f0-722e-9e7a-b3e35d200278-1787029466383-f05148c5-8f07-45a9-975f-a9e1eaeeda66-stereo.wav,32372,01a02942-e93c-766c-9862-ba4fd0e3bb44
Hot Seller / Landlord,ISSAM ELACHHAB,+971506434909,ELITE RESIDENCE,2105,Dubai Marina,Unit,-,2026-08-03 11:30:46.403+00,0,Awaiting availability – anyone who says yes to rent or sell according to the complete flow,"Wants to sell, demanded proper handling, accepted senior consultant call at 2 PM",,https://qgxgtavkovqklijfpnfl.supabase.co/storage/v1/object/public/owners_data_second/019fd57e-ad55-711e-97c2-3d116b03ebba-1785993492208-080b310e-dc0c-4805-9b2b-b4bd4a3ccf4e-stereo.wav,32388,019fc76c-c65c-7000-8601-150fafc63c24
Hot Seller / Landlord,ALLAN MOBERG,+971562322122,AETERNITAS TOWER,5901,Dubai Marina,Unit,-,2026-08-03 11:30:13.372+00,0,Awaiting availability – anyone who says yes to rent or sell according to the complete flow,"neutral - Wants to rent out Etonitas Tower, unit still under construction",,https://qgxgtavkovqklijfpnfl.supabase.co/storage/v1/object/public/owners_data_second/01a0a487-0bc8-7000-8428-74e4d2b758d9-1789466762983-3329637b-8679-4697-a70e-dcf1d6ec14d2-stereo.wav,32302,019fcbe3-50ad-7ff9-af2f-82d287b0d701
Hot Seller / Landlord,ALLAN MOBERG,+971562322122,AETERNITAS TOWER,5901,Dubai Marina,Unit,-,2026-08-03 11:30:13.372+00,0,Awaiting availability – anyone who says yes to rent or sell according to the complete flow,"neutral - Wants to rent out Etonitas Tower, unit still under construction",,https://qgxgtavkovqklijfpnfl.supabase.co/storage/v1/object/public/owners_data_second/01a0a487-0bc8-7000-8428-74e4d2b758d9-1789466762983-3329637b-8679-4697-a70e-dcf1d6ec14d2-stereo.wav,32302,01a03906-ab36-7551-acee-813ba76ea15e
Hot Seller / Landlord,ALLAN MOBERG,+971562322122,AETERNITAS TOWER,5901,Dubai Marina,Unit,-,2026-08-03 11:30:13.372+00,0,Awaiting availability – anyone who says yes to rent or sell according to the complete flow,"neutral - Wants to rent out Etonitas Tower, unit still under construction",,https://qgxgtavkovqklijfpnfl.supabase.co/storage/v1/object/public/owners_data_second/01a0a487-0bc8-7000-8428-74e4d2b758d9-1789466762983-3329637b-8679-4697-a70e-dcf1d6ec14d2-stereo.wav,32302,019fda98-b1a8-788c-b11a-f7fa4e53a587
Hot Seller / Landlord,ALLAN MOBERG,+971562322122,AETERNITAS TOWER,5901,Dubai Marina,Unit,-,2026-08-03 11:30:13.372+00,0,Awaiting availability – anyone who says yes to rent or sell according to the complete flow,"neutral - Wants to rent out Etonitas Tower, unit still under construction",,https://qgxgtavkovqklijfpnfl.supabase.co/storage/v1/object/public/owners_data_second/01a0a487-0bc8-7000-8428-74e4d2b758d9-1789466762983-3329637b-8679-4697-a70e-dcf1d6ec14d2-stereo.wav,32302,019fad94-3ac8-722b-9894-4541f7717dd7
Hot Seller / Landlord,ALLAN MOBERG,+971562322122,AETERNITAS TOWER,5901,Dubai Marina,Unit,-,2026-08-03 11:30:13.372+00,0,Awaiting availability – anyone who says yes to rent or sell according to the complete flow,"neutral - Wants to rent out Etonitas Tower, unit still under construction",,https://qgxgtavkovqklijfpnfl.supabase.co/storage/v1/object/public/owners_data_second/01a0a487-0bc8-7000-8428-74e4d2b758d9-1789466762983-3329637b-8679-4697-a70e-dcf1d6ec14d2-stereo.wav,32302,019fea11-d6e8-7886-8504-65e48fbdf5c9
Hot Seller / Landlord,ALLAN MOBERG,+971562322122,AETERNITAS TOWER,5901,Dubai Marina,Unit,-,2026-08-03 11:30:13.372+00,0,Awaiting availability – anyone who says yes to rent or sell according to the complete flow,"neutral - Wants to rent out Etonitas Tower, unit still under construction",,https://qgxgtavkovqklijfpnfl.supabase.co/storage/v1/object/public/owners_data_second/01a0a487-0bc8-7000-8428-74e4d2b758d9-1789466762983-3329637b-8679-4697-a70e-dcf1d6ec14d2-stereo.wav,32302,019fbd2a-19c1-711d-a2ea-2c62491f2d8e
Hot Seller / Landlord,SUSAN JANE GAMSBY,+971555141732,Elan,B235,TILAL AL GHAF,Building,-,2026-08-03 10:37:30.884+00,10,Awaiting availability – anyone who says yes to rent or sell according to the complete flow,Both husband and wife are property owners,The AI initiated the call by asking to speak with Susan. The user stated they were not Susan and asked about the reason for the call before the interaction concluded.,https://qgxgtavkovqklijfpnfl.supabase.co/storage/v1/object/public/owners_data_second/019fc732-f955-766d-aba1-e2b99ae962c0-1785753463924-4877369a-11fc-450d-8609-1f1055369b06-stereo.wav,4334,019fc732-f955-766d-aba1-e2b99ae962c0
Hot Seller / Landlord,NADEEM AHMED KHANZADAH AHMED HASAN KHANZADAH,+971506500121,Elan,B007,TILAL AL GHAF,Building,-,2026-08-03 08:51:57.626+00,9,Awaiting availability – anyone who says yes to rent or sell according to the complete flow,"Rented for 1 year, open to selling after that","An AI attempted to contact Nadim, but the call went directly to voicemail. The AI began to leave a message, but the call disconnected before it could finish.",https://qgxgtavkovqklijfpnfl.supabase.co/storage/v1/object/public/owners_data_second/019fc6d2-48ef-7cc9-a26b-9e353e2bcb1a-1785747128951-f2e37ee3-0445-4d57-8b1f-414334018f60-stereo.wav,4500,019fc6d2-48ef-7cc9-a26b-9e353e2bcb1a
Hot Seller / Landlord,EMADADDIN GHANEM,+971544446044,Aura,TAG-AUR-3-A047,TILAL AL GHAF,Villa,-,2026-08-03 06:46:07.349+00,23,Awaiting availability – anyone who says yes to rent or sell according to the complete flow,"Currently selling Aura unit, sale in final stage, moving out","The call was initiated by an AI asking to speak with Emma Arden. No response was received, and the call subsequently timed out due to silence.",https://qgxgtavkovqklijfpnfl.supabase.co/storage/v1/object/public/owners_data_second/019fc65e-c80f-766d-a2b4-2907245c9fd0-1785739593302-f1a25332-9823-4f0b-8475-d3490549d56d-stereo.wav,8162,019fc65e-c80f-766d-a2b4-2907245c9fd0
Hot Seller / Landlord,SHEIKH MAQSOOD RASHID AHMED SHEIKH RASHID AHMED,+971506449581,Tamweel Tower,704,Jumeirah Lake Towers (JLT),Apartment,-,2026-08-01 10:30:48.84+00,0,Awaiting availability – anyone who says yes to rent or sell according to the complete flow,"Wants to sell, shared price, gave property details, asked company identity",,https://qgxgtavkovqklijfpnfl.supabase.co/storage/v1/object/public/call_recordings_16july/019fbce6-dda0-7bb5-b590-54ece10d0aa5-1785580894852-2b861720-db1b-4b91-92b4-98ed82312e65-stereo.wav,34811,
Hot Seller / Landlord,ABDULMOHSEN IBRAHIM A ALHOGAIL,+447711098897,New Dubai Gate 1,212,Jumeirah Lake Towers (JLT),Apartment,-,2026-08-01 10:30:30.1+00,0,Awaiting availability – anyone who says yes to rent or sell according to the complete flow,"Open to selling, asked if buyer available",,https://qgxgtavkovqklijfpnfl.supabase.co/storage/v1/object/public/owners_data_third/019fbd18-f4a1-7991-bd1a-f2f9c26c285e-1785584061290-9bee5683-5324-458b-85fb-9238efda128a-stereo.wav,34729,
Hot Seller / Landlord,HUMAID AHMEDNOOR MOHAMMED ALATTAR,+971505534299,Elan,B525,TILAL AL GHAF,Villa,-,2026-08-01 10:27:20.415+00,106,Awaiting availability – anyone who says yes to rent or sell according to the complete flow,"Wants offer for sale or rent, insisted WhatsApp only, no more calls","Maya from AS called Humayd to inquire about selling or renting his 3-bedroom unit at Elan in Telal Algarve. Humayd confirmed the unit is available and he is open to both options, but strictly requested all future communication, including offers, be sent via WhatsApp only, with no further calls. The call ended with Humayd reiterating his demand for no more calls.",https://qgxgtavkovqklijfpnfl.supabase.co/storage/v1/object/public/owners_data_second/019fbcdd-0515-7991-bc40-5ae374676110-1785580148804-0d9584f5-3248-4696-8897-e7937ea5efbd-stereo.wav,6789,019fbcdd-0515-7991-bc40-5ae374676110
Hot Seller / Landlord,MORSI AHMED FOUAD MORSI,+971506544383,Harmony,TAG-HAR-1-238,TILAL AL GHAF,General Use,-,2026-08-01 08:12:47.299+00,184,Awaiting availability – anyone who says yes to rent or sell according to the complete flow,"Owner has 3 units, will sell when ready next year","The call began with an inquiry about a unit at Harmony in Telal ALGAF, which the user, Morsi, confirmed was already sold. Morsi then informed the AI that he has two units at MAC Riverside, ready in December and March next year, and one 5-bedroom semi-detached unit at MAC Island, all of which he intends to sell upon completion. The AI will have a senior consultant contact Morsi via WhatsApp to discuss these properties further.",https://qgxgtavkovqklijfpnfl.supabase.co/storage/v1/object/public/owners_data_second/019fbc61-cb57-733b-93e4-391d657bf96e-1785572154045-edccd124-83b1-4a01-929d-82ec4033fe64-stereo.wav,6565,019fbc61-cb57-733b-93e4-391d657bf96e
Hot Seller / Landlord,ANAND SAMIMALAI,+971564604526,Elan,B281,TILAL AL GHAF,Villa,-,2026-07-30 13:44:45.305+00,62,Awaiting availability – anyone who says yes to rent or sell according to the complete flow,"Asked for valuation, corrected estimate, expects follow-up","Maya from AS Properties called Anand regarding his 3-bedroom townhouse in Tilal Al Ghaf to inquire about selling or renting. Maya provided a price estimate of 2.1-2.4 million dirhams, but Anand disagreed, stating the property is worth around 4 million dirhams and asked Maya to verify the pricing before calling back.",https://qgxgtavkovqklijfpnfl.supabase.co/storage/v1/object/public/owners_data_second/019fb344-f8c7-700b-9229-cf07ff31eb57-1785419149825-2262dc97-6e05-447f-929c-e322671cbaa2-stereo.wav,6314,019fb344-f8c7-700b-9229-cf07ff31eb57
Hot Seller / Landlord,NEDDA IQBAL,+971555917507,Elysian Mansions,#N/A,TILAL AL GHAF,null,-,2026-07-30 09:31:16.705+00,178,Awaiting availability – anyone who says yes to rent or sell according to the complete flow,Willing to sell if buyer matches 40M for rare mansion unit,"Maya from AS Properties called Nida regarding her unit at Alishan Mansions in Telal Al Ghaff, inquiring about selling or renting. Nida clarified she is only interested in selling her specific, rare unit (one of 11 in the master plan, unit 3005, 5-6 bedroom mansion) for approximately 40 million. Maya confirmed she would only reach out when a genuine buyer matching these criteria is found.",https://qgxgtavkovqklijfpnfl.supabase.co/storage/v1/object/public/owners_data_second/019fb25d-0c28-799b-ad2d-f18e456797b6-1785404056964-0e3c087b-1a63-49cc-afe6-0b53a6e90db7-stereo.wav,5927,019fb25d-0c28-799b-ad2d-f18e456797b6
Hot Seller / Landlord,Farjo; Omar N.A.,+971508559507,Dubai Arch Tower (G1),1115,Jumeirah Lakes Towers,Residential,-,2026-07-30 07:07:09.557+00,82,Awaiting availability – anyone who says yes to rent or sell according to the complete flow,"Confirmed open to selling but wants no listing, unit is rented","Maya from AS Properties contacted Farjo about their unit at Dubai Ashtower g 1 in Jumeirah Lakes Towers to inquire about selling or renting. Farjo indicated they wish to sell the unit privately, not through a listing, and confirmed it is currently rented. The call ended with Maya acknowledging Farjo's preferences and offering future assistance if their needs change.",https://qgxgtavkovqklijfpnfl.supabase.co/storage/v1/object/public/owners_data_third/019fb1d9-038c-7112-9078-17a59bd2dd4b-1785395314036-fb73b28b-8256-404b-9b6b-d01090dd5cd4-stereo.wav,30513,019fb1d9-038c-7112-9078-17a59bd2dd4b
Hot Seller / Landlord,HAREESH REDDY JINNA RAJI REDDY JINNA,+971589447897,Nadine Residences,601,Al Furjan,Unit,-,2026-07-30 07:06:17.658+00,146,Awaiting availability – anyone who says yes to rent or sell according to the complete flow,"Wants to rent out, shared price, open to WhatsApp from consultant","Maya from AS Properties called Harish regarding his 2-bedroom plus maid unit at Nadine Residences, which will be vacant from September 1st, to discuss renting it out. Harish quoted 135k/year, but Maya indicated the market rate for a similar unit in Al Furjan is typically 9-9.5k/month. Harish agreed to have a senior consultant contact him via WhatsApp to arrange a free evaluation of the unit to determine an exact rental price.",https://qgxgtavkovqklijfpnfl.supabase.co/storage/v1/object/public/owners_data_second/019fb1d8-2a7c-799c-97ce-53df7931f0bd-1785395326631-b830a728-7c52-4423-9263-125cd1babc19-stereo.wav,14147,019fb1d8-2a7c-799c-97ce-53df7931f0bd
Hot Seller / Landlord,Martina; Konrad,+971502572743,Dubai Arch Tower (G1),1703,Jumeirah Lakes Towers,Residential,-,2026-07-30 03:30:43.399+00,0,Awaiting availability – anyone who says yes to rent or sell according to the complete flow,"Unit rented, asked for current market price, no sale intent now",,https://qgxgtavkovqklijfpnfl.supabase.co/storage/v1/object/public/owners_data_second/01a03808-1d68-7ee7-b9c9-5e4dd2dd8235-1787646556173-246b703e-6c4c-4f74-8200-cc20776426fd-stereo.wav,30584,019fb1ec-1107-7229-881d-dd840bd9cd63
Hot Seller / Landlord,SYED SIRAJ AHMED SYED SADATH,+971554636465,Elan,A041,TILAL AL GHAF,Villa,-,2026-07-29 12:31:54.816+00,92,Awaiting availability – anyone who says yes to rent or sell according to the complete flow,"Wants to rent out unit, shared pricing and availability","Maya from AS Properties called Syed regarding his 3-bedroom, 1-maid's room unit at Elan in Telal ALGF, which he is looking to rent out for 191,000 annually, available from August 25th. Syed confirmed the property is already listed with three other agents. A senior consultant from AS Properties will call Syed after 7 PM to discuss the listing further.",https://qgxgtavkovqklijfpnfl.supabase.co/storage/v1/object/public/owners_data_second/019faddb-f39b-7668-9e82-1755863bd4cc-1785328409444-fec64bc2-98be-4056-a6d8-dc6b6cae99f9-stereo.wav,4895,019faddb-f39b-7668-9e82-1755863bd4cc
Hot Seller / Landlord,MAGED MOHAMED SALAH ELDIN SALEH WAHBA ABDELWAHAB,+971556465673,Azizi Plaza Hotel Apartments,705,Al Furjan,Unit,-,2026-07-29 10:38:02.717+00,90,Awaiting availability – anyone who says yes to rent or sell according to the complete flow,"Wants to sell Azizi Plaza studio, shared furniture info, offered WhatsApp follow-up","Maya from AS Property called Maged about his unit at Azizi Plaza Hotel Apartments, inquiring if he was interested in selling or renting. Maged confirmed he wants to sell his furnished studio apartment and agreed to share his WhatsApp details for AS Property, based in Dubai, to follow up.",https://qgxgtavkovqklijfpnfl.supabase.co/storage/v1/object/public/owners_data_second/019fad73-b425-7000-b818-b7b2ce261a61-1785321575534-c892cec2-bcc7-45db-a046-ebcd5b1bdbe9-stereo.wav,15783,019fad73-b425-7000-b818-b7b2ce261a61
Hot Seller / Landlord,CHHAGAN KUMAR MANILAL PETHANI,+971505587411,Aura,TAG-AUR-1-065,TILAL AL GHAF,Villa,-,2026-07-29 08:59:10.636+00,7,Awaiting availability – anyone who says yes to rent or sell according to the complete flow,"Confirmed property sold years ago, declined further discussion","The call began with an AI attempting to connect with ""CHA Jagan."" The user immediately responded by stating they had not ordered pizza, indicating a potential misdial or misunderstanding of the call's purpose. The call then ended abruptly.",https://qgxgtavkovqklijfpnfl.supabase.co/storage/v1/object/public/owners_data_second/019fad19-1969-7888-acc4-1a2a31d56b3c-1785315560031-7ffb4202-32cd-4a0c-973a-43294a4df2b9-stereo.wav,5673,019fad19-1969-7888-acc4-1a2a31d56b3c
Hot Seller / Landlord,HAROON KARIM,+971553654393,MARINA VIEW,902,Dubai Marina,Flat,-,2026-07-29 07:20:10.564+00,200,Awaiting availability – anyone who says yes to rent or sell according to the complete flow,"Wants to sell penthouse, open to offers, son also handling sale",,https://qgxgtavkovqklijfpnfl.supabase.co/storage/v1/object/public/call_recordings_16july/019facbe-5526-7773-bba7-0a125694b1ad-1785309813245-76a3f4df-a432-4471-bdcb-bea9fa5bf58a-stereo.wav,31705,019facbe-5526-7773-bba7-0a125694b1ad
Hot Seller / Landlord,QI ZHOU,+971504638501,PRINCESS TOWER,7607,Dubai Marina,Unit,-,2026-07-29 05:47:56.601+00,399,Awaiting availability – anyone who says yes to rent or sell according to the complete flow,"Wants to rent out unit, discussed current rents, prefers WhatsApp for agent follow-up","Maya from AS Properties called the user to discuss renting out their furnished 1-bedroom unit at Princess Tower in Dubai Marina. The user's current tenant is not renewing, and they are seeking a new tenant, despite their previous rental rate being significantly higher than the current market range of 36,000-54,000 AED annually. A consultant will contact the user via WhatsApp to help re-list the unit and find a new tenant.",https://qgxgtavkovqklijfpnfl.supabase.co/storage/v1/object/public/owners_data_third/019fac6a-1e0c-7773-b97b-1114f3e9273d-1785304477789-1831aa7f-8054-455c-9bbd-69c99dd96f8f-stereo.wav,31510,019fac6a-1e0c-7773-b97b-1114f3e9273d
Hot Seller / Landlord,VADIM DMITRIEVICH SHIDEREV,+971585179625,Lake City Tower,1301,Jumeirah Lake Towers (JLT),Apartment,-,2026-07-28 12:28:30.035+00,34,Awaiting availability – anyone who says yes to rent or sell according to the complete flow,"Power of attorney ready to sell at 1.6–1.8M, viewings possible","The AI called for Vadim but reached Miss Barry, who identified herself as Vadim's official Power of Attorney. Miss Barry requested the AI to call back in 5-10 minutes, which the AI acknowledged and agreed to do.",https://qgxgtavkovqklijfpnfl.supabase.co/storage/v1/object/public/owners_data_third/019fa8b2-8db0-7000-89ab-d0809255eed0-1785241747061-2b73225e-25d9-4199-97eb-46b69347e6ff-stereo.wav,18861,019fa8b2-8db0-7000-89ab-d0809255eed0
Hot Seller / Landlord,MOKBEL ABOURADI,+971501717284,PRINCESS TOWER,3307,Dubai Marina,Flat,-,2026-07-28 11:26:50.377+00,200,Awaiting availability – anyone who says yes to rent or sell according to the complete flow,"Wants to rent out unit, available August, discussed price and viewings",,https://qgxgtavkovqklijfpnfl.supabase.co/storage/v1/object/public/call_recordings_16july/019fa879-e92b-7000-ba7f-edffcd651bb4-1785238213086-233c63c2-799e-4311-8c3f-371ad4a80bde-stereo.wav,31852,019fa879-e92b-7000-ba7f-edffcd651bb4
Hot Seller / Landlord,TARUN RAJAN MAVELY,+971551692370,MARINA VIEW TOWER A,2101,Dubai Marina,Flat,-,2026-07-28 11:02:19.166+00,56,Awaiting availability – anyone who says yes to rent or sell according to the complete flow,"Unit in Diamond 1 unrented, open to renting, will send wife's number","Maya from AS Properties called Darun to inquire about selling his unit at Marie View Tower. Darun clarified that the Marie View Tower unit is rented and not for sale, but he has an unrented unit at Diamond 1 that he is open to listing for rent. He instructed Maya to contact his wife for further details regarding the Diamond 1 property.",https://qgxgtavkovqklijfpnfl.supabase.co/storage/v1/object/public/owners_data_third/019fa863-7f18-7000-9275-0c0186227f89-1785236597824-a8eccbbd-3ab2-4c18-a084-8197a29d310d-stereo.wav,31792,019fa863-7f18-7000-9275-0c0186227f89
Hot Seller / Landlord,ABDALLA MOHAMED ABDULHALIM SABBAR,+971506529393,MARINA VIEW TOWER A,1003,Dubai Marina,Flat,-,2026-07-28 10:59:09.083+00,154,Awaiting availability – anyone who says yes to rent or sell according to the complete flow,"Wants to rent out 2BR furnished, available after August 15th",,https://qgxgtavkovqklijfpnfl.supabase.co/storage/v1/object/public/call_recordings_16july/019fa860-94fc-7000-925d-3b1e766d2b1c-1785236505737-4ceca72c-a561-4189-801e-7c3ddb80764b-stereo.wav,31776,019fa860-94fc-7000-925d-3b1e766d2b1c
Hot Seller / Landlord,IRIELA KASEMI,+971526414096,PRINCESS TOWER,6710,Dubai Marina,Flat,-,2026-07-28 10:34:03.314+00,0,Awaiting availability – anyone who says yes to rent or sell according to the complete flow,"Wants to rent out 1BR in Princess Tower, requested WhatsApp follow-up",,https://qgxgtavkovqklijfpnfl.supabase.co/storage/v1/object/public/owners_data_second/01a0674c-9883-7aa6-9475-88be0aecdeb6-1788439595757-8234a53f-7ec2-4155-b438-a649f83ce78c-stereo.wav,31671,019facb8-8a85-7118-94ef-c697c8dfc71c
Hot Seller / Landlord,YUSUF ERMAN ERDEM,+971565119116,MARINA VIEW TOWER A,1101,Dubai Marina,Flat,-,2026-07-28 10:34:03.314+00,0,Awaiting availability – anyone who says yes to rent or sell according to the complete flow,"Currently renting via agent, open if client available, wants WhatsApp details",,https://qgxgtavkovqklijfpnfl.supabase.co/storage/v1/object/public/owners_data_second/01a06c1f-5f33-7000-81ef-76490cf51d6e-1788520472459-7d249edb-496e-4c68-9590-38548154d02d-stereo.wav,31713,019facc6-06c3-7eeb-8a5b-be6f413c7e1a
Hot Seller / Landlord,HESHAM WAGIH GOMMA,+971506223972,MARINA VIEW TOWER A,811,Dubai Marina,Unit,-,2026-07-28 10:33:49.457+00,0,Awaiting availability – anyone who says yes to rent or sell according to the complete flow,"Wants to rent out studio at 65k annual, agreed for follow-up call",,https://qgxgtavkovqklijfpnfl.supabase.co/storage/v1/object/public/owners_data_second/01a04d7c-975a-7664-b904-3ffb8220d0e3-1788006521395-d12478dc-59b7-432b-b319-d54cf8578f51-stereo.wav,31581,019fac89-94ed-7663-9bb6-0a1d374a662a
Buyer Lead,MUHAMMAD ASIF,+971588442249,PRINCESS TOWER,8404,Dubai Marina,Unit,-,2026-07-28 10:33:42.577+00,0,Create buyers lead – Anyone who wants to buy put in this,Asked for distress deals on WhatsApp after selling Princess Tower unit,,https://qgxgtavkovqklijfpnfl.supabase.co/storage/v1/object/public/owners_data_second/01a070dd-ccfe-7665-bef2-6e060dfe5d9b-1788600121881-c85a716f-62e8-4849-bb3a-91a9da4ce7e6-stereo.wav,31564,019fac90-8e79-7332-9c5a-79341065548a
Buyer Lead,MUHAMMAD ASIF,+971588442249,PRINCESS TOWER,8404,Dubai Marina,Unit,-,2026-07-28 10:33:42.577+00,0,Create buyers lead – Anyone who wants to buy put in this,Asked for distress deals on WhatsApp after selling Princess Tower unit,,https://qgxgtavkovqklijfpnfl.supabase.co/storage/v1/object/public/owners_data_second/01a070dd-ccfe-7665-bef2-6e060dfe5d9b-1788600121881-c85a716f-62e8-4849-bb3a-91a9da4ce7e6-stereo.wav,31564,01a056fe-9e75-7000-9461-b1c7f3e8240d
Hot Seller / Landlord,JAMES ANTHONY MOORE,+971551396418,MARINA VIEW TOWERS B,204,Dubai Marina,Unit,-,2026-07-28 10:33:22.415+00,0,Awaiting availability – anyone who says yes to rent or sell according to the complete flow,"Wants to rent out unit, asked not to call now",,https://qgxgtavkovqklijfpnfl.supabase.co/storage/v1/object/public/owners_data_second/01a038f4-5ff3-7ff2-a96e-d05da9b2d882-1787661987317-d44e831f-0088-440a-9405-f4e39d383c8b-stereo.wav,31397,019fa8b4-e5d0-7884-8a53-6b56ff307fb3
Hot Seller / Landlord,SHARIF MOHAMED,+971581911406,SOUTH BAY 6,115,Dubai South,Townhouse,-,2026-07-27 07:19:55.766+00,68,Awaiting availability – anyone who says yes to rent or sell according to the complete flow,"Waiting for handover, intends to sell after","Maya from AS Properties called Sharif to inquire if he was interested in selling or renting his unit at South Bay. Sharif stated he is waiting for better prices and the unit's handover before considering selling, but he is not interested in listing it with AS Properties. Maya acknowledged his position and offered future assistance if his plans change.",https://qgxgtavkovqklijfpnfl.supabase.co/storage/v1/object/public/owners_data_second/019fa271-9bcb-7333-9e50-ca7c1b8a9050-1785136866912-cf34f869-5fb7-4e8d-af65-540bb70e8e01-stereo.wav,30811,019fa271-9bcb-7333-9e50-ca7c1b8a9050
Hot Seller / Landlord,MHROUS SABIT,+971564183690,SOUTH BAY 6,102,Dubai South,Townhouse,-,2026-07-27 05:38:13.825+00,27,Awaiting availability – anyone who says yes to rent or sell according to the complete flow,"Shared sale price 7M, unit 102, 5 bedrooms at South Bay 6","Maya from AS Properties called MHROs to inquire if they were interested in selling or renting their unit at Aura in Telal Al Ghaf. MHROs declined, indicating they were already settled, leading to the AI ending the call.",https://qgxgtavkovqklijfpnfl.supabase.co/storage/v1/object/public/owners_data_second/019fa214-65a7-7aa4-a50a-5ff71c51ae0e-1785130723097-a8d270a3-74fb-40e4-8cf8-4a7d317d451c-stereo.wav,30879,019fa214-65a7-7aa4-a50a-5ff71c51ae0e
Hot Seller / Landlord,ARINDOM ROY BISWARANJAN ROY,+971547934782,AG Tower,2201,Business Bay,Unit,-,2026-07-26 17:45:09.64+00,0,Awaiting availability – anyone who says yes to rent or sell according to the complete flow,"positive - Willing to sell 2-bed at G Tower for AED 2,500,000, wants WhatsApp details",,https://qgxgtavkovqklijfpnfl.supabase.co/storage/v1/object/public/owners_data_second/01a09e7f-4adc-7ee8-9eb0-6c049063a451-1789365685657-a23c97ae-d722-4649-8fd4-c00145831e15-stereo.wav,31146,
Hot Seller / Landlord,JACOB THOMAS JOY NEDUMPARAMBIL ANTONY,+971554835003,AMALIA RESIDENCES,504,Al Furjan,Unit,-,2026-07-25 10:32:27.509+00,52,Awaiting availability – anyone who says yes to rent or sell according to the complete flow,Customer confirmed property already entered and ongoing,"Maya from AS Properties called Jacob regarding his unit at Amalia Residences to inquire if he was interested in selling or renting it out. Jacob informed her that the unit was already rented. He then repeatedly questioned Maya about her company and the specific property, despite her clarifications, before the call abruptly ended.",https://qgxgtavkovqklijfpnfl.supabase.co/storage/v1/object/public/owners_data_second/019f98d5-0262-7ff4-8adc-73b63200cf02-1784975601718-3835f3cd-9ea9-4664-a8c5-6b6ec185cdaa-stereo.wav,12836,019f98d5-0262-7ff4-8adc-73b63200cf02
Hot Seller / Landlord,ABDELKARIM BOUGUERROUCHE,+971507949075,ELITE BUSINESS BAY RESIDENCE,120,Business Bay,Apartment,-,2026-07-22 10:38:05.052+00,16,Awaiting availability – anyone who says yes to rent or sell according to the complete flow,"positive - Wants to sell and rent out, currently exclusive with Real Choice",,https://qgxgtavkovqklijfpnfl.supabase.co/storage/v1/object/public/call_recordings_16july/019f8966-9e56-7883-95d3-04d82f153df9-1784716704177-e1b52dd5-b7b6-4dd0-a73a-da15429b9f16-stereo.wav,28953,019f8966-9e56-7883-95d3-04d82f153df9
Hot Seller / Landlord,SAROJA CHANDRA SHEKHAR KULKARNI,+971506243784,DAMAC LAGOONS - COSTA BRAVA (1),-,DAMAC Lagoons,Townhouse,-,2026-07-22 09:51:17.407+00,48,Awaiting availability – anyone who says yes to rent or sell according to the complete flow,"Owner says property ready in 2 months, requests call back then",,https://qgxgtavkovqklijfpnfl.supabase.co/storage/v1/object/public/call_recordings_16july/019f893c-8124-700a-8f42-ffecfb63729a-1784713927812-ff074551-e9f2-421a-86f1-a2721d43bf0d-stereo.wav,28888,019f893c-8124-700a-8f42-ffecfb63729a
Hot Seller / Landlord,AMJAD KAMAL,+971504207573,SOUTH BAY 6,36,Dubai South,Townhouse,-,2026-07-22 07:38:50.376+00,11,Awaiting availability – anyone who says yes to rent or sell according to the complete flow,"neutral - Wants to rent out unit after handover, no handover date known",,https://qgxgtavkovqklijfpnfl.supabase.co/storage/v1/object/public/call_recordings_16july/019f88c2-a8ca-7ee4-90e4-89bf7677d453-1784705943531-53c38f11-e644-4f21-a089-6cddccedf5f0-stereo.wav,30802,019f88c2-a8ca-7ee4-90e4-89bf7677d453
Hot Seller / Landlord,MOHAMMED MEESUM,+971565006798,SOUTH BAY 6,39,Dubai South,Townhouse,-,2026-07-22 07:38:38.668+00,86,Awaiting availability – anyone who says yes to rent or sell according to the complete flow,"Wants info on WhatsApp, may list after handover in 2027",,https://qgxgtavkovqklijfpnfl.supabase.co/storage/v1/object/public/call_recordings_16july/019f88c2-d299-7bb2-bf87-168aa6a00e2e-1784706007428-ad120dba-67f0-4294-8051-aba193a9bff5-stereo.wav,30803,019f88c2-d299-7bb2-bf87-168aa6a00e2e
Hot Seller / Landlord,MHROUS SABIT,+971564183690,SOUTH BAY 6,102,Dubai South,Townhouse,-,2026-07-21 17:45:19.085+00,0,Awaiting availability – anyone who says yes to rent or sell according to the complete flow,"Shared sale price 7M, unit 102, 5 bedrooms at South Bay 6",,https://qgxgtavkovqklijfpnfl.supabase.co/storage/v1/object/public/owners_data_second/01a07b78-a43d-7778-b953-52f93aab9ee3-1788777970872-87d221db-46cf-4d92-9c97-80153fbcaf2c-stereo.wav,30879,019f993d-cd43-7337-8078-0271cd47a005
Hot Seller / Landlord,MHROUS SABIT,+971564183690,SOUTH BAY 6,102,Dubai South,Townhouse,-,2026-07-21 17:45:19.085+00,0,Awaiting availability – anyone who says yes to rent or sell according to the complete flow,"Shared sale price 7M, unit 102, 5 bedrooms at South Bay 6",,https://qgxgtavkovqklijfpnfl.supabase.co/storage/v1/object/public/owners_data_second/01a07b78-a43d-7778-b953-52f93aab9ee3-1788777970872-87d221db-46cf-4d92-9c97-80153fbcaf2c-stereo.wav,30879,019f88ef-8498-7333-b98d-4af75a35f888
Hot Seller / Landlord,SHARIF MOHAMED,+971581911406,SOUTH BAY 6,115,Dubai South,Townhouse,-,2026-07-21 17:45:14.046+00,0,Awaiting availability – anyone who says yes to rent or sell according to the complete flow,"Waiting for handover, intends to sell after",,https://qgxgtavkovqklijfpnfl.supabase.co/storage/v1/object/public/owners_data_second/019fa271-9bcb-7333-9e50-ca7c1b8a9050-1785136866912-cf34f869-5fb7-4e8d-af65-540bb70e8e01-stereo.wav,30811,019f88c8-e92e-700a-8964-634890016640
Hot Seller / Landlord,HELIO DA PENHA,+971562469097,Blvd Heights T2,804,Burj Khalifa,Apartment,-,2026-07-21 12:59:04.441+00,38,Awaiting availability – anyone who says yes to rent or sell according to the complete flow,"Unit contracted until next year, not available now",,https://qgxgtavkovqklijfpnfl.supabase.co/storage/v1/object/public/call_recordings_16july/019f84c1-dec0-7cc2-97aa-e3f7c3c2c22c-1784638784767-1524f895-063a-43d5-9ac4-348eda73dd24-stereo.wav,30157,019f84c1-dec0-7cc2-97aa-e3f7c3c2c22c
Hot Seller / Landlord,NARENDRA MANGHANMAL BHATIA,+971506253750,Blvd Heights T2,1505,Burj Khalifa,Apartment,-,2026-07-21 10:31:43.961+00,200,Awaiting availability – anyone who says yes to rent or sell according to the complete flow,"Wants to sell unit 503 Zabeel, set 6.6M AED price",,https://qgxgtavkovqklijfpnfl.supabase.co/storage/v1/object/public/call_recordings_16july/019f843b-0e0f-755c-be4c-eb0f34b101e1-1784630106616-1433beae-ef79-499d-b027-c8d1a594ee71-stereo.wav,30002,019f843b-0e0f-755c-be4c-eb0f34b101e1
Hot Seller / Landlord,FRED FURGAN SELVI,+971505151249,U-BORA TOWERS,813,Business Bay,Apartment,-,2026-07-21 09:00:24.538+00,57,Awaiting availability – anyone who says yes to rent or sell according to the complete flow,"Wants to sell or rent, will reply on WhatsApp in 10 days",,https://qgxgtavkovqklijfpnfl.supabase.co/storage/v1/object/public/call_recordings_16july/019f83e7-47da-7ee0-9200-57e298f530d1-1784624484311-b56c6ad0-2bb5-4425-a9de-9dc2462c8cd2-stereo.wav,29818,019f83e7-47da-7ee0-9200-57e298f530d1
Hot Seller / Landlord,RABIH HALAWI,+971557743626,SLS DUBAI,2224,Business Bay,Apartment,-,2026-07-21 07:59:34.113+00,125,Awaiting availability – anyone who says yes to rent or sell according to the complete flow,"angry - Owns unit at SLS Dubai, listed for sale, asking 4.35M AED",,https://qgxgtavkovqklijfpnfl.supabase.co/storage/v1/object/public/call_recordings_16july/019f83af-b05b-7000-b19a-9f0f78500361-1784620902145-22848db1-18fe-4eca-8a2f-c95b9e2707ca-stereo.wav,35917,019f83af-b05b-7000-b19a-9f0f78500361
Hot Seller / Landlord,RABIH HALAWI,+971557743626,SLS DUBAI,2224,Business Bay,Apartment,-,2026-07-21 07:59:34.113+00,125,Awaiting availability – anyone who says yes to rent or sell according to the complete flow,"angry - Owns unit at SLS Dubai, listed for sale, asking 4.35M AED",,https://qgxgtavkovqklijfpnfl.supabase.co/storage/v1/object/public/call_recordings_16july/019f83af-b05b-7000-b19a-9f0f78500361-1784620902145-22848db1-18fe-4eca-8a2f-c95b9e2707ca-stereo.wav,30378,019f83af-b05b-7000-b19a-9f0f78500361
Hot Seller / Landlord,PRAKASAN VAKKAYIL BHASKARAN VAKKAYIL APPUTHY,+971504847212,XL TOWER,1107,Business Bay,Apartment,-,2026-07-21 06:27:17.675+00,57,Awaiting availability – anyone who says yes to rent or sell according to the complete flow,"Currently rented, open to list after 10 months",,https://qgxgtavkovqklijfpnfl.supabase.co/storage/v1/object/public/call_recordings_16july/019f835b-49a4-7fff-8edc-a8915b17cc5c-1784615296968-e113be74-8a9a-456b-81ff-4da4dd33edbe-stereo.wav,29713,019f835b-49a4-7fff-8edc-a8915b17cc5c
Hot Seller / Landlord,MAJD MOUNIR SKAF,+971569971706,U-BORA TOWERS,613,Business Bay,Apartment,-,2026-07-21 06:06:04.195+00,60,Awaiting availability – anyone who says yes to rent or sell according to the complete flow,"Lives there now, may rent out if moves, prefers WhatsApp contact",,https://qgxgtavkovqklijfpnfl.supabase.co/storage/v1/object/public/call_recordings_16july/019f8347-c3ce-788f-abd5-69a7e760669d-1784614027181-bd67e3b0-f752-407e-91cc-a8cecd85a2b3-stereo.wav,29611,019f8347-c3ce-788f-abd5-69a7e760669d
Hot Seller / Landlord,MIRZA ISHTIAQ BAIG,+971559215766,Blvd Heights T1,3505,Burj Khalifa,Apartment,-,2026-07-21 05:52:49.386+00,23,Awaiting availability – anyone who says yes to rent or sell according to the complete flow,"positive - Asked for WhatsApp, open to discuss selling or renting BLVD Heights unit",,https://qgxgtavkovqklijfpnfl.supabase.co/storage/v1/object/public/call_recordings_16july/019f833b-c204-7001-8fba-0e20852127c4-1784613195192-92b64213-abfa-4cec-b69f-c31e3fcf5107-stereo.wav,30293,019f833b-c204-7001-8fba-0e20852127c4
Hot Seller / Landlord,RABIH HALAWI,+971557743626,SLS DUBAI,2224,Business Bay,Apartment,-,2026-07-20 17:46:23.479+00,0,Awaiting availability – anyone who says yes to rent or sell according to the complete flow,"angry - Owns unit at SLS Dubai, listed for sale, asking 4.35M AED",,https://qgxgtavkovqklijfpnfl.supabase.co/storage/v1/object/public/call_recordings_16july/019f83af-b05b-7000-b19a-9f0f78500361-1784620902145-22848db1-18fe-4eca-8a2f-c95b9e2707ca-stereo.wav,30378,01a06766-74b0-7cc2-a1a0-d9c0b6395924
Hot Seller / Landlord,RABIH HALAWI,+971557743626,SLS DUBAI,2224,Business Bay,Apartment,-,2026-07-20 17:46:23.479+00,0,Awaiting availability – anyone who says yes to rent or sell according to the complete flow,"angry - Owns unit at SLS Dubai, listed for sale, asking 4.35M AED",,https://qgxgtavkovqklijfpnfl.supabase.co/storage/v1/object/public/call_recordings_16july/019f83af-b05b-7000-b19a-9f0f78500361-1784620902145-22848db1-18fe-4eca-8a2f-c95b9e2707ca-stereo.wav,30378,019ff61b-3831-7000-80a4-a8e942729474
Hot Seller / Landlord,SWAPAN KUMAR DAS,+971501058144,Blvd Heights T1,4601,Burj Khalifa,Apartment,-,2026-07-20 17:46:08.428+00,0,Awaiting availability – anyone who says yes to rent or sell according to the complete flow,"positive - Keen to rent out 3BR at 29 Boulevard Tower 1, discussed price and views",,https://qgxgtavkovqklijfpnfl.supabase.co/storage/v1/object/public/owners_data_second/01a08eea-0de8-7332-9a4b-8016bfa8889f-1789104310966-49781aee-92b3-4263-a89d-7fb51fbb38c2-stereo.wav,30241,019f8913-e483-7331-9138-90429c7b25e7
Hot Seller / Landlord,MOHAMMED JASIM ABDULLAH AL ZUBAIDI,+971565538844,Blvd Heights T2,3705,Burj Khalifa,Apartment,-,2026-07-20 17:45:58.448+00,0,Awaiting availability – anyone who says yes to rent or sell according to the complete flow,"Has 1 vacant unit ready for tenant, prefers WhatsApp, has agent",,https://qgxgtavkovqklijfpnfl.supabase.co/storage/v1/object/public/owners_data_second/01a071c9-d209-7000-a9ab-10a81a5a7743-1788615590587-901328db-7d09-42a3-9b23-59765585d5c7-stereo.wav,30116,019f84af-7361-700e-ac09-c13920765c47
Hot Seller / Landlord,RAFIA SHAHID DAUD BIN FAROOQ,+971508259770,DAMAC LAGOONS - COSTA BRAVA (1),-,DAMAC Lagoons,Townhouse,-,2026-07-20 13:53:10.68+00,66,Awaiting availability – anyone who says yes to rent or sell according to the complete flow,"Wants to rent out, shared details and target rent",,https://qgxgtavkovqklijfpnfl.supabase.co/storage/v1/object/public/call_recordings_16july/019f7fcd-1ed2-7000-85ca-fb1ca74b62c5-1784555658889-8adb86fb-807d-4cd7-9915-b2e88f7c53ee-stereo.wav,28688,019f7fcd-1ed2-7000-85ca-fb1ca74b62c5
Hot Seller / Landlord,ASIM ABDELGADIR AHMED BABIKER,+971569223233,DAMAC LAGOONS - COSTA BRAVA (1),-,DAMAC Lagoons,Townhouse,-,2026-07-20 13:52:40.43+00,95,Awaiting availability – anyone who says yes to rent or sell according to the complete flow,"Wants to rent out after handover, follow up in 2 months",,https://qgxgtavkovqklijfpnfl.supabase.co/storage/v1/object/public/call_recordings_16july/019f7fcc-7843-7000-82a3-882f8fee3abd-1784555658334-d64f28be-4be9-47aa-9fe0-cb858e4f710e-stereo.wav,28684,019f7fcc-7843-7000-82a3-882f8fee3abd
Hot Seller / Landlord,YASSINE IKIOU,+971501819033,Topaz Avenue,304,Al Furjan,Apartment,-,2026-07-20 11:52:39.863+00,116,Awaiting availability – anyone who says yes to rent or sell according to the complete flow,"Shared unit details, price, said will call after holiday",,https://qgxgtavkovqklijfpnfl.supabase.co/storage/v1/object/public/call_recordings_16july/019f7f5e-2abb-7886-a314-533edb155090-1784548478726-7801a434-fa56-46ef-9f1a-0cd51483ccbe-stereo.wav,29518,019f7f5e-2abb-7886-a314-533edb155090
Hot Seller / Landlord,ANTONIO JOSE FILIPE DA PIEDADE MENESES,+971504402471,DAMAC LAGOONS - COSTA BRAVA (1),-,DAMAC Lagoons,Townhouse,-,2026-07-20 11:39:04.065+00,63,Awaiting availability – anyone who says yes to rent or sell according to the complete flow,"Open to sell or rent out, asked to call back later",,https://qgxgtavkovqklijfpnfl.supabase.co/storage/v1/object/public/call_recordings_16july/019f7f51-a77f-7000-9b40-a2e35e7a999a-1784547609780-6489e342-9004-41d7-87cc-cc02907043ee-stereo.wav,28566,019f7f51-a77f-7000-9b40-a2e35e7a999a
Hot Seller / Landlord,EHAB YACOUB FIDAL KHELLA,+971504739660,DAMAC LAGOONS - COSTA BRAVA (2),-,DAMAC Lagoons,Townhouse,-,2026-07-20 11:20:52.417+00,29,Awaiting availability – anyone who says yes to rent or sell according to the complete flow,Customer confirmed interest to rent out property,,https://qgxgtavkovqklijfpnfl.supabase.co/storage/v1/object/public/call_recordings_16july/019f7f41-57e7-7886-a1dc-dccc2177a5dc-1784546484416-912f8f01-27a5-4763-b27e-3dd8104c4687-stereo.wav,28569,019f7f41-57e7-7886-a1dc-dccc2177a5dc
Hot Seller / Landlord,MUKESH KISHANCHAND GOKALDAS,+971559481305,Elite Business Bay Residence,513,Business Bay,86.67,-,2026-07-20 07:26:54.366+00,17,Awaiting availability – anyone who says yes to rent or sell according to the complete flow,"Unit under exclusive with agent, 2 months remain, may consider listing after",,https://qgxgtavkovqklijfpnfl.supabase.co/storage/v1/object/public/call_recordings_16july/019f7e6b-86d2-7fff-a8d0-1c40a4b82257-1784532433818-d11ff9c3-be5c-4725-89e4-de056267e237-stereo.wav,46498,019f7e6b-86d2-7fff-a8d0-1c40a4b82257
Hot Seller / Landlord,SARAHBIBI EBRAHIM AKOO,+971509207609,Elite Business Bay Residence,1004,Business Bay,46.99,-,2026-07-20 06:45:18.964+00,91,Awaiting availability – anyone who says yes to rent or sell according to the complete flow,"curious - Asked for market price, open to selling if market price is good",,https://qgxgtavkovqklijfpnfl.supabase.co/storage/v1/object/public/call_recordings_16july/019f7e45-6edd-7000-be86-ecd709fc3885-1784530012358-9b8557c5-beb7-4a5f-8dda-382869579662-stereo.wav,47104,019f7e45-6edd-7000-be86-ecd709fc3885
Hot Seller / Landlord,SARAHBIBI EBRAHIM AKOO,+971509207609,ELITE BUSINESS BAY RESIDENCE,1004,Business Bay,Apartment,-,2026-07-20 06:45:18.964+00,91,Awaiting availability – anyone who says yes to rent or sell according to the complete flow,"curious - Asked for market price, open to selling if market price is good",,https://qgxgtavkovqklijfpnfl.supabase.co/storage/v1/object/public/call_recordings_16july/019f7e45-6edd-7000-be86-ecd709fc3885-1784530012358-9b8557c5-beb7-4a5f-8dda-382869579662-stereo.wav,29051,019f7e45-6edd-7000-be86-ecd709fc3885
Hot Seller / Landlord,ADIL HUSSAIN ILYAS,+971567379398,ELITE BUSINESS BAY RESIDENCE,2206,Business Bay,Apartment,-,2026-07-20 05:18:58.193+00,0,Awaiting availability – anyone who says yes to rent or sell according to the complete flow,"Studio at Elite Business Bay, vacant soon, wants to rent, expects 60,000 AED",,https://qgxgtavkovqklijfpnfl.supabase.co/storage/v1/object/public/owners_data_second/01a03d44-3704-7666-a263-fee5c183149f-1787734384514-8aa98bfc-9c5e-49ff-ac31-9a29838a7415-stereo.wav,29221,019f7ef1-7c67-7772-ab14-9ce9b6296e25
Hot Seller / Landlord,AYUB TAHA NURHUSIEN,+971552847090,ELITE BUSINESS BAY RESIDENCE,2010,Business Bay,Apartment,-,2026-07-20 05:18:55.286+00,0,Awaiting availability – anyone who says yes to rent or sell according to the complete flow,curious - Asked for current price for Elite Business Bay Residence unit and wants advisor callback,,https://qgxgtavkovqklijfpnfl.supabase.co/storage/v1/object/public/owners_data_second/01a09e72-3302-7ee8-9e81-1c02955b5bb8-1789364762355-7f51b648-d7c3-4f2a-ac49-34a4ea6d75d0-stereo.wav,29169,019fa72c-0d6b-7eed-8f91-a07e172d5041
Hot Seller / Landlord,AYUB TAHA NURHUSIEN,+971552847090,ELITE BUSINESS BAY RESIDENCE,2010,Business Bay,Apartment,-,2026-07-20 05:18:55.286+00,0,Awaiting availability – anyone who says yes to rent or sell according to the complete flow,curious - Asked for current price for Elite Business Bay Residence unit and wants advisor callback,,https://qgxgtavkovqklijfpnfl.supabase.co/storage/v1/object/public/owners_data_second/01a09e72-3302-7ee8-9e81-1c02955b5bb8-1789364762355-7f51b648-d7c3-4f2a-ac49-34a4ea6d75d0-stereo.wav,29169,019f7ec0-6aab-7999-bb74-868c1b624235
Hot Seller / Landlord,AYUB TAHA NURHUSIEN,+971552847090,ELITE BUSINESS BAY RESIDENCE,2010,Business Bay,Apartment,-,2026-07-20 05:18:55.286+00,0,Awaiting availability – anyone who says yes to rent or sell according to the complete flow,curious - Asked for current price for Elite Business Bay Residence unit and wants advisor callback,,https://qgxgtavkovqklijfpnfl.supabase.co/storage/v1/object/public/owners_data_second/01a09e72-3302-7ee8-9e81-1c02955b5bb8-1789364762355-7f51b648-d7c3-4f2a-ac49-34a4ea6d75d0-stereo.wav,29169,01a089da-5ff1-7bbe-8919-925c78e20742
Hot Seller / Landlord,JIGNESH SURYAKANT KHATRI,+971503035619,ELITE BUSINESS BAY RESIDENCE,2122,Business Bay,Apartment,-,2026-07-20 05:18:55.286+00,0,Awaiting availability – anyone who says yes to rent or sell according to the complete flow,"Wants to rent out studio, shared desired rental amounts",,https://qgxgtavkovqklijfpnfl.supabase.co/storage/v1/object/public/call_recordings_16july/019f7ec0-bd35-700f-98fe-eb81be834686-1784538139562-7cc9cf98-7190-461c-bc73-b15877b3373d-stereo.wav,29172,01a0adbd-a43c-7000-8510-61f3a534ae7d
Hot Seller / Landlord,ABDELHADI ABDELGABBAR ABDELHADI,+971529793000,ELITE BUSINESS BAY RESIDENCE,1016,Business Bay,Apartment,-,2026-07-20 05:18:50.486+00,0,Awaiting availability – anyone who says yes to rent or sell according to the complete flow,positive - Open to selling or renting Elite Business Bay Residence,,https://qgxgtavkovqklijfpnfl.supabase.co/storage/v1/object/public/owners_data_second/01a09e72-1b85-7000-906b-886f3d8cbd79-1789364737736-171f4f65-8e1e-4157-a9ff-5ef75acb633c-stereo.wav,29057,01a089be-bc6b-744a-9a50-d164b071de1a
Hot Seller / Landlord,ABDELHADI ABDELGABBAR ABDELHADI,+971529793000,ELITE BUSINESS BAY RESIDENCE,1016,Business Bay,Apartment,-,2026-07-20 05:18:50.486+00,0,Awaiting availability – anyone who says yes to rent or sell according to the complete flow,positive - Open to selling or renting Elite Business Bay Residence,,https://qgxgtavkovqklijfpnfl.supabase.co/storage/v1/object/public/owners_data_second/01a09e72-1b85-7000-906b-886f3d8cbd79-1789364737736-171f4f65-8e1e-4157-a9ff-5ef75acb633c-stereo.wav,29057,019f7e9c-e467-7000-99ab-eca85bec4ab2
Hot Seller / Landlord,ABDELHADI ABDELGABBAR ABDELHADI,+971529793000,ELITE BUSINESS BAY RESIDENCE,1016,Business Bay,Apartment,-,2026-07-20 05:18:50.486+00,0,Awaiting availability – anyone who says yes to rent or sell according to the complete flow,positive - Open to selling or renting Elite Business Bay Residence,,https://qgxgtavkovqklijfpnfl.supabase.co/storage/v1/object/public/owners_data_second/01a09e72-1b85-7000-906b-886f3d8cbd79-1789364737736-171f4f65-8e1e-4157-a9ff-5ef75acb633c-stereo.wav,29057,019fa3cc-080b-7339-b442-9b759f8dddbb
Hot Seller / Landlord,SARAHBIBI EBRAHIM AKOO,+971509207609,ELITE BUSINESS BAY RESIDENCE,1004,Business Bay,Apartment,-,2026-07-20 05:18:45.439+00,0,Awaiting availability – anyone who says yes to rent or sell according to the complete flow,"curious - Asked for market price, open to selling if market price is good",,https://qgxgtavkovqklijfpnfl.supabase.co/storage/v1/object/public/call_recordings_16july/019f7e45-6edd-7000-be86-ecd709fc3885-1784530012358-9b8557c5-beb7-4a5f-8dda-382869579662-stereo.wav,29051,01a089b6-7471-7bb6-8d54-fb31c9f6517c
Hot Seller / Landlord,AAMIR AMIN,+971551229838,ELITE BUSINESS BAY RESIDENCE,221,Business Bay,Apartment,-,2026-07-20 05:18:40.738+00,0,Awaiting availability – anyone who says yes to rent or sell according to the complete flow,"Has agent handling sale or rental, referred to his agent",,https://qgxgtavkovqklijfpnfl.supabase.co/storage/v1/object/public/owners_data_second/019fa394-7e47-7117-94b7-ce8b50221698-1785155918552-af224167-b360-4933-845c-1683208b9005-stereo.wav,28959,
Hot Seller / Landlord,YULU ZHENG,+971522313207,DAMAC LAGOONS - COSTA BRAVA (1),-,DAMAC Lagoons,Townhouse,-,2026-07-20 05:18:36.122+00,0,Awaiting availability – anyone who says yes to rent or sell according to the complete flow,"Owner-agent, open to sharing inventory for cooperation, prefers WhatsApp contact",,https://qgxgtavkovqklijfpnfl.supabase.co/storage/v1/object/public/call_recordings_16july/019f8956-f9c0-799b-95cc-91834425a684-1784715770123-db813ddb-4ca3-464b-bacc-03658b681f6d-stereo.wav,28927,
Hot Seller / Landlord,VENKATA RAMANA MURTHY TEKETI,+971566446929,DAMAC LAGOONS - COSTA BRAVA (2),-,DAMAC Lagoons,Townhouse,-,2026-07-20 05:17:58.385+00,0,Awaiting availability – anyone who says yes to rent or sell according to the complete flow,"Owner open to sell or rent if price is right, shared price range",,https://qgxgtavkovqklijfpnfl.supabase.co/storage/v1/object/public/owners_data_second/01a041aa-e2e5-7ff7-9833-17ea38865888-1787808267623-5b50f749-8a2c-430a-aad0-86769d3d2276-stereo.wav,28477,019f7f10-62ce-7000-9e8b-e86f703bfe7a
Hot Seller / Landlord,MUSTAFA SYED SYED SHUJAAT HUSSAIN,+971521672062,DAMAC LAGOONS - COSTA BRAVA (2),-,DAMAC Lagoons,Townhouse,-,2026-07-20 05:17:53.832+00,0,Awaiting availability – anyone who says yes to rent or sell according to the complete flow,"Wants to rent out, shared rental price and bedrooms",,https://qgxgtavkovqklijfpnfl.supabase.co/storage/v1/object/public/owners_data_second/01a03811-c93c-7ff2-a413-dd44dd5f4fec-1787647182915-d942d83a-a4f0-41a7-ba13-0325d38c24b3-stereo.wav,28422,019f7eda-8560-7000-aa32-7a2b59a284d6
Hot Seller / Landlord,RAVINDRA KUMAR,+971552391085,V3 TOWER,1210,Jumeirah Lake Towers (JLT),Apartment,-,2026-07-18 06:44:44.619+00,119,Awaiting availability – anyone who says yes to rent or sell according to the complete flow,"Wants to rent out unit next month, shared expected rent, open to callback",,https://qgxgtavkovqklijfpnfl.supabase.co/storage/v1/object/public/call_recordings_16july/019f73f8-3ef6-7ccf-b97e-d666819b8b6f-1784357205928-394aac1a-64b1-48bf-afad-6da773d772b8-stereo.wav,26415,019f73f8-3ef6-7ccf-b97e-d666819b8b6f
Hot Seller / Landlord,GLEB LEBEDEV,+971551957663,ARMADA 3,804,Jumeirah Lake Towers (JLT),Apartment,-,2026-07-18 06:31:58.113+00,123,Awaiting availability – anyone who says yes to rent or sell according to the complete flow,"Manages units, open to rent or sell, agreed to follow-up call",,https://qgxgtavkovqklijfpnfl.supabase.co/storage/v1/object/public/call_recordings_16july/019f73ec-3dd1-7ee4-a59c-9eb8577bbadf-1784356444159-b373c657-9933-4bdb-975c-6d7b4fee9d64-stereo.wav,18930,019f73ec-3dd1-7ee4-a59c-9eb8577bbadf
Hot Seller / Landlord,VENKATA KRISHNA VAKACHARLA PAIDI RAJU VAKACHARLA,+971521457209,LAKE VIEW,3201,Jumeirah Lake Towers (JLT),Apartment,-,2026-07-17 12:59:32.635+00,116,Awaiting availability – anyone who says yes to rent or sell according to the complete flow,"Wants to rent out unit, requested rental price guidance",,https://qgxgtavkovqklijfpnfl.supabase.co/storage/v1/object/public/call_recordings_16july/019f7028-f484-7775-b49c-d52380a95886-1784293290941-068e73d8-72cb-4cb8-822b-5ed867bb962b-stereo.wav,20415,019f7028-f484-7775-b49c-d52380a95886
Hot Seller / Landlord,FATIMA ABUBAKAR MAKARFI,+971557046049,GOLDCREST VIEWS 2,2804,Jumeirah Lake Towers (JLT),Apartment,-,2026-07-17 12:06:43.464+00,107,Awaiting availability – anyone who says yes to rent or sell according to the complete flow,"Open to renting, asked to send info to current agent",,https://qgxgtavkovqklijfpnfl.supabase.co/storage/v1/object/public/call_recordings_16july/019f6ff8-9ee4-7115-9a56-ec073ea0c8fa-1784290112838-c0e64373-adbd-44a0-9541-5a86ad9976bd-stereo.wav,23985,019f6ff8-9ee4-7115-9a56-ec073ea0c8fa
Hot Seller / Landlord,GOPAL MOHAN LAL LOYA LOHIYA,+971567247286,JUMAIRAH BAY TOWER-X1-1,2314,Jumeirah Lake Towers (JLT),Apartment,-,2026-07-17 10:39:30.147+00,200,Awaiting availability – anyone who says yes to rent or sell according to the complete flow,"Wants to relist unit for rent after tenancy ends, open to price discussion",,https://qgxgtavkovqklijfpnfl.supabase.co/storage/v1/object/public/call_recordings_16july/019f6fa8-b73c-7330-9212-6a28ce9c9886-1784284972839-5c239248-2847-4fcc-9f6e-56900ec3cb3f-stereo.wav,23946,019f6fa8-b73c-7330-9212-6a28ce9c9886
Hot Seller / Landlord,VIVEK UPRETI JANARDAN PRASAD UPRETI,+971567396388,ARMADA 3,206,Jumeirah Lake Towers (JLT),Apartment,-,2026-07-17 06:38:20.932+00,119,Awaiting availability – anyone who says yes to rent or sell according to the complete flow,Customer confirmed both properties are currently rented out,,https://qgxgtavkovqklijfpnfl.supabase.co/storage/v1/object/public/call_recordings_16july/019f6ecc-0988-7dd4-b9f6-efebcbf2d5ef-1784270422095-b7aae2e1-0dc2-414a-b308-e2ecf0381bb0-stereo.wav,25181,019f6ecc-0988-7dd4-b9f6-efebcbf2d5ef
Hot Seller / Landlord,AMNA AHMED MOSTAFA BAKR,+971506359813,O2 Residences,1106,Jumeirah Lake Towers (JLT),Apartment,-,2026-07-17 06:27:10.932+00,124,Awaiting availability – anyone who says yes to rent or sell according to the complete flow,"Wants to rent out unit, shared rent and agreed to consult call",,https://qgxgtavkovqklijfpnfl.supabase.co/storage/v1/object/public/call_recordings_16july/019f6ec1-ad9f-7ff2-bc8b-9be19f284edd-1784269758005-820d7216-f038-4795-972d-9cdfd5a928f9-stereo.wav,23882,019f6ec1-ad9f-7ff2-bc8b-9be19f284edd
Hot Seller / Landlord,HAMMOUDE ALI DAOUD,+971509663452,ELITE BUSINESS BAY RESIDENCE,1611,Business Bay,Apartment,-,2026-07-16 07:13:20.421+00,0,Awaiting availability – anyone who says yes to rent or sell according to the complete flow,"positive - Open to renting, not selling; unsure of rental price",,https://qgxgtavkovqklijfpnfl.supabase.co/storage/v1/object/public/owners_data_second/01a0a8a9-f27b-7cca-af31-10954a871729-1789536181703-01a4be44-2e3f-4b47-a4e8-e1becee0f679-stereo.wav,29123,01a09e63-a43d-7000-903a-ebb20a0eef9e
Hot Seller / Landlord,HAMMOUDE ALI DAOUD,+971509663452,ELITE BUSINESS BAY RESIDENCE,1611,Business Bay,Apartment,-,2026-07-16 07:13:20.421+00,0,Awaiting availability – anyone who says yes to rent or sell according to the complete flow,"positive - Open to renting, not selling; unsure of rental price",,https://qgxgtavkovqklijfpnfl.supabase.co/storage/v1/object/public/owners_data_second/01a0a8a9-f27b-7cca-af31-10954a871729-1789536181703-01a4be44-2e3f-4b47-a4e8-e1becee0f679-stereo.wav,29123,019fa29b-774c-7776-9b05-c22116c0aef2
Hot Seller / Landlord,HAMMOUDE ALI DAOUD,+971509663452,ELITE BUSINESS BAY RESIDENCE,1611,Business Bay,Apartment,-,2026-07-16 07:13:20.421+00,0,Awaiting availability – anyone who says yes to rent or sell according to the complete flow,"positive - Open to renting, not selling; unsure of rental price",,https://qgxgtavkovqklijfpnfl.supabase.co/storage/v1/object/public/owners_data_second/01a0a8a9-f27b-7cca-af31-10954a871729-1789536181703-01a4be44-2e3f-4b47-a4e8-e1becee0f679-stereo.wav,29123,01a089cd-c195-7ee3-b201-c4ba04854e0f
Hot Seller / Landlord,KAVEH AZIZOLLAH HATAMI,+971505536314,LAKE TERRACE,3701,Jumeirah Lake Towers (JLT),Apartment,-,2026-07-15 12:59:33.989+00,32,Awaiting availability – anyone who says yes to rent or sell according to the complete flow,"Owner abroad, will return in 1 month, no decision now",,https://qgxgtavkovqklijfpnfl.supabase.co/storage/v1/object/public/call_recordings_16july/019f65dc-4910-7117-af60-653eb3ec2338-1784120408166-47928c00-c41c-4815-aa7d-3d54aa0263de-stereo.wav,23924,019f65dc-4910-7117-af60-653eb3ec2338
Hot Seller / Landlord,HANI SULIMAN ABU AUIDA,+971504502530,MAZAYA BUSINESS AVENUE BB2,2607,Jumeirah Lake Towers (JLT),Apartment,-,2026-07-15 12:20:36.757+00,48,Awaiting availability – anyone who says yes to rent or sell according to the complete flow,"Confirmed open to selling or renting, requested WhatsApp follow-up",,https://qgxgtavkovqklijfpnfl.supabase.co/storage/v1/object/public/call_recordings/019f65b8-57f7-7ccb-be78-7d1a9424a2d3-1784118087439-18474cee-87fe-4b06-a7f6-d83076209e37-stereo.wav,21342,019f65b8-57f7-7ccb-be78-7d1a9424a2d3
Hot Seller / Landlord,MOHAMMAD ABBAS BABBA ABBAS,+971507861201,Diamondz by Danube,2521,Jumeirah Lake Towers (JLT),Apartment,-,2026-07-15 09:59:16.926+00,68,Awaiting availability – anyone who says yes to rent or sell according to the complete flow,"Willing to sell after completion, prefers to wait until ready",,https://qgxgtavkovqklijfpnfl.supabase.co/storage/v1/object/public/call_recordings/019f6537-170b-7000-8a93-67e61a9e8c0d-1784109627838-4dd663bf-8ccb-4c14-9eff-51a6121149ab-stereo.wav,21274,019f6537-170b-7000-8a93-67e61a9e8c0d
Hot Seller / Landlord,TAUSIF AKRAM MUHAMMAD AKRAM SHEIKH,+971568927183,Diamondz by Danube,4319,Jumeirah Lake Towers (JLT),Apartment,-,2026-07-15 09:51:43.721+00,89,Awaiting availability – anyone who says yes to rent or sell according to the complete flow,"Will rent out unit after ready, suggested call back in 6 months",,https://qgxgtavkovqklijfpnfl.supabase.co/storage/v1/object/public/call_recordings/019f6530-6159-7225-bed8-548cc2d18e09-1784109195815-f8ff95a9-456e-4217-9da2-c45a33b2710c-stereo.wav,21256,019f6530-6159-7225-bed8-548cc2d18e09
Hot Seller / Landlord,JIHAD EL LAWAND,+971504117615,Wind Tower II,120,Jumeirah Lake Towers (JLT),Apartment,-,2026-07-14 13:14:39.969+00,146,Awaiting availability – anyone who says yes to rent or sell according to the complete flow,Owner will rent or sell office after October handover,,https://qgxgtavkovqklijfpnfl.supabase.co/storage/v1/object/public/call_recordings/019f60c3-7a3f-7000-8c84-39e7d03bb50c-1784035028860-7f21827f-e0ea-4e85-a629-b4b524814864-stereo.wav,21232,019f60c3-7a3f-7000-8c84-39e7d03bb50c
Hot Seller / Landlord,NATALIA KOROLEVA,+971502426582,Orra The Embankment,322,Jumeirah Lake Towers (JLT),Apartment,-,2026-07-14 12:46:27.49+00,175,Awaiting availability – anyone who says yes to rent or sell according to the complete flow,"Owner wants to rent out unit, asked for rental valuation",,https://qgxgtavkovqklijfpnfl.supabase.co/storage/v1/object/public/call_recordings/019f60a9-b843-722b-9e4f-145e9d94ceb3-1784033365623-e0009081-b68a-46c7-9df8-ab82746a0431-stereo.wav,25125,019f60a9-b843-722b-9e4f-145e9d94ceb3
Hot Seller / Landlord,SALMON TABAROV,+971588813023,LAKE VIEW,3308,Jumeirah Lake Towers (JLT),Apartment,-,2026-07-14 12:37:57.731+00,146,Awaiting availability – anyone who says yes to rent or sell according to the complete flow,"Wants to sell, provided property details, referred to existing agency",,https://qgxgtavkovqklijfpnfl.supabase.co/storage/v1/object/public/call_recordings/019f60a2-2c28-7000-80af-6387755d6274-1784032826741-fb0fa0a8-ea9d-4d27-a7aa-d07fc1b27ba0-stereo.wav,21209,019f60a2-2c28-7000-80af-6387755d6274
Hot Seller / Landlord,RISHI GOVIND MAHTANI,+971585707780,Sobha Verde,4507,Jumeirah Lake Towers (JLT),Apartment,-,2026-07-14 11:20:27.445+00,57,Awaiting availability – anyone who says yes to rent or sell according to the complete flow,"Open to sell if serious offer, prefers WhatsApp info",,https://qgxgtavkovqklijfpnfl.supabase.co/storage/v1/object/public/call_recordings/019f605b-0eed-744d-b85c-bcbbd9f379f0-1784028087252-64fe3b1b-8089-4169-a2c5-c3d30da00ffe-stereo.wav,21157,019f605b-0eed-744d-b85c-bcbbd9f379f0
Hot Seller / Landlord,NADEEM YAKUB MERCHANT,+971505847861,O2 Residences,3102,Jumeirah Lake Towers (JLT),Apartment,-,2026-07-14 10:19:55.262+00,149,Awaiting availability – anyone who says yes to rent or sell according to the complete flow,"Wants to rent out 3 bed, seeks 185k, open to offers",,https://qgxgtavkovqklijfpnfl.supabase.co/storage/v1/object/public/call_recordings/019f6023-d08b-7000-8567-18f99c2d27e5-1784024546608-c9ebb3db-a055-41ad-b33b-ca67f879ba2e-stereo.wav,23828,019f6023-d08b-7000-8567-18f99c2d27e5
Hot Seller / Landlord,MANISH DHINGRA ASHOK KUMAR DHINGRA,+919911176288,Marriott Residences JLT,2502,Jumeirah Lake Towers (JLT),Apartment,-,2026-07-14 07:21:21.24+00,120,Awaiting availability – anyone who says yes to rent or sell according to the complete flow,"Unit under construction, open to follow-up once ready",,https://qgxgtavkovqklijfpnfl.supabase.co/storage/v1/object/public/call_recordings/019f5f80-0721-7446-b693-beb18c65ad7d-1784013804109-0dcee4b8-0508-442d-84a4-4eb6f43a75c5-stereo.wav,18598,019f5f80-0721-7446-b693-beb18c65ad7d
Hot Seller / Landlord,BRIJAL MAHESH SHAH,+971552055605,ARMADA 3,1911,Jumeirah Lake Towers (JLT),Apartment,-,2026-07-09 11:31:28.087+00,154,Awaiting availability – anyone who says yes to rent or sell according to the complete flow,"positive - Wants to rent 2BR at Armada 3, expects 130k+, currently listed elsewhere",,https://qgxgtavkovqklijfpnfl.supabase.co/storage/v1/object/public/call_recordings/019f46a5-871e-7335-8842-7d82920b462a-1783596845118-a3d0e7b4-7760-4cc6-80c4-628e0bd7b8ee-stereo.wav,23800,019f46a5-871e-7335-8842-7d82920b462a
Hot Seller / Landlord,MUHAMMAD ALI SYED SYED SHAMIM HAIDER,+971502245408,ARMADA 3,1301,Jumeirah Lake Towers (JLT),Apartment,-,2026-07-03 12:45:50.012+00,9,Awaiting availability – anyone who says yes to rent or sell according to the complete flow,"Voicemail or recorded message, no live human response",,https://storage.vapi.ai/019f2803-40bb-7000-91dc-93a1af967592-1783082761904-70efd886-ccbd-4ad3-88a5-3fbb682890db-mono.wav,22365,019f2803-40bb-7000-91dc-93a1af967592
Hot Seller / Landlord,DILIARA CHAGAEVA,+971544761120,UH EAST BY ELLINGTON,E-911,Jumeirah Lake Towers (JLT),Apartment,-,2026-07-03 11:20:38.506+00,81,Awaiting availability – anyone who says yes to rent or sell according to the complete flow,"hesitant - Willing to consider selling if there is a ready buyer, prefers initial offer on WhatsApp",,https://storage.vapi.ai/019f27b5-6bf7-7007-b0ed-0b30f72bae56-1783077721789-db7c9280-ed22-435d-b1af-5b2294155678-mono.wav,19909,019f27b5-6bf7-7007-b0ed-0b30f72bae56
Hot Seller / Landlord,JAWAHIR HUSSAIN SALEEM SALEEM EUSUF,+971566883897,Lakepoint N2,1611,Jumeirah Lake Towers (JLT),Apartment,-,2026-06-02 13:59:01.287+00,112,Awaiting availability,"Customer wants to rent 1-bed apartment in Icon Tower, agreed to list",,https://storage.vapi.ai/019e88a1-45df-7000-8032-cc43665ae6d2-1780408855919-aaf266ad-a257-4bdf-81e2-38d5ca310928-mono.wav,21099,019e88a1-45df-7000-8032-cc43665ae6d2
Hot Seller / Landlord,SHAISTA ASIF MUHAMMAD ASIF AHMED,+971552286000,JUMAIRAH BAY TOWER-X2,1207,Jumeirah Lake Towers (JLT),Apartment,-,2026-06-02 13:45:26.172+00,30,Awaiting availability,"Property rented, not available to sell currently",,https://storage.vapi.ai/019e8894-e20a-7000-98ce-8a0ac5021118-1780407958609-cb333bec-1412-40cd-ac28-4a4a98cec3b3-mono.wav,21143,019e8894-e20a-7000-98ce-8a0ac5021118
Hot Seller / Landlord,VICKY PRADEEP RUPANI PRADEEP PARMANAND RUPANI,+971501012934,Tiffany Towers,2408,Jumeirah Lake Towers (JLT),Apartment,-,2026-06-02 12:37:45.956+00,34,Awaiting availability,Open to selling if good buyer and fair price,,https://storage.vapi.ai/019e8856-eadf-7994-8107-6c838e10c1c4-1780403903027-6113066f-272e-4af9-b4ef-472b9d7dde2c-mono.wav,19806,019e8856-eadf-7994-8107-6c838e10c1c4
Hot Seller / Landlord,VINIKA CHOPRA,+971556104973,JUMAIRAH BAY TOWER-X3,910,Jumeirah Lake Towers (JLT),Apartment,-,2026-06-02 10:38:12.253+00,57,Awaiting availability,"Property rented, follow up scheduled for December regarding renting or selling",,https://storage.vapi.ai/019e87e9-642d-700b-b3d7-44fb01fa79d1-1780396752245-254898f7-5267-475e-8522-8e9808967e27-mono.wav,26220,019e87e9-642d-700b-b3d7-44fb01fa79d1
Hot Seller / Landlord,ARCHANA PANDEY,+971588323066,SEEF 3,1804,Jumeirah Lake Towers (JLT),Apartment,-,2026-06-02 10:22:40.333+00,0,Awaiting availability – anyone who says yes to rent or sell according to the complete flow,"Open to sell or rent, asked to call back at 2 PM",,https://qgxgtavkovqklijfpnfl.supabase.co/storage/v1/object/public/owners_data_second/01a00ed8-da7f-7000-9493-370881a036aa-1786955587384-62a0c8da-bd0a-414c-9abd-38c544ac4670-stereo.wav,27731,019f6f10-0777-7dd4-bccd-e639068e1808
Hot Seller / Landlord,ARSHAAD FAROUK KASMANI,+971561885061,GOLDCREST VIEWS 2,1310,Jumeirah Lake Towers (JLT),Apartment,-,2026-06-02 10:22:40.333+00,0,Awaiting availability – anyone who says yes to rent or sell according to the complete flow,"Open to selling or renting, prefers area specialist, has current representation",,https://qgxgtavkovqklijfpnfl.supabase.co/storage/v1/object/public/owners_data_second/01a00f1b-efdd-7000-9652-de803bedcc78-1786959991230-7bd7be92-fe80-4a55-82a5-3b18452e824c-stereo.wav,27739,019f6f39-b7a5-7443-903d-42f2025b3a48
Hot Seller / Landlord,AJAY JAIN SUBHASH CHAND JAIN,+971569079794,SABA 3,1204,Jumeirah Lake Towers (JLT),Apartment,-,2026-06-02 10:22:40.333+00,0,Awaiting availability – anyone who says yes to rent or sell according to the complete flow,"Wants to rent out 1BR, expects 90K, already listed, requested email follow-up",,https://qgxgtavkovqklijfpnfl.supabase.co/storage/v1/object/public/owners_data_second/01a00e6a-b08e-7000-9bc0-e20b0b25d175-1786948399825-4d3f1262-e632-4681-b274-ae6ee9c2a607-stereo.wav,27750,019f6f85-1b7f-7dd5-a424-cdb99fa36555
Hot Seller / Landlord,DISHA JAWAHAR MEHTA,+971559576371,GREEN LAKES S1,1008,Jumeirah Lake Towers (JLT),Apartment,-,2026-06-02 10:22:35.909+00,0,Awaiting availability – anyone who says yes to rent or sell according to the complete flow,"Wants to rent out unit, shared price and tenant terms",,https://qgxgtavkovqklijfpnfl.supabase.co/storage/v1/object/public/owners_data_second/019fffa9-1ef4-766c-a5df-77182e75647f-1786700828798-cfdc6dd4-5dd9-451e-811a-666939846557-stereo.wav,27625,019f5fb6-1c74-7773-9747-ed8a72ab32a1
Hot Seller / Landlord,MALEK BUKADIDA,+971502685085,Seven City JLT,C12 03,Jumeirah Lake Towers (JLT),Apartment,-,2026-06-02 10:20:51.662+00,0,Awaiting availability – anyone who says yes to rent or sell according to the complete flow,neutral - Asked for details on WhatsApp after selling/renting question,,https://qgxgtavkovqklijfpnfl.supabase.co/storage/v1/object/public/owners_data_second/01a0c39e-6842-7000-a2b1-03c6bb0db602-1789988409145-6319a720-0588-4cf0-a742-7eb3517d6bfe-stereo.wav,25257,01a0b363-e8b9-799e-a092-7141c8d8af92
Hot Seller / Landlord,MALEK BUKADIDA,+971502685085,Seven City JLT,C12 03,Jumeirah Lake Towers (JLT),Apartment,-,2026-06-02 10:20:51.662+00,0,Awaiting availability – anyone who says yes to rent or sell according to the complete flow,neutral - Asked for details on WhatsApp after selling/renting question,,https://qgxgtavkovqklijfpnfl.supabase.co/storage/v1/object/public/owners_data_second/01a0c39e-6842-7000-a2b1-03c6bb0db602-1789988409145-6319a720-0588-4cf0-a742-7eb3517d6bfe-stereo.wav,25257,01a03336-2216-700d-8fa7-ef4c0d44d6aa
Hot Seller / Landlord,MALEK BUKADIDA,+971502685085,Seven City JLT,C12 03,Jumeirah Lake Towers (JLT),Apartment,-,2026-06-02 10:20:51.662+00,0,Awaiting availability – anyone who says yes to rent or sell according to the complete flow,neutral - Asked for details on WhatsApp after selling/renting question,,https://qgxgtavkovqklijfpnfl.supabase.co/storage/v1/object/public/owners_data_second/01a0c39e-6842-7000-a2b1-03c6bb0db602-1789988409145-6319a720-0588-4cf0-a742-7eb3517d6bfe-stereo.wav,25257,01a00e39-f804-7000-96c3-e7a8b3204bc6
Hot Seller / Landlord,MALEK BUKADIDA,+971502685085,Seven City JLT,C12 03,Jumeirah Lake Towers (JLT),Apartment,-,2026-06-02 10:20:51.662+00,0,Awaiting availability – anyone who says yes to rent or sell according to the complete flow,neutral - Asked for details on WhatsApp after selling/renting question,,https://qgxgtavkovqklijfpnfl.supabase.co/storage/v1/object/public/owners_data_second/01a0c39e-6842-7000-a2b1-03c6bb0db602-1789988409145-6319a720-0588-4cf0-a742-7eb3517d6bfe-stereo.wav,25257,01a04371-22d6-7eef-b246-10b38c9bf195
Hot Seller / Landlord,RITA MANOJ PANDEY,+971505512361,Indigo Tower,2505,Jumeirah Lake Towers (JLT),Apartment,-,2026-06-02 10:20:35.644+00,0,Awaiting availability – anyone who says yes to rent or sell according to the complete flow,"positive - Open to sell or rent, quoted 1.25M sale, 80-85k monthly rent, wants WhatsApp",,https://qgxgtavkovqklijfpnfl.supabase.co/storage/v1/object/public/owners_data_third/01a0b85a-caa1-7dd9-af93-d5699b550303-1789799508605-9b777354-6580-48d9-a3b5-ce8c9fdb0028-stereo.wav,24956,
Hot Seller / Landlord,YUXUAN WANG,+971529563032,Dubai Star,4004,Jumeirah Lake Towers (JLT),Apartment,-,2026-06-02 10:20:35.644+00,0,Awaiting availability – anyone who says yes to rent or sell according to the complete flow,"positive - Wants to sell 1BR at Dubai Star for 1.1M, unit available after 20th",,https://qgxgtavkovqklijfpnfl.supabase.co/storage/v1/object/public/call_recordings_16july/01a0b349-6f13-7994-8890-b7c2dc0a815a-1789714500339-51933a68-055a-4e2d-b290-e51c00335f13-stereo.wav,24996,019e8871-366b-7669-bcf8-1c2a7aea5011
Hot Seller / Landlord,FEROZA MOHAMMED ANIS DADANI,+971504213824,LAKE TERRACE,1002,Jumeirah Lake Towers (JLT),Apartment,-,2026-06-02 10:19:51.253+00,0,Awaiting availability – anyone who says yes to rent or sell according to the complete flow,"positive - Wants to rent out studio at Lake Terrace for 73k, ready in 1 week",,https://qgxgtavkovqklijfpnfl.supabase.co/storage/v1/object/public/owners_data_third/01a0b364-6a59-7774-8d9d-02a3ce30dbaa-1789716232221-4a705fc6-24f7-4a6b-869f-10d42c6c273b-stereo.wav,24094,
Hot Seller / Landlord,MAZHAR ALI CHAWLA,+9710506463929,Dubai Star,G-13,Jumeirah Lake Towers (JLT),Apartment,-,2026-06-02 10:19:49.113+00,0,Awaiting availability – anyone who says yes to rent or sell according to the complete flow,"curious - Asked what we would offer for Dubai Star unit, confirmed no bedroom/studio",,https://qgxgtavkovqklijfpnfl.supabase.co/storage/v1/object/public/call_recordings_16july/01a0b8dd-3e13-7dd9-a627-6365c6d105a6-1789808027843-a4555c19-177d-4350-9f68-4bceeee60ee0-stereo.wav,24007,
Hot Seller / Landlord,DILSHAD KHAN SARDAR KHAN,+971501981929,Viewz 2 By Danube,2912,Jumeirah Lake Towers (JLT),Apartment,-,2026-06-02 10:18:46.552+00,0,Awaiting availability – anyone who says yes to rent or sell according to the complete flow,"Asked if we have a buyer, interested in selling",,https://qgxgtavkovqklijfpnfl.supabase.co/storage/v1/object/public/owners_data_second/01a01951-e8e3-711c-a5a9-de0dcde16fc8-1787131256620-91d9dbfe-b716-4752-acb0-51b4f53d16ef-stereo.wav,22651,01a00e4d-4a6c-7000-8871-60a21a546338
Hot Seller / Landlord,DILSHAD KHAN SARDAR KHAN,+971501981929,Viewz 2 By Danube,2912,Jumeirah Lake Towers (JLT),Apartment,-,2026-06-02 10:18:46.552+00,0,Awaiting availability – anyone who says yes to rent or sell according to the complete flow,"Asked if we have a buyer, interested in selling",,https://qgxgtavkovqklijfpnfl.supabase.co/storage/v1/object/public/owners_data_second/01a01951-e8e3-711c-a5a9-de0dcde16fc8-1787131256620-91d9dbfe-b716-4752-acb0-51b4f53d16ef-stereo.wav,22651,019f65cf-702f-7117-aeba-1dc6ff90110a
Hot Seller / Landlord,RAVI MISHRA GANESH CHANDRA MISHRA,+971522952527,MADINA TOWER,1307,Jumeirah Lake Towers (JLT),Apartment,-,2026-06-02 10:18:37.859+00,0,Awaiting availability – anyone who says yes to rent or sell according to the complete flow,"Wants to sell, out of UAE, requested callback after return",,https://qgxgtavkovqklijfpnfl.supabase.co/storage/v1/object/public/owners_data_second/01a0004d-7ece-7ff3-a3d7-75f865781193-1786711613376-80d6ac25-7483-4fdc-b92f-ffaf1d98823f-stereo.wav,22414,019f6041-9ee4-7bbf-a5ba-cc160496dd0d
Hot Seller / Landlord,HASNAA TOUILI,+971569095757,Me Do Re 2,1002,Jumeirah Lake Towers (JLT),Apartment,-,2026-06-02 10:17:54.266+00,0,Awaiting availability – anyone who says yes to rent or sell according to the complete flow,"Unit listed with 3 agents, process going well",,https://qgxgtavkovqklijfpnfl.supabase.co/storage/v1/object/public/owners_data_second/01a013c7-df82-7662-8a78-6f1280296bb2-1787038342195-515df056-e1c2-4a0b-b7b8-09264984f48d-stereo.wav,21454,019f7042-a25a-7337-9e98-f5037264568a
Hot Seller / Landlord,HITESH KIRANRAJ LALWANI,+971504578245,Orra The Embankment - Tower 1,2004,Jumeirah Lake Towers (JLT),Apartment,-,2026-06-02 10:17:52.26+00,0,Awaiting availability – anyone who says yes to rent or sell according to the complete flow,"Wants to rent out 2BR unit at Ora, open to agent follow-up",,https://qgxgtavkovqklijfpnfl.supabase.co/storage/v1/object/public/owners_data_second/01a00f53-0bf1-7113-bdb8-6dda37e34d44-1786963637867-44d41883-a3dc-4b40-ba0c-f06ca338c218-stereo.wav,21449,019f6f6b-3374-7770-926e-ff1301eba7b6
Hot Seller / Landlord,MANISH GARG,+971547482902,FORTUNE TOWER,2402,Jumeirah Lake Towers (JLT),Apartment,-,2026-06-02 10:17:45.912+00,0,Awaiting availability – anyone who says yes to rent or sell according to the complete flow,"Has empty shop in X3 tower, open to renting it out",,https://qgxgtavkovqklijfpnfl.supabase.co/storage/v1/object/public/owners_data_second/01a018ad-3a74-7dd6-8f87-78b7d0d91bab-1787120562166-98609a6a-9e3a-4a29-ad16-0cc1e83feb35-stereo.wav,21284,019f6545-24e6-722c-91c8-806ccb6941f6
Hot Seller / Landlord,MANISH GARG,+971547482902,FORTUNE TOWER,2402,Jumeirah Lake Towers (JLT),Apartment,-,2026-06-02 10:17:45.912+00,0,Awaiting availability – anyone who says yes to rent or sell according to the complete flow,"Has empty shop in X3 tower, open to renting it out",,https://qgxgtavkovqklijfpnfl.supabase.co/storage/v1/object/public/owners_data_second/01a018ad-3a74-7dd6-8f87-78b7d0d91bab-1787120562166-98609a6a-9e3a-4a29-ad16-0cc1e83feb35-stereo.wav,21284,01a0054a-38e2-7113-9ca0-8d834b391725
Hot Seller / Landlord,SOFIANE FERDI,+971558685139,Viewz 1 By Danube,2806,Jumeirah Lake Towers (JLT),Apartment,-,2026-06-02 10:17:39.345+00,0,Awaiting availability – anyone who says yes to rent or sell according to the complete flow,"Asked about price for 1 bed, open to sell or rent",,https://qgxgtavkovqklijfpnfl.supabase.co/storage/v1/object/public/owners_data_second/01a00ef8-3a2d-733a-bcb4-b5d037c9c2d0-1786957625930-b7169cf6-6343-4c90-b4d6-e3b37a45dcf5-stereo.wav,21133,019f27eb-aa9d-766e-a5ec-ce4b4e9eab88
Hot Seller / Landlord,MOHAMAD KURDI,+971565019483,Seven City JLT,A26 19,Jumeirah Lake Towers (JLT),Apartment,-,2026-06-02 10:17:05.777+00,0,Awaiting availability – anyone who says yes to rent or sell according to the complete flow,"Willing to sell, wants valuation, shared minimum price, provided WhatsApp",,https://qgxgtavkovqklijfpnfl.supabase.co/storage/v1/object/public/owners_data_second/01a013fe-fb36-722c-9712-1c6e09ad154e-1787042071455-d85564d5-996b-4aee-9eab-b3178f9dbefc-stereo.wav,20366,019f73a6-371f-7eea-ac5b-391838fa0cfd
Hot Seller / Landlord,NIKHIL VARSHNEY SUNIL KUMAR VARSHNEY,+971588987419,SABA 2,2507,Jumeirah Lake Towers (JLT),Apartment,-,2026-06-02 10:16:51.586+00,0,Awaiting availability – anyone who says yes to rent or sell according to the complete flow,"Wants to sell in future, not ready for at least 1 year",,https://qgxgtavkovqklijfpnfl.supabase.co/storage/v1/object/public/owners_data_second/01a0041a-4233-722d-a75b-7467c7688673-1786775361326-11f5607d-af91-4f04-adc3-749cd8a48215-stereo.wav,20056,019f6085-b702-7116-b4fa-428b2fcd5553
Hot Seller / Landlord,ABDOLRAHIM SHEIKH MOHAMMAD SAEID FAGHIHI,+971506445228,Dubai Star,P1-07,Jumeirah Lake Towers (JLT),Apartment,-,2026-06-02 10:15:54.806+00,0,Awaiting availability – anyone who says yes to rent or sell according to the complete flow,"Has multiple Dubai properties for sale and rent, referred to contact Bernie",,https://qgxgtavkovqklijfpnfl.supabase.co/storage/v1/object/public/call_recordings_16july/019f8342-2e3f-7cc5-aad0-35d0a94be5eb-1784613682596-50f61286-4aae-4e7e-80b6-0c10b2605608-stereo.wav,18903,01a0b92f-5fe8-7ff5-b5fb-3178baa58df1
Hot Seller / Landlord,PRAGEETH MADHUSHANKA PALLIYAGURU,+971561703490,Al Furjan,407,Al Furjan,Unit,-,2026-05-23 08:26:51.896+00,39,Awaiting availability,"Open to selling, requests WhatsApp message for details",,https://storage.vapi.ai/019e53f1-8828-7331-add1-e3538facf94a-1779524853594-1ba1aa8e-2f44-4168-abb9-e24f5b5b0219-mono.wav,16735,019e53f1-8828-7331-add1-e3538facf94a
Hot Seller / Landlord,RUBEN CHRISTOPHER D SOUZA RAYMOND MICHAEL D SOUZA,+971505448002,AL FURJAN,null,Al Furjan,Land,-,2026-05-23 07:46:15.645+00,33,Awaiting availability,Customer said property already sold last year,,https://storage.vapi.ai/019e53cc-66e0-7229-ab9a-eb3364dc8651-1779522410901-77f8a683-acd0-4c9a-af64-5774c9b6d65d-mono.wav,16745,019e53cc-66e0-7229-ab9a-eb3364dc8651
Hot Seller / Landlord,MOHAMED SULTAN MOHAMED JUMAA ALMARZOOQI,+971500699962,Azizi Berton,403,Al Furjan,Unit,-,2026-05-23 05:30:07.57+00,141,Awaiting availability,"Customer open to selling or renting, scheduled callback for December 25",,https://storage.vapi.ai/019e534f-3718-7331-a864-b770174beedd-1779514351290-632e019f-1fc6-4aa0-b7b9-6e357088b1f5-mono.wav,16455,019e534f-3718-7331-a864-b770174beedd
Hot Seller / Landlord,ANIL KUMAR RAMA NAKIRIKANTI,+971507688473,AVENUE RESIDENCE1,804,Al Furjan,Unit,-,2026-05-22 13:37:53.026+00,78,Awaiting availability,"Interested in selling, requested price details via WhatsApp",,https://storage.vapi.ai/019e4fe7-ef9a-7000-9967-671898f68dd6-1779457154025-295d6763-a1a1-4d53-98e3-66f4c617260b-mono.wav,16283,019e4fe7-ef9a-7000-9967-671898f68dd6
Hot Seller / Landlord,MOHAMED SALEM BAKHEET MABKHOUT ALAMERI,+971504433747,AL FURJAN,null,Al Furjan,Land,-,2026-05-22 12:28:12.217+00,31,Awaiting availability,"Confirmed property served, open to selling or renting",,https://storage.vapi.ai/019e4fa7-89cc-7227-b472-4dc3672a7e51-1779452925434-70e6275b-9414-4856-be32-3a4b4184faee-mono.wav,16502,019e4fa7-89cc-7227-b472-4dc3672a7e51
Hot Seller / Landlord,ANANTHI SHRIKATHIRESAN SEENIVASAN,+971554204819,AL FURJAN,null,Al Furjan,Land,-,2026-05-22 12:21:25.153+00,57,Awaiting availability,"Open to selling or renting, already listed with other agents",,https://storage.vapi.ai/019e4fa1-db47-7000-9de2-9e2af4a5ff6d-1779452545162-c94d981b-0d21-4cc8-80eb-707549b31d32-mono.wav,16458,019e4fa1-db47-7000-9de2-9e2af4a5ff6d
Hot Seller / Landlord,RAJA GULATI BALDEV RAJ GULATI,+971509566994,PG UPPERHOUSE,406,Al Furjan,Unit,-,2026-05-22 12:20:20.446+00,73,Awaiting availability,Will decide and contact in October about selling or renting,,https://storage.vapi.ai/019e4fa0-cd52-7000-9dcf-e514f1f177f9-1779452495597-b7f015d9-01b9-4118-8e50-b8adaa522e06-mono.wav,16410,019e4fa0-cd52-7000-9dcf-e514f1f177f9
Hot Seller / Landlord,ASHOK KUMAR SANKARAN,+971582786686,Azizi Berton,325,Al Furjan,Unit,-,2026-05-22 12:13:46.181+00,56,Awaiting availability,"Interested in selling, will send WhatsApp message with details",,https://storage.vapi.ai/019e4f9a-eb3c-7227-b383-896cdce23e3b-1779452084940-aa242e79-c6f0-46b7-9dc6-5f1bf397805c-mono.wav,16336,019e4f9a-eb3c-7227-b383-896cdce23e3b
Hot Seller / Landlord,FAIZA MUHAMMAD ASIF,+971555596794,Al Furjan,null,Al Furjan,Building,-,2026-05-22 11:39:06.322+00,50,Awaiting availability,"Customer sold unit, willing to share other properties via WhatsApp",,https://storage.vapi.ai/019e4f7b-377a-7aa2-bc39-a2f3f6020ba0-1779449998920-3e6ccfbe-f591-42d8-8174-fca2c520ceeb-mono.wav,16520,019e4f7b-377a-7aa2-bc39-a2f3f6020ba0
Hot Seller / Landlord,KHALID MOHAMMED HAIDER ALI ALAMADI,+971507272725,Al Furjan,null,0,Land,-,2026-05-22 11:38:55.6+00,37,Awaiting availability,"Customer confirmed identity, asked about selling or renting",,https://storage.vapi.ai/019e4f7b-0d9b-7227-b132-3a94a20b1a89-1779449975605-509518ba-0704-4a2e-9ab5-eb0003ceaf11-mono.wav,16488,019e4f7b-0d9b-7227-b132-3a94a20b1a89
Hot Seller / Landlord,ABDELKARIM BOUGUERROUCHE,+971507949075,ELITE BUSINESS BAY RESIDENCE,120,Business Bay,Apartment,-,2026-05-22 11:37:58.056+00,39,Awaiting availability – anyone who says yes to rent or sell according to the complete flow,"positive - Wants to sell and rent out, currently exclusive with Real Choice",,https://storage.vapi.ai/019e4f7a-3831-722f-ac79-87ea92e42613-1779449919533-71426824-5341-4cdc-b464-44149b39661d-mono.wav,28953,019e4f7a-3831-722f-ac79-87ea92e42613
Hot Seller / Landlord,SHIVANI MANGAL MANGAL SINGH,+971582271393,Al Furjan,null,Al Furjan,Building,-,2026-05-22 11:26:56.137+00,17,Awaiting availability,"Confirmed on call, agent asked about selling or renting property",,https://storage.vapi.ai/019e4f6f-ca04-7000-a4ae-c2719e5601f3-1779449235833-50970955-8e74-4463-8689-a95a221b6a08-mono.wav,16202,019e4f6f-ca04-7000-a4ae-c2719e5601f3
Hot Seller / Landlord,SALMAN IRSHAD IRSHAD AHMED QURESHI,+971506405318,AL FURJAN,null,Al Furjan,Commercial,-,2026-05-22 11:13:15.652+00,25,Awaiting availability,Customer open to selling or renting unit at AL Furjan,,https://storage.vapi.ai/019e4f63-8204-744c-acb0-a8b594995cd9-1779448422968-5d6b5003-01b0-41c6-b106-97dcabc26cb9-mono.wav,16027,019e4f63-8204-744c-acb0-a8b594995cd9
Hot Seller / Landlord,SHOAIB OMAR,+971558917011,Al Furjan,null,Al Furjan,Building,-,2026-05-22 10:53:11.762+00,28,Awaiting availability,"Customer willing to stay on line, open to discuss selling or renting",,https://storage.vapi.ai/019e4f51-4784-7000-bf87-ca42adcdb850-1779447222536-39707299-6d89-4a2f-b412-3a0cf4c37447-mono.wav,16481,019e4f51-4784-7000-bf87-ca42adcdb850
Hot Seller / Landlord,KUMAR VELLORE JAGADEESAN,+971509225459,ALFURJAN PACKAGE 6,null,Al Furjan,Land,-,2026-05-22 10:53:11.221+00,57,Awaiting availability,Not interested in selling or renting at this point,,https://storage.vapi.ai/019e4f50-765d-722f-a4d7-4cf357532cec-1779447251183-4a51efd5-3327-4800-9a4c-6a89d012c099-mono.wav,16436,019e4f50-765d-722f-a4d7-4cf357532cec
Hot Seller / Landlord,SHAFEEQA HUSAIN SALEH AHMED ALMARZOOQI,+971551064561,Azizi Star Hotel Apartments,1216,Al Furjan,Unit,-,2026-05-22 10:52:11.149+00,29,Awaiting availability,Confirmed identity; asked about selling or renting property,,https://storage.vapi.ai/019e4f50-2205-7333-a819-d5acf7503e2f-1779447162279-80d86793-ec2c-4075-b368-9688f1883f08-mono.wav,16402,019e4f50-2205-7333-a819-d5acf7503e2f
Hot Seller / Landlord,GIL MENDOZA GELVEZ,+971501760929,Azizi Berton,414,Al Furjan,Unit,-,2026-05-22 10:07:25.755+00,125,Awaiting availability,Customer confirmed openness to sell or rent property,,https://storage.vapi.ai/019e4f26-fa73-7990-a928-f6b53bae6099-1779444573234-4ba2da2f-4a95-476c-8027-9d0bd37b5dc3-mono.wav,16444,019e4f26-fa73-7990-a928-f6b53bae6099
Buyer Lead,SYED ASAD UR REHMAN SYED MUHAMMAD MISBAH UD DIN,+971504551730,STARZ TOWER by DANUBE,1107,Al Furjan,Unit,-,2026-05-22 08:46:22.095+00,0,Create Buyers Lead,"Interested in buying, asked about options and pricing",,https://storage.vapi.ai/019e4edc-fb7f-744c-904c-63dd6c502fa4-1779439584973-0c7dfdff-8b2f-4108-90ed-87b71f48b58d-mono.wav,16508,019e4edc-fb7f-744c-904c-63dd6c502fa4
Buyer Lead,AISHA GORI OMAR,+971544349144,Zazen Gardens,203,Al Furjan,Unit,-,2026-05-22 08:45:53.386+00,0,Create Buyers Lead,"Interested in buying, discussed preferences and budget",,https://storage.vapi.ai/019e4edc-9eb9-7000-865a-1694dada066a-1779439556323-b3262db6-68e8-4ac8-9fbf-2d33d84d3085-mono.wav,16522,019e4edc-9eb9-7000-865a-1694dada066a
Hot Seller / Landlord,SAFIA NASIR MUHAMMAD NASIR,+971586666671,Al Furjan,null,0,Land,-,2026-05-22 08:32:25.893+00,15,Awaiting availability,"Confirmed speaking, agent started about selling property",,https://storage.vapi.ai/019e4ed0-3d36-7556-aee4-a378afa98a5e-1779438763789-0ab686bb-e23c-4ea5-baef-f6608fa993f2-mono.wav,16295,019e4ed0-3d36-7556-aee4-a378afa98a5e
Hot Seller / Landlord,RATNADEEP DAS HIRISHIKESH DAS,+971566553869,AVENUE RESIDENCE 4,510,Al Furjan,Apartment,-,2026-05-22 08:31:09.999+00,22,Awaiting availability – anyone who says yes to rent or sell according to the complete flow,"Asked about valuation for selling, mentioned unit is rented",,https://storage.vapi.ai/019e4ecf-10c0-722b-b883-180f26d1cd23-1779438694389-af3981d7-675f-484c-8c07-3c08316b12fe-mono.wav,35677,019e4ecf-10c0-722b-b883-180f26d1cd23
Hot Seller / Landlord,HANIN EL MAKKOUI,+971504533001,AL FURJAN,null,Al Furjan,Residential,-,2026-05-22 07:07:05.027+00,155,Awaiting availability,Considering renting property but no plans to list or sell soon,,https://storage.vapi.ai/019e4e82-074e-700a-8798-0e7953990d80-1779433782683-1a1c5442-55e9-4044-9d29-b712e6e4fdf5-mono.wav,15709,019e4e82-074e-700a-8798-0e7953990d80
Hot Seller / Landlord,MOHAMMED ALI HABIB,+971559655395,CANDACE ACACIA HOTEL APARTMENTS,801,Al Furjan,Hotel Apartment,-,2026-05-22 06:45:59.057+00,22,Awaiting availability – anyone who says yes to rent or sell according to the complete flow,"negative - Has property on market for sale, wants buyer, 1 bedroom at Candace Acacia",,https://storage.vapi.ai/019e4e6e-9c22-766e-8515-28f29c2af5d7-1779432383335-931b619f-7ebc-4bbf-8b0b-5c1edcd9bd8c-mono.wav,15415,019e4e6e-9c22-766e-8515-28f29c2af5d7
Hot Seller / Landlord,YOUSUF MUJAHED HUSSAIN,+971554723025,GLAMZ RESIDENCE,214,Al Furjan,Flat,-,2026-05-22 06:38:52.063+00,23,Awaiting availability,"Unit not available, indicating potential to sell or rent out",,https://storage.vapi.ai/019e4e68-600e-7000-985f-1fbb4ee293a7-1779431957333-a2a3d62b-c48e-466f-b2b7-433a5b1de415-mono.wav,15307,019e4e68-600e-7000-985f-1fbb4ee293a7
Hot Seller / Landlord,KOOTTAYI VALAPPIL MOHAMED YACOOB HASSAN,+971507556570,STARZ TOWER by DANUBE,1110,Al Furjan,Unit,-,2026-05-22 06:32:03.282+00,51,Awaiting availability,"Agreed to discuss property listing, line dropped during availability confirmation",,https://storage.vapi.ai/019e4e62-1b81-744f-9231-67492b020762-1779431576443-dcb39172-7a97-4d23-9cd1-e40f4a33720e-mono.wav,15880,019e4e62-1b81-744f-9231-67492b020762
Hot Seller / Landlord,CONOR MURPHY,+971556614315,AL FURJAN,null,Al Furjan,Land,-,2026-05-22 06:31:56.748+00,16,Awaiting availability,Confirmed interest in selling or renting property,,https://storage.vapi.ai/019e4e61-3f92-7000-8017-4ac3246ab8d2-1779431535499-b58325c1-2258-4a27-ad1a-9b28ec359dc5-mono.wav,15837,019e4e61-3f92-7000-8017-4ac3246ab8d2
Hot Seller / Landlord,ANDREA SUSAN BYRNE,+971528243869,AL FURJAN,null,Al Furjan,Land,-,2026-05-22 06:20:53.146+00,44,Awaiting availability,Customer acknowledged unit listed with another agency,,https://storage.vapi.ai/019e4e57-e3ed-7224-b846-868c69ecf6cb-1779430899376-34797601-f378-4bf2-9659-bd99cfcf7e9c-mono.wav,15677,019e4e57-e3ed-7224-b846-868c69ecf6cb
Hot Seller / Landlord,SIVARAMA KRISHNAN MEENAKSHI SUNDARAM,+971562518410,GLAMZ RESIDENCE,108,Al Furjan,Flat,-,2026-05-22 05:29:20.292+00,31,Awaiting availability,"Customer confirmed presence, no explicit intent stated yet",,https://storage.vapi.ai/019e4e28-89f7-711d-9b34-0895e4a5e400-1779427793489-39cf282d-43ae-4a2e-ae9d-026835a9a617-mono.wav,15526,019e4e28-89f7-711d-9b34-0895e4a5e400
Hot Seller / Landlord,PANKAJ BATRA,+971552219697,AVENUE RESIDENCE 5,209,Al Furjan,Apartment,-,2026-05-22 05:16:01.544+00,41,Awaiting availability – anyone who says yes to rent or sell according to the complete flow,"Open to sell or rent, requested proposal and figures",,https://storage.vapi.ai/019e4e1c-125f-711d-9abc-54be090e4c7e-1779427005401-4c38767d-e51e-41de-a201-80e62b9e9209-mono.wav,35555,019e4e1c-125f-711d-9abc-54be090e4c7e
Hot Seller / Landlord,MAQSOOD AHMED,+971503647115,GLAMZ RESIDENCE,601,Al Furjan,Unit,-,2026-05-22 05:15:03.02+00,25,Awaiting availability,Customer responded; seller/rental intent queried,,https://storage.vapi.ai/019e4e1b-913e-711d-9ab3-bc7c77548a1f-1779426931117-99c38ef1-c6e0-4f37-b942-726b95cde1c1-mono.wav,15287,019e4e1b-913e-711d-9ab3-bc7c77548a1f
Hot Seller / Landlord,EDWARD FRANCIS ALEXANDER JAMES,+971506614048,ALFURJAN PACKAGE 4,null,Al Furjan,Land,-,2026-05-21 13:59:45.477+00,18,Awaiting availability,"Customer confirmed identity, asked about selling or renting",,https://storage.vapi.ai/019e4ad5-9f90-7000-92df-86f8e6aeb993-1779372005868-fc5206b3-08c1-4498-b404-e779356bed94-mono.wav,15702,019e4ad5-9f90-7000-92df-86f8e6aeb993
Hot Seller / Landlord,AMER MHD WAFIQ BAHLAWAN,+971505589272,MURANO RESIDENCE 1,201,Al Furjan,Unit,-,2026-05-21 13:53:05.984+00,58,Awaiting availability,"Property currently rented, not available for sale or rent",,https://storage.vapi.ai/019e4acf-9053-7000-9398-27cf15052c97-1779371646827-4c2d111b-5118-4c0c-ab19-ea8c8a9bfb75-mono.wav,15623,019e4acf-9053-7000-9398-27cf15052c97
Hot Seller / Landlord,MANZOOR SAYEED QAZI,+966505629233,GLAMZ RESIDENCE,813,Al Furjan,Flat,-,2026-05-21 13:32:16.817+00,110,Awaiting availability,Agreed to list property and requested follow-up callback,,https://storage.vapi.ai/019e4abc-68d1-7000-9ef3-3b2f40a6c33e-1779370449024-8487d6b2-1687-4c3a-b517-47ef1ae146b7-mono.wav,15326,019e4abc-68d1-7000-9ef3-3b2f40a6c33e
Hot Seller / Landlord,JAD BAHIJ DIB,+971551232212,Azizi Shaista Residence,109,Al Furjan,Unit,-,2026-05-21 13:28:00.32+00,62,Awaiting availability,"Has studio available for rent, requested WhatsApp contact",,https://storage.vapi.ai/019e4ab8-7503-7000-847a-297a6ce5c3d5-1779370145314-5c87a9f4-2b3f-4f65-b6e0-778e797570dc-mono.wav,15844,019e4ab8-7503-7000-847a-297a6ce5c3d5
Hot Seller / Landlord,SHAHRAM MOHAMMAD HOSSEIN AMINI,+971551066668,Al Furjan,null,Al Furjan,Building,-,2026-05-21 13:20:03.327+00,25,Awaiting availability,Customer acknowledged inquiry about selling or renting property,,https://storage.vapi.ai/019e4ab1-5447-7000-93ab-e7f28ca11bbc-1779369630620-b823e27a-fe31-417f-87bb-65a72ab25d31-mono.wav,15723,019e4ab1-5447-7000-93ab-e7f28ca11bbc
Hot Seller / Landlord,MOHAMMAD JAWED ALI,+971503028626,Azizi Berton,230,Al Furjan,Unit,-,2026-05-21 13:13:51.868+00,186,Awaiting availability,"Owner open to sell, prefers current broker, expects offer around 1.2 million",,https://storage.vapi.ai/019e4aab-882b-7000-9fee-8b5d56cd5735-1779369420500-9a8b8a92-951e-4154-8ee8-64e8db5fa136-mono.wav,15655,019e4aab-882b-7000-9fee-8b5d56cd5735
Hot Seller / Landlord,SAURABH PRAKASH CHHAJED,+971526084107,Azizi Berton,622,Al Furjan,Unit,-,2026-05-21 12:51:50.787+00,73,Awaiting availability,"Asked to message on WhatsApp, implied interest in selling",,https://storage.vapi.ai/019e4a97-6cfd-7000-95c5-4159b4e5b070-1779367985996-1b004b53-cbae-4296-b041-f719038063bc-mono.wav,15313,019e4a97-6cfd-7000-95c5-4159b4e5b070
Hot Seller / Landlord,POONAM JAIN,+971558253311,Al Furjan,203,Al Furjan,Unit,-,2026-05-21 12:44:53.502+00,34,Awaiting availability,"Property already rented, no interest in selling or renting",,https://storage.vapi.ai/019e4a91-248a-7000-8125-e44161909e10-1779367530056-e7d09c35-49b5-414f-a625-afa5571c4df0-mono.wav,15902,019e4a91-248a-7000-8125-e44161909e10
Hot Seller / Landlord,MAMDUKH AL KHATIB,+971503174109,Azizi Berton,105,Al Furjan,Unit,-,2026-05-21 11:13:45.256+00,74,Awaiting availability,"Interested in sending apartment info, requested Emirates ID",,https://storage.vapi.ai/019e4a3d-5ca5-7000-8e86-5b46451dc485-1779362101874-aa95500b-5339-4c9c-acb4-f6d8d5b77202-mono.wav,15838,019e4a3d-5ca5-7000-8e86-5b46451dc485
Hot Seller / Landlord,MUHAMMAD ASHRAF ABDULLAH,+971529465759,AZIZI. YASAMINE,1008,Al Furjan,Unit,-,2026-05-21 11:13:15.196+00,61,Awaiting availability,"Unit already rented, asked about selling or keeping rental",,https://storage.vapi.ai/019e4a3d-327e-7000-9148-d6246ed46e46-1779362059058-4eff8c7f-b4b1-4deb-a8ef-f8711d413162-mono.wav,15854,019e4a3d-327e-7000-9148-d6246ed46e46
Hot Seller / Landlord,SALEM AHMED SALEM ALI ALMUHARRAMI,+971503128283,GLAMZ RESIDENCE,402,Al Furjan,Flat,-,2026-05-21 10:58:48.628+00,28,Awaiting availability,Confirmed interest in selling or renting unit,,https://storage.vapi.ai/019e4a2f-f74f-7000-82a8-42e5fe372057-1779361159001-4865e358-b3a3-42e7-987d-aa893237b9f0-mono.wav,15614,019e4a2f-f74f-7000-82a8-42e5fe372057
Hot Seller / Landlord,MIRZA ISHTIAQ BAIG,+971559215766,Blvd Heights T1,3505,Burj Khalifa,Apartment,-,2026-05-21 10:52:33.324+00,14,Awaiting availability – anyone who says yes to rent or sell according to the complete flow,"positive - Asked for WhatsApp, open to discuss selling or renting BLVD Heights unit",,https://storage.vapi.ai/019e4a2a-08b8-7bbf-9e3e-d50b45c034dc-1779360769985-e82c43d0-b095-4acf-a04f-667dc8473d1e-mono.wav,30293,019e4a2a-08b8-7bbf-9e3e-d50b45c034dc
Hot Seller / Landlord,YAHYA ALI YAHYA ALMIDWAHI,+971504445782,Marina Gate,-,Dubai Marina,Apartments,-,2026-05-21 10:32:23.709+00,31,Awaiting availability – anyone who says yes to rent or sell according to the complete flow,"Open to selling if price is good, requested call after 1 week",,https://storage.vapi.ai/019e4a17-99dd-7bb9-b22c-62b04faca218-1779359577044-94070e69-a56e-4e7f-90bd-a25fc6aa07aa-mono.wav,37221,019e4a17-99dd-7bb9-b22c-62b04faca218
Hot Seller / Landlord,SURENDRA SHANKAR,+971559939176,GLAMZ RESIDENCE,1113,Al Furjan,Flat,-,2026-05-21 10:13:56.002+00,48,Awaiting availability,"Currently rented, not looking to sell or rent other property",,https://storage.vapi.ai/019e4a06-b735-7000-8700-d2866fa42096-1779358486380-1ac1aac7-2ab8-4481-ba9a-45e1bebbc79c-mono.wav,15617,019e4a06-b735-7000-8700-d2866fa42096
Hot Seller / Landlord,MAHABOOBBASHA SARDAR SARDAR,+971585960120,EQUITI ARCADE,906,Al Furjan,Unit,-,2026-05-21 09:53:00.88+00,67,Awaiting availability,"Property already rented, tenant currently in place",,https://storage.vapi.ai/019e49f3-81a5-788e-a20f-eaa2bf102aa4-1779357250134-d56408a1-1716-4615-a7ee-63cc68763b0a-mono.wav,15317,019e49f3-81a5-788e-a20f-eaa2bf102aa4
Hot Seller / Landlord,JOSEPH CHERIAN KARIAMPALLY CHERIAN KARIAMPALLY JOSEPH,+971567296980,AZIZI. FEIROUZ,603,Al Furjan,Unit,-,2026-05-21 09:12:50.893+00,41,Awaiting availability,"Customer open to selling or renting property, asked for clarification",,https://storage.vapi.ai/019e49ce-f217-755c-b411-4c921f78f57d-1779354814321-3e6c0d24-ecc1-4e58-9f0e-c6068a49aed7-mono.wav,14721,019e49ce-f217-755c-b411-4c921f78f57d
Hot Seller / Landlord,MILIND MADHUKAR CHAVAN,+971504586284,AZIZI. FREESIA,1003,Al Furjan,Flat,-,2026-05-21 08:45:19.455+00,65,Awaiting availability,"Tenant occupied, callback requested for August 31",,https://storage.vapi.ai/019e49b5-c21f-7aac-bde8-12b5612277a7-1779353187190-cd071999-861f-4149-8b3f-5afddb8b520f-mono.wav,14955,019e49b5-c21f-7aac-bde8-12b5612277a7
Hot Seller / Landlord,NADEEM AHMED SIDDIQUI RASHEED AHMED SIDDIQUI,+971507421600,Azizi Farishta Residence,721,Al Furjan,Flat,-,2026-05-21 08:14:11.524+00,150,Awaiting availability,"Owns rented studio, no price range, requests pricing via WhatsApp",,https://storage.vapi.ai/019e4999-4bca-788e-9258-49c775e962d5-1779351403880-9ceb49ac-aa8b-4111-a16d-ba11758ace2c-mono.wav,15160,019e4999-4bca-788e-9258-49c775e962d5
Hot Seller / Landlord,SALIM ALI SALIM MOHAMED ALMAAZMI,+971509922989,Prime Residency 3,311,Al Furjan,Flat,-,2026-05-21 07:21:11.782+00,26,Awaiting availability,"Confirmed identity, asked about selling or renting unit",,https://storage.vapi.ai/019e4968-bb2c-7aa4-8e14-f4a565ea483e-1779348100514-7584f57a-fecb-4c94-ad51-17506f6b580e-mono.wav,14985,019e4968-bb2c-7aa4-8e14-f4a565ea483e
Hot Seller / Landlord,GAURAV MOHAN BARU,+971589146472,Azizi Shaista Residence,414,Al Furjan,Flat,-,2026-05-21 06:44:58.895+00,110,Awaiting availability,"Customer wants to sell one-bedroom property, already listed, callback scheduled",,https://storage.vapi.ai/019e4947-9195-7aa4-8c97-1b58ca01700a-1779346011064-c7db4307-a186-4011-95c1-fed0116b449b-mono.wav,15051,019e4947-9195-7aa4-8c97-1b58ca01700a
Hot Seller / Landlord,MOHAMMED ALI ZAATAR,+971501888600,GEMZ by Danube,1015,Al Furjan,Flat,-,2026-05-21 06:27:36.729+00,53,Awaiting availability,"Confirmed property sold, no other property to sell or rent",,https://storage.vapi.ai/019e4937-9ea9-7884-bbc9-cedf5e17764d-1779344912213-46a99d12-6f3e-43da-8268-7a7a436c52ee-mono.wav,14811,019e4937-9ea9-7884-bbc9-cedf5e17764d
Hot Seller / Landlord,ASAD CHAMAN KHAN SHER UZ ZAMA KHAN,+971506578224,Al Furjan,null,0,Land,-,2026-05-21 05:32:18.106+00,34,Awaiting availability,Confirmed availability and asked to stay on the line,,https://storage.vapi.ai/019e4905-218e-7559-b8a3-f04f24671d3f-1779341574482-65cfe030-eea5-4ca7-b569-8c85887b1df4-mono.wav,14660,019e4905-218e-7559-b8a3-f04f24671d3f
Hot Seller / Landlord,SAURABH KILLA,+971508741106,Azizi Samia Residence,208,Al Furjan,Flat,-,2026-05-21 05:30:17.358+00,38,Awaiting availability,Customer confirmed unit already sold,,https://storage.vapi.ai/019e4903-2ef1-7ee5-baf4-3aaa4518ba96-1779341458280-1a3fa83f-53e2-45be-8536-6bdfb5c367a5-mono.wav,15211,019e4903-2ef1-7ee5-baf4-3aaa4518ba96
Hot Seller / Landlord,ZIYAD ASGAR KAZI,+971503228972,CANDACE ASTER HOTEL APARTMENTS,706,Al Furjan,Hotel Apartment,-,2026-05-21 05:22:20.775+00,25,Awaiting availability,Customer confirmed unit is already rented,,https://storage.vapi.ai/019e48fb-ebd5-7559-b882-e87d657757bd-1779340968085-9bd4e8de-85f0-4f6d-82b4-68574402e6ac-mono.wav,15072,019e48fb-ebd5-7559-b882-e87d657757bd
Hot Seller / Landlord,VEDNA AGARWAL,+971543218929,Al Furjan,204,Al Furjan,Unit,-,2026-05-20 13:53:16.197+00,85,Awaiting availability,Interested in renting but wants callback tomorrow to discuss,,https://storage.vapi.ai/019e45a9-3b3c-7882-be21-ea80d71dcb63-1779285283875-44d154ba-5b1b-4db5-851d-c0d9e90e33a8-mono.wav,15252,019e45a9-3b3c-7882-be21-ea80d71dcb63
Hot Seller / Landlord,SOUMEN MUKHERJEE SWAPAN MUKHERJEE,+971544011779,PG UPPERHOUSE,708,Al Furjan,Unit,-,2026-05-20 13:20:34.245+00,20,Awaiting availability,Customer mentioned selling or renting last year,,https://storage.vapi.ai/019e458b-5a8f-7446-a434-94f4de73185f-1779283257327-cb32d379-0936-40ad-a1f8-c6d487392ef1-mono.wav,14701,019e458b-5a8f-7446-a434-94f4de73185f
Hot Seller / Landlord,MOHAMED YOUSUF,+971506550102,Azizi Star Hotel Apartments,736,Al Furjan,Hotel Apartment,-,2026-05-20 12:38:36.732+00,83,Awaiting availability,"Owner ready to rent studio from June, hesitant about AI caller",,https://storage.vapi.ai/019e4564-edff-7777-a313-258afb1649f7-1779280802937-05245d71-38c3-40fd-a78d-3c1c64836420-mono.wav,14755,019e4564-edff-7777-a313-258afb1649f7
Hot Seller / Landlord,RAGIA MOHAMED FOUAD HASSAN ELBEBAWI,+971562114181,Azizi Star Hotel Apartments,935,Al Furjan,Hotel Apartment,-,2026-05-20 12:38:02.781+00,30,Awaiting availability,"Confirmed property sold, potential discussion on selling or renting",,https://storage.vapi.ai/019e4564-4639-799f-a9dd-717beca2eb97-1779280715538-2bd90231-0046-4586-99a3-807b3ecdcf13-mono.wav,14707,019e4564-4639-799f-a9dd-717beca2eb97
Hot Seller / Landlord,PRACHI VISHESH MANGHNANI,+971563971998,MURANO RESIDENCE 1,306,Al Furjan,Flat,-,2026-05-20 12:27:32.935+00,134,Awaiting availability,"Interested in selling, requested property valuation and WhatsApp contact",,https://storage.vapi.ai/019e455a-dba5-7446-9fa1-58d9a1b8d5f8-1779280189743-89f59453-b45c-47c6-af69-20b9dbebc010-mono.wav,15158,019e455a-dba5-7446-9fa1-58d9a1b8d5f8
Hot Seller / Landlord,KASHIF MUHAMMAD SALIM AKBAR SALIM,+971509001068,Azizi. Iris,305,Al Furjan,Unit,-,2026-05-20 11:38:18.465+00,57,Awaiting availability,"Willing to rent property, acknowledges market conditions",,https://storage.vapi.ai/019e452d-cf2c-7001-9602-09e7de800078-1779277158436-687c9793-79f5-4473-af6e-ea935f950780-mono.wav,14609,019e452d-cf2c-7001-9602-09e7de800078
Hot Seller / Landlord,QAMAR BASHIR MIRZA BASHIR AHMED,+971558373228,AZIZI. DAISY,903,Al Furjan,Unit,-,2026-05-20 10:52:53.654+00,19,Awaiting availability,Customer responded but did not confirm selling or renting,,https://storage.vapi.ai/019e4504-13b7-7000-97e0-e6dd31ce1225-1779274395818-0abb1801-e575-4c9e-a1fe-feb3108d9bfd-mono.wav,14421,019e4504-13b7-7000-97e0-e6dd31ce1225
Hot Seller / Landlord,ELEMBILAN VEETTIL THAMBAN,+971506587824,DREAMZ,null,Al Furjan,Building,-,2026-05-20 10:45:30.131+00,33,Awaiting availability,Customer confirmed interest in selling or renting property,,https://storage.vapi.ai/019e44fd-76c1-7002-8705-fffdb685ece2-1779273965443-cd3eef4a-be7a-42f1-a5b5-298699f8f64e-mono.wav,14573,019e44fd-76c1-7002-8705-fffdb685ece2
Hot Seller / Landlord,HANI MHD ZUHIR CHAIBANI,+971551447119,GLAMZ RESIDENCE,709,Al Furjan,Unit,-,2026-05-20 10:00:18.438+00,37,Awaiting availability,"Property sold long ago, no current property for sale or rent",,https://storage.vapi.ai/019e44d4-0ae3-7000-acc9-17bc809e8181-1779271258589-5d61f216-909b-4a49-add9-4fbb3f882427-mono.wav,14412,019e44d4-0ae3-7000-acc9-17bc809e8181
Hot Seller / Landlord,JUDE MANOJ SAPARAMADU,+971506860932,PG ONE AT AL FURJAN,1103,Al Furjan,Unit,-,2026-05-20 09:38:23.246+00,73,Awaiting availability,"Open to renting or selling, prefers callback, responsive",,https://storage.vapi.ai/019e44bf-c6aa-799a-b931-0a797fc146d6-1779269979278-5d4f5dfb-0056-4f85-9226-ae4bb42935d5-mono.wav,14335,019e44bf-c6aa-799a-b931-0a797fc146d6
Hot Seller / Landlord,SIVARAMA PRASAD DARLA,+971564798000,Azizi Berton,125,Al Furjan,Unit,-,2026-05-20 09:05:40.461+00,112,Awaiting availability,"Interested in renting out 2-bedroom property, asked for WhatsApp details",,https://storage.vapi.ai/019e44a2-0552-7002-b457-b0b8aeb2b4ae-1779268054740-035bedb7-a93a-47f2-afc5-fde9b8de2355-mono.wav,14344,019e44a2-0552-7002-b457-b0b8aeb2b4ae
Hot Seller / Landlord,SUBHADIP DAS DWIJENDRA NATH DAS,+971555473475,Azizi Berton,426,Al Furjan,Unit,-,2026-05-20 08:28:16.454+00,30,Awaiting availability,"Said property sold out, no other property for rent or sale",,https://storage.vapi.ai/019e447f-ceb0-7001-b216-863ed991b51d-1779265729238-53994243-2811-4dd3-a7e5-2f6f39e87df3-mono.wav,14347,019e447f-ceb0-7001-b216-863ed991b51d
Hot Seller / Landlord,NATALIA MURZA,+971542040658,Westwood By Imtiaz,410,Al Furjan,Unit,-,2026-05-20 08:13:55.178+00,178,Awaiting availability,"Wants to rent studio, prefers client call only, available in June",,https://storage.vapi.ai/019e4472-9cbb-7ee5-afd7-a48e71d4b92d-1779265015571-a911c32f-eb34-4ff9-8e13-97ee819c5604-mono.wav,14255,019e4472-9cbb-7ee5-afd7-a48e71d4b92d
Hot Seller / Landlord,FAHAD KHAN,+971506736078,AMALIA RESIDENCES,712,Al Furjan,Unit,-,2026-05-20 08:12:42.867+00,75,Awaiting availability,"Confirmed unit rented since December, two bedrooms, rent one forty K",,https://storage.vapi.ai/019e4471-795e-7001-8843-a9d345a80afb-1779264840013-f88bb731-20e6-4357-a37a-6a7c642f5e08-mono.wav,14230,019e4471-795e-7001-8843-a9d345a80afb
Hot Seller / Landlord,JIGNA HASMUKHBHAI PRAJAPATI,+971552404535,Nadine Residences 2,209,Al Furjan,Unit,-,2026-05-20 08:06:13.564+00,69,Awaiting availability,"Property rented, advised to contact husband for follow-up",,https://storage.vapi.ai/019e446b-9518-7002-a9e1-c52e948c07ca-1779264445519-8f09f6e5-561c-4187-aafe-7cfbf730c31e-mono.wav,14174,019e446b-9518-7002-a9e1-c52e948c07ca
Hot Seller / Landlord,GAUTAM MAHESHCHANDRA RAO,+971505720987,Nadine Residences,709,Al Furjan,Unit,-,2026-05-20 08:05:47.108+00,123,Awaiting availability,"Has studio apartment, wants to sell or rent, callback scheduled Friday",,https://storage.vapi.ai/019e446b-1826-7445-bb90-4b0e1c7b11bf-1779264473173-d011eab2-e006-4733-a900-efe488a276be-mono.wav,14143,019e446b-1826-7445-bb90-4b0e1c7b11bf
Hot Seller / Landlord,RATESH VALIA VEEDU VALIYA VEEDU GOPALAKRISHANAN,+971569931326,AZIZI. TULIP,307,Al Furjan,Unit,-,2026-05-20 07:32:19.723+00,21,Awaiting availability,"Confirmed identity, no clear sell/rent intent stated",,https://storage.vapi.ai/019e444c-994b-7ff2-a2fa-75643ca79b89-1779262363557-385874a3-0fdb-4464-868e-bf9525676967-mono.wav,14296,019e444c-994b-7ff2-a2fa-75643ca79b89
Hot Seller / Landlord,ANCY LIBU OOMMEN PHILLIPOSE THANKACHAN,+971552532323,Nadine Residences 2,502,Al Furjan,Unit,-,2026-05-20 07:13:42.192+00,92,Awaiting availability,Wants senior consultant to call husband for property details evening,,https://storage.vapi.ai/019e443b-60fd-711c-bac7-c57fc780cddc-1779261316456-63878939-bbf6-4c69-bbe7-fcbb16bdcea7-mono.wav,14048,019e443b-60fd-711c-bac7-c57fc780cddc
Hot Seller / Landlord,ANIS ASKERALI SAJAN,+971504564092,DREAMZ,null,Al Furjan,Building,-,2026-05-20 07:06:20.803+00,40,Awaiting availability,"Confirmed interest in selling or renting unit, asked about location",,https://storage.vapi.ai/019e4434-d47b-7000-84a5-76e0c6c18c6c-1779260823425-700c10f1-aabe-4a98-8004-ba64869bf9e0-mono.wav,13937,019e4434-d47b-7000-84a5-76e0c6c18c6c
Hot Seller / Landlord,SUNIL SHANKARAN NAIR VAZHAKKATTE KALLINGALTHODI,+971505347844,CANDACE ACACIA HOTEL APARTMENTS,418,Al Furjan,Hotel Apartment,-,2026-05-20 07:00:00.979+00,45,Awaiting availability,"Has two properties, currently rented, not interested to sell now",,https://storage.vapi.ai/019e442e-da66-7001-837b-7bb973130235-1779260448362-dec16a7a-7da9-4f25-bf29-0704f227a16b-mono.wav,13861,019e442e-da66-7001-837b-7bb973130235
Hot Seller / Landlord,MOHAMED ELSAYED MAHMOUD ABDELHALIM,+971508679646,Al Fouad,406,Al Furjan,Flat,-,2026-05-20 06:59:19.635+00,80,Awaiting availability,"Customer interested in selling or renting property, unsure about pricing",,https://storage.vapi.ai/019e442e-5d63-7002-a5ef-fc9351ed34ef-1779260442391-9517a787-909a-4841-a91b-05499bfeb86d-mono.wav,13833,019e442e-5d63-7002-a5ef-fc9351ed34ef
Hot Seller / Landlord,RACHEL SANGEETHA KANCHARLA RATNA KAMAL RAJ TIRUPATHI,+971521752004,Al Furjan,G06,Al Furjan,Unit,-,2026-05-20 06:52:58.63+00,52,Awaiting availability,"Has two units, one rented and one occupied, no selling plans currently",,https://storage.vapi.ai/019e4428-7491-7001-8346-2390356064d7-1779260033552-7c621ba8-11ad-4cdd-b28c-6894c8e590f2-mono.wav,14278,019e4428-7491-7001-8346-2390356064d7
Hot Seller / Landlord,SHERIF MOKHTAR AHMED KATARIA,+971504754910,Roy Mediterranean Hotel Apartments,723,Al Furjan,Hotel Apartment,-,2026-05-19 12:44:31.189+00,52,Awaiting availability,Customer not open to selling or renting currently,,https://storage.vapi.ai/019e4044-1b6b-7000-9c85-4e82a0784b1d-1779194726337-3720aff3-35bf-41b3-8767-332e84ecc3d0-mono.wav,13809,019e4044-1b6b-7000-9c85-4e82a0784b1d
Hot Seller / Landlord,MUHAMMAD SHAFIQUE MUHAMMAD SIDDIQUE,+971504213258,CANDACE ACACIA HOTEL APARTMENTS,704,Al Furjan,Hotel Apartment,-,2026-05-19 12:32:40.086+00,60,Awaiting availability,"Customer not interested until next year, already entered info",,https://storage.vapi.ai/019e4038-c7bc-7000-ae1b-c1d63da3e658-1779194022523-5c675712-f21f-48ca-8bda-49ba61a87da2-mono.wav,13678,019e4038-c7bc-7000-ae1b-c1d63da3e658
Hot Seller / Landlord,MANPREET SINGH REKHI KULBHUSHAN SINGH REKHI REKHI,+971582633217,Al Furjan,null,Al Furjan,Building,-,2026-05-19 12:20:27.847+00,19,Awaiting availability,"Confirmed identity, open to selling or renting inquiry",,https://storage.vapi.ai/019e402d-e5a6-7000-abf6-9e826a2dbca0-1779193249749-6ca0162f-a8d8-4b7a-aff7-24efda3870ee-mono.wav,14052,019e402d-e5a6-7000-abf6-9e826a2dbca0
Hot Seller / Landlord,KARAN BAJAJ ASHOK KAILASH BAJAJ,+971505059823,PG ONE AT AL FURJAN,604,Al Furjan,Apartment,-,2026-05-19 11:38:56.877+00,9,Awaiting availability – anyone who says yes to rent or sell according to the complete flow,"Owner is agent, already rented out property",,https://storage.vapi.ai/019e4008-1879-7000-8898-922158b92688-1779190748927-41ea9a07-22f5-4ae2-b6f4-17b5552daee2-mono.wav,35445,019e4008-1879-7000-8898-922158b92688
Hot Seller / Landlord,KUNAL KUMAR RAJ KUMAR PODDAR,+971543081738,PG ONE AT AL FURJAN,907,Al Furjan,Apartment,-,2026-05-19 11:38:46.378+00,39,Awaiting availability – anyone who says yes to rent or sell according to the complete flow,"Wants to sell 2BR, shared price, agreed callback tomorrow",,https://storage.vapi.ai/019e4007-c4a7-7001-8f8c-9c943786f00f-1779190767866-2a974a60-d8a9-4b8b-ab70-e7b07e8dbf87-mono.wav,35447,019e4007-c4a7-7001-8f8c-9c943786f00f
Hot Seller / Landlord,KUNAL KUMAR RAJ KUMAR PODDAR,+971543081738,Nadine Residences 2,505,Al Furjan,Unit,-,2026-05-19 11:38:46.378+00,39,Awaiting availability – anyone who says yes to rent or sell according to the complete flow,"Wants to sell 2BR, shared price, agreed callback tomorrow",,https://storage.vapi.ai/019e4007-c4a7-7001-8f8c-9c943786f00f-1779190767866-2a974a60-d8a9-4b8b-ab70-e7b07e8dbf87-mono.wav,14075,019e4007-c4a7-7001-8f8c-9c943786f00f
Hot Seller / Landlord,LOUI ALI AHMAD AKASHA,+971507549220,Roy Mediterranean Hotel Apartments,227,Al Furjan,Hotel Apartment,-,2026-05-19 11:27:51.114+00,109,Awaiting availability,"Wants to sell studio unit, refuses to list or negotiate price",,https://storage.vapi.ai/019e3ffd-b9e4-777f-812e-8dd1add5bfaa-1779190182781-fa1b0c08-b1bf-490a-8225-a2e7c5c466ee-mono.wav,13854,019e3ffd-b9e4-777f-812e-8dd1add5bfaa
Hot Seller / Landlord,MARINA ABRAHAM,+971504562447,STARZ TOWER by DANUBE,515,Al Furjan,Flat,-,2026-05-19 10:27:57.426+00,23,Awaiting availability,Confirmed having seven units at Starz Tower,,https://storage.vapi.ai/019e3fc6-f332-7996-af3a-a60ee5a1a8f7-1779186502661-01d6a1dd-44eb-466a-a69e-a116fc31db16-mono.wav,13565,019e3fc6-f332-7996-af3a-a60ee5a1a8f7
Hot Seller / Landlord,KHALID GHANEM,+966502717316,STARZ TOWER by DANUBE,206,Al Furjan,Flat,-,2026-05-19 10:27:41.345+00,52,Awaiting availability,"Confirmed unit listed, agreed to callback Saturday for selling inquiry",,https://storage.vapi.ai/019e3fc6-9f6b-7002-b6ff-69fd90c0a87b-1779186515474-cc1698fd-ec9a-44e0-a307-bdfb133d2fc9-mono.wav,13552,019e3fc6-9f6b-7002-b6ff-69fd90c0a87b
Hot Seller / Landlord,RANGA WIMALARATHNE,+971555778941,AL FURJAN,null,Al Furjan,Residential,-,2026-05-19 08:58:57.463+00,77,Awaiting availability,"Wants to sell one-bedroom property, priced at 1.1 million AED",,https://storage.vapi.ai/019e3f75-8b88-7000-936b-42c84f1b1864-1779181217318-f30d07ba-b36a-40c3-a1dc-a198d2c67bac-mono.wav,12582,019e3f75-8b88-7000-936b-42c84f1b1864
Hot Seller / Landlord,HARISH ASHOK KUMAR,+971589715771,Azizi. Iris,606,Al Furjan,Flat,-,2026-05-19 08:31:08.498+00,49,Awaiting availability,"Unit recently rented, willing to list for sale or rent",,https://storage.vapi.ai/019e3f5c-0e2e-7eeb-beaf-15689f3653b8-1779179520306-8d5d910a-8848-48db-a5f0-39f77ae17651-mono.wav,12831,019e3f5c-0e2e-7eeb-beaf-15689f3653b8
Hot Seller / Landlord,FARDWS AHMED,+971529047003,Avenue Residence 2,704,Al Furjan,Flat,-,2026-05-19 08:14:14.67+00,134,Awaiting availability,"Will forward info to management, they will call back",,https://storage.vapi.ai/019e3f4c-9791-7002-8904-0d38b34621e3-1779178591165-d3f3320c-c681-448c-a66b-8ab467bd2b6a-mono.wav,12618,019e3f4c-9791-7002-8904-0d38b34621e3
Hot Seller / Landlord,YASIN MOHAMMAD USMAN ALI,+971506989966,STARZ TOWER by DANUBE,606,Al Furjan,Flat,-,2026-05-19 07:52:55.251+00,30,Awaiting availability,"Customer acknowledged call, unclear about selling or renting",,https://storage.vapi.ai/019e3f39-0727-7000-885e-d7e2a613b1de-1779177207806-3deba50c-4718-4b09-adc7-ddb85c1b6f71-mono.wav,12934,019e3f39-0727-7000-885e-d7e2a613b1de
Hot Seller / Landlord,TAREQ ABDULLAH M ALKHULAIWI,+971559997969,ALFURJAN PACKAGE 4,null,Al Furjan,Residential,-,2026-05-19 07:45:46.184+00,31,Awaiting availability,Customer acknowledged offer about selling or renting unit,,https://storage.vapi.ai/019e3f32-770c-7002-8619-91dae6676c9c-1779176780251-3cc7d22b-fa51-44dc-b37a-e5d3eb0ec905-mono.wav,12805,019e3f32-770c-7002-8619-91dae6676c9c
Hot Seller / Landlord,TARIQ JASSIM ABDULLA JASSIM MAKKI AL MAKKI,+971506526527,STARZ TOWER by DANUBE,404,Al Furjan,Flat,-,2026-05-19 06:12:58.553+00,59,Awaiting availability,"Tenant contract ends September, no plans to sell currently",,https://storage.vapi.ai/019e3edd-9017-7000-93d4-90dd9e4db0ff-1779171240520-9a890149-19c7-445a-a697-62253316c5a4-mono.wav,12965,019e3edd-9017-7000-93d4-90dd9e4db0ff
Hot Seller / Landlord,TOUQIER AMIR MOHAMMAD ABDUL QAVI,+971504458503,GEMZ by Danube,318,Al Furjan,Flat,-,2026-05-19 05:39:13.407+00,42,Awaiting availability,Informed property is already rented out,,https://storage.vapi.ai/019e3ebe-ade4-7002-97d0-27fbb1aed7e8-1779169198493-8556636b-ab04-404a-b460-e377d2372bc3-mono.wav,13180,019e3ebe-ade4-7002-97d0-27fbb1aed7e8
Hot Seller / Landlord,NOOR SHAFIQ SALAMAH ALQARYOUTI,+971568383533,CANDACE ASTER HOTEL APARTMENTS,721,Al Furjan,Unit,-,2026-05-19 05:23:19.242+00,27,Awaiting availability,"Said already sold property, no longer owns apartment",,https://storage.vapi.ai/019e3eaf-fc5e-755e-a6b1-41c0ccf0530a-1779168229204-f0542a64-0084-4979-a6e7-97f0db07f4ba-mono.wav,12879,019e3eaf-fc5e-755e-a6b1-41c0ccf0530a
Hot Seller / Landlord,MADHAVA REDDY EEGA,+971523086851,Nadine Residences 2,410,Al Furjan,Unit,-,2026-05-19 05:23:06.466+00,116,Awaiting availability,"Interested in selling, discussed price and callback availability",,https://storage.vapi.ai/019e3eaf-d251-777e-9754-a976062b79c1-1779168305381-d0c786d3-6f98-4a13-957a-13449069683e-mono.wav,12875,019e3eaf-d251-777e-9754-a976062b79c1
Hot Seller / Landlord,ANDREW HANIE YOUSSEF HABIB,+971528006220,Azizi Samia Residence,712,Al Furjan,Flat,-,2026-05-19 05:21:57.83+00,57,Awaiting availability,"Currently renting out property, no interest in selling or other services",,https://storage.vapi.ai/019e3eae-d732-7002-80c5-0244730f08f1-1779168177743-e6895f29-25c6-4ddc-b88d-53398741c9d2-mono.wav,12820,019e3eae-d732-7002-80c5-0244730f08f1
Hot Seller / Landlord,CHANTAL INTOUN NANAA,+971503859039,AL FURJAN,null,Al Furjan,Residential,-,2026-05-19 05:14:49.937+00,60,Awaiting availability,"Customer interested in renting property, answered bedroom question",,https://storage.vapi.ai/019e3ea8-21e7-7002-80aa-2636a90ead2e-1779167752788-63924a9d-e6fc-47d8-883c-3416ba616ae1-mono.wav,12707,019e3ea8-21e7-7002-80aa-2636a90ead2e
Hot Seller / Landlord,RAMAMURTHY PRABHAKAR RAO,+971564663734,AZIZI. YASAMINE,1001,Al Furjan,Unit,-,2026-05-18 13:53:17.912+00,22,Awaiting availability,Confirmed interest in selling or renting property,,https://storage.vapi.ai/019e3b5c-a1cd-7666-adfb-bedc9b2d2840-1779112422572-6c89d555-eba6-46a2-bc3a-6bd687351ae7-mono.wav,13023,019e3b5c-a1cd-7666-adfb-bedc9b2d2840
Hot Seller / Landlord,HADY MAGED SAMY AMER,+971507083645,Azizi Plaza Hotel Apartments,1106,Al Furjan,Unit,-,2026-05-18 13:21:00.563+00,111,Awaiting availability,"Open to selling studio unit, shared price and agreed to list property",,https://storage.vapi.ai/019e3b3f-1ff9-7000-8126-a67765f59024-1779110574527-8129b00d-0bc6-4b1d-ad08-491f863e089a-mono.wav,13131,019e3b3f-1ff9-7000-8126-a67765f59024
Buyer Lead,ABDULLA IBRAHIM ABDUL RAHMAN GHARDAQA ALTENAIJI,+971506666777,AL FURJAN,null,Al Furjan,Residential,-,2026-05-18 12:45:34.764+00,13,Create Buyers Lead,Customer confirmed openness to discuss property unit,,https://storage.vapi.ai/019e3b1e-98fc-7aae-a85e-2d5cade5a396-1779108350932-44958519-9516-480b-a818-c30e3432652c-mono.wav,12596,019e3b1e-98fc-7aae-a85e-2d5cade5a396
Hot Seller / Landlord,MAHIRA MUNAF MALEK,+971564892892,Nadine Residences 2,802,Al Furjan,Unit,-,2026-05-18 12:26:36.188+00,39,Awaiting availability,"Customer asked to stay on line, receptive to discussion",,https://storage.vapi.ai/019e3b0d-5a21-7001-bfb1-dd6f84a27a6e-1779107237439-933bc0c8-b0b3-41ee-86ce-e269b943c0c3-mono.wav,12885,019e3b0d-5a21-7001-bfb1-dd6f84a27a6e
Buyer Lead,SHAWQEYA SALEM AHMED IBRAHIM ALHOSANI,+971507824142,Azizi Star Hotel Apartments,1213,Al Furjan,Hotel Apartment,-,2026-05-18 11:58:51.534+00,1,Create Buyers Lead,"Interested in buying, discussed options and preferences",,https://storage.vapi.ai/019e3af3-d7af-7001-95bd-f4d2ec14de6d-1779105535471-1c9a71c5-40cc-4164-8402-d0bad7926244-mono.wav,12499,019e3af3-d7af-7001-95bd-f4d2ec14de6d
Hot Seller / Landlord,SHABANA JASSIM JASSIM AHMED,+971504335812,Azizi Berton,625,Al Furjan,Hotel Apartment,-,2026-05-18 11:52:18.036+00,42,Awaiting availability,"Unit rented, no other properties to sell or rent",,https://storage.vapi.ai/019e3aed-9abc-7002-97e4-0b8f8098a1d6-1779105182243-11d3b45d-eb3e-4620-ae9e-8c4a8d69bfb8-mono.wav,12475,019e3aed-9abc-7002-97e4-0b8f8098a1d6
Hot Seller / Landlord,BILAL ABDULKAREEM QASIM MAHMOUD,+971506137794,AVENUE RESIDENCE1,801,Al Furjan,Unit,-,2026-05-18 11:31:51.45+00,67,Awaiting availability,"Wants to confirm with accountant, agreed to callback between 5-6 PM",,https://storage.vapi.ai/019e3ada-ee1a-7dde-8c17-c88e99cc6372-1779103980768-84a0863b-2491-484c-953e-d8dac084ed0e-mono.wav,12176,019e3ada-ee1a-7dde-8c17-c88e99cc6372
Hot Seller / Landlord,SAGAR PATHAK RAVI KUMAR PATHAK,+971585396904,Al Furjan,1003,Al Furjan,Unit,-,2026-05-18 11:26:56.365+00,117,Awaiting availability,"Interested in renting out 1-bedroom apartment, requested callback timing.",,https://storage.vapi.ai/019e3ad6-7188-7001-941d-f8cc94de643a-1779103735730-303a5153-a9ba-4055-a474-41b6e01e18cd-mono.wav,12024,019e3ad6-7188-7001-941d-f8cc94de643a
Hot Seller / Landlord,SACHIN KUMAR RATHNARAJA JAIN,+971529107317,AL FURJAN,null,Al Furjan,Land,-,2026-05-18 11:26:53.586+00,76,Awaiting availability,"Open to selling 3-bedroom unit for 4.8 million, listed with another broker",,https://storage.vapi.ai/019e3ad6-9d80-799f-9b7b-ef8f526dba36-1779103691893-83fd7aa8-b388-483a-88f6-3cdf0e5157d1-mono.wav,12042,019e3ad6-9d80-799f-9b7b-ef8f526dba36
Hot Seller / Landlord,YASMEEN YUSUF ABDULLA ALI FOOLATH,+971543118970,Azizi Star Hotel Apartments,616,Al Furjan,Unit,-,2026-05-18 11:21:09.809+00,20,Awaiting availability,Customer acknowledged inquiry about selling or renting,,https://storage.vapi.ai/019e3ad1-4cb8-7000-9ce9-e9787c6e3328-1779103292393-48832e75-42be-478c-a4a7-8c11e0aba552-mono.wav,12003,019e3ad1-4cb8-7000-9ce9-e9787c6e3328
Hot Seller / Landlord,MOHAMMED A M AL ABHARI,+971544665757,STARZ TOWER by DANUBE,211,Al Furjan,Flat,-,2026-05-18 11:06:59.225+00,19,Awaiting availability,"Customer acknowledged call, no clear buy or sell intent stated",,https://storage.vapi.ai/019e3ac3-a8e7-7000-84ee-1800e09dd159-1779102441346-4c65d991-0cac-4344-84fc-4b39b2e5312b-mono.wav,12387,019e3ac3-a8e7-7000-84ee-1800e09dd159
Hot Seller / Landlord,JITENDRA SURYAKANT DOSHI,+971559040792,Avenue Residence 2,801,Al Furjan,Flat,-,2026-05-18 11:06:57.731+00,91,Awaiting availability,Willing to sell if price is right but not interested currently,,https://storage.vapi.ai/019e3ac4-5179-7558-ae72-79d29b890d95-1779102511288-69214469-e780-4871-88b9-dfc8958840b6-mono.wav,12430,019e3ac4-5179-7558-ae72-79d29b890d95
Hot Seller / Landlord,NAJLA MOHAMED ABDULRAHMAN MOHAMED ALMARZOOQI,+971565225555,ALFURJAN PACKAGE 4,null,Al Furjan,Commercial,-,2026-05-18 10:13:44.758+00,18,Awaiting availability,Customer responded with 'By much' to selling or renting inquiry,,https://storage.vapi.ai/019e3a93-a45a-7003-91b0-a8585f68c78a-1779099245437-852405ab-5c81-4393-be1b-8579e6a1ca0d-mono.wav,12255,019e3a93-a45a-7003-91b0-a8585f68c78a
Hot Seller / Landlord,JURGEN SIEGFRIED QUINLAN,+971565498803,AL FURJAN,null,Al Furjan,Land,-,2026-05-18 10:13:37.425+00,31,Awaiting availability,"Sold property already, no longer owns unit",,https://storage.vapi.ai/019e3a93-79a7-7665-b6a5-0307a869d677-1779099251523-fc608ee1-2e58-4a0c-8a74-54c34bd74c1d-mono.wav,12237,019e3a93-79a7-7665-b6a5-0307a869d677
Hot Seller / Landlord,KIRAN KUMAR GOPAL SHETTY GOPAL SHETTY,+971507050398,Azizi Star Hotel Apartments,701,Al Furjan,Unit,-,2026-05-18 10:06:47.885+00,62,Awaiting availability,"Considering selling, requested WhatsApp follow-up",,https://storage.vapi.ai/019e3a8d-3f7b-7000-93d5-db177b8ffdf2-1779098872158-93bbd131-57b2-49b1-80c1-94afdf40bc54-mono.wav,12148,019e3a8d-3f7b-7000-93d5-db177b8ffdf2
Hot Seller / Landlord,ARIF MAHMOOD KHAN FARID KHAN,+971521139995,AVENUE RESIDENCE 4,307,Al Furjan,Unit,-,2026-05-18 10:05:58.795+00,76,Awaiting availability – anyone who says yes to rent or sell according to the complete flow,"Confirmed intent to sell unit, price not provided yet",,https://storage.vapi.ai/019e3a8c-69df-7001-8aa2-d2ef44894907-1779098837195-4303ff25-31c5-4c7f-946f-8b2a155337fa-mono.wav,12097,019e3a8c-69df-7001-8aa2-d2ef44894907
Hot Seller / Landlord,ARIF MAHMOOD KHAN FARID KHAN,+971521139995,AVENUE RESIDENCE 4,307,Al Furjan,Apartment,-,2026-05-18 10:05:58.795+00,76,Awaiting availability – anyone who says yes to rent or sell according to the complete flow,"Confirmed intent to sell unit, price not provided yet",,https://storage.vapi.ai/019e3a8c-69df-7001-8aa2-d2ef44894907-1779098837195-4303ff25-31c5-4c7f-946f-8b2a155337fa-mono.wav,35590,019e3a8c-69df-7001-8aa2-d2ef44894907
Hot Seller / Landlord,AHMED ABOBAKR AHMED BASUONI ELABD,+971585110110,Azizi Plaza Hotel Apartments,535,Al Furjan,Hotel Apartment,-,2026-05-18 09:00:03.673+00,52,Awaiting availability,"Has another property to sell or rent, will send details via WhatsApp",,https://storage.vapi.ai/019e3a50-356a-7001-a29f-3e8ed6e35a64-1779094858831-a135e645-5804-4de6-805f-94dbfaf9a410-mono.wav,12469,019e3a50-356a-7001-a29f-3e8ed6e35a64
Hot Seller / Landlord,ZARINA AKRAMYAR,+971502795827,Azizi Shaista Residence,505,Al Furjan,Flat,-,2026-05-18 08:59:45.746+00,125,Awaiting availability,Currently renting property; available for callback after contract ends in June,,https://storage.vapi.ai/019e3a4f-e1ea-7002-8a4f-3b2c64fa6b63-1779094913427-26f1233e-24b4-447a-850e-df91f0b941c6-mono.wav,12438,019e3a4f-e1ea-7002-8a4f-3b2c64fa6b63
Hot Seller / Landlord,PEYMAN SAYADY,+971554986284,Al Furjan,null,Al Furjan,Land,-,2026-05-18 08:39:19.988+00,87,Awaiting availability,"Wants to sell 5-bedroom property, available after 5 PM for callback",,https://storage.vapi.ai/019e3a3d-31a1-7000-8702-87c5f3a8cbe7-1779093649289-7fd501ac-b263-470d-8174-ad80cc78afb7-mono.wav,12167,019e3a3d-31a1-7000-8702-87c5f3a8cbe7
Hot Seller / Landlord,ELENA KORZILOVA,+971553756171,PG UPPERHOUSE,1301,Al Furjan,Unit,-,2026-05-18 08:31:03.42+00,36,Awaiting availability,"Wants to sell unit, mentioned price 1.6 million dirhams",,https://storage.vapi.ai/019e3a35-aa6e-722f-a682-b8b62ac6a195-1779093102182-88e95967-54bc-4518-aa3b-d2821d13cd14-mono.wav,11982,019e3a35-aa6e-722f-a682-b8b62ac6a195
Hot Seller / Landlord,BHARGAVI VIJAY NAGRECHA,+971568316265,ALFURJAN PACKAGE 6,null,Al Furjan,Residential,-,2026-05-18 08:19:33.306+00,49,Awaiting availability,"Confirmed availability, did not specify selling or renting",,https://storage.vapi.ai/019e3a2b-2752-7666-8cc3-f5ff63494c12-1779092424518-b23f0aae-56c7-4762-a82e-81216d4fe700-mono.wav,12412,019e3a2b-2752-7666-8cc3-f5ff63494c12
Hot Seller / Landlord,MAYANK SODHANI DAMODAR PRASAD SODHANI,+971562461677,PG UPPERHOUSE,806,Al Furjan,Unit,-,2026-05-18 07:59:14.128+00,80,Awaiting availability,"Wants to rent out one-bedroom apartment in Altoiza, gave price and asked to message",,https://storage.vapi.ai/019e3a18-75fd-7557-9fc2-340acac3f61e-1779091236628-edcb1658-1584-47f0-98ec-065cb3529520-mono.wav,12109,019e3a18-75fd-7557-9fc2-340acac3f61e
Hot Seller / Landlord,IBRAHIM HASSAN AHMED GIBREIL,+971561777805,Al Furjan,905,Al Furjan,Unit,-,2026-05-18 07:46:18.654+00,53,Awaiting availability,"Interested in selling property, requested WhatsApp contact",,https://storage.vapi.ai/019e3a0c-7145-7002-b4ea-ca6b76f4ccf1-1779090434520-1f0330e5-fcb0-4d01-a17f-e242af5c0f36-mono.wav,11960,019e3a0c-7145-7002-b4ea-ca6b76f4ccf1
Hot Seller / Landlord,BADAWI DAOUD BADAWI ABDO,+971528006126,AL FURJAN,null,Al Furjan,Residential,-,2026-05-18 07:38:41.302+00,16,Awaiting availability,"Confirmed identity, asked about selling or renting property",,https://storage.vapi.ai/019e3a04-ea23-7002-8a8a-afa0efd473a4-1779089939867-c2afde5f-5eaf-4a51-bbd0-7562ef094d84-mono.wav,12470,019e3a04-ea23-7002-8a8a-afa0efd473a4
Hot Seller / Landlord,AMIRA MOHAMED ABOUELFOTOUH AHMED,+971507398282,AZIZI. TULIP,1010,Al Furjan,Unit,-,2026-05-18 05:53:31.374+00,21,Awaiting availability,"Confirmed identity, asked about selling or renting property",,https://storage.vapi.ai/019e39a4-c000-7669-add6-793a3d4035f2-1779083634783-983eec93-fbd7-4ddd-bc97-72fbf2b5033a-mono.wav,12220,019e39a4-c000-7669-add6-793a3d4035f2
Hot Seller / Landlord,MUHAMMAD ZAMZAM PARACHA ABDUL MAJEED PARACHA,+971505508064,Zazen Gardens,321,Al Furjan,Unit,-,2026-05-16 11:26:54.254+00,40,Awaiting availability,"Confirmed presence, asked about selling or renting unit",,https://storage.vapi.ai/019e3089-a016-7000-8d9b-d062fe3b91c4-1778930856403-3bc1d538-2002-4ece-8291-1eef432437fc-mono.wav,11944,019e3089-a016-7000-8d9b-d062fe3b91c4
Hot Seller / Landlord,NISHA ARUKETTY RAMAKRISHNAN,+971564011291,PEARLZ by Danube,224,Al Furjan,Flat,-,2026-05-16 10:06:15.911+00,30,Awaiting availability,"Unit already sold, not available for renting or selling",,https://storage.vapi.ai/019e303f-f93e-7000-9a47-561a4da07bb9-1778926008359-027fa950-5a2e-4e3e-817a-0c79c6e5ed5e-mono.wav,11520,019e303f-f93e-7000-9a47-561a4da07bb9
Hot Seller / Landlord,AVINASH GOPAL DUDEJA,+971505512644,GEMZ by Danube,517,Al Furjan,Flat,-,2026-05-16 10:05:40.409+00,95,Awaiting availability,Has property for rent but declines listing assistance,,https://storage.vapi.ai/019e303f-7bbf-7000-82eb-72061ad9d262-1778926038041-0e492bdb-e57e-4afb-9caf-d72e16b623ad-mono.wav,11492,019e303f-7bbf-7000-82eb-72061ad9d262
Hot Seller / Landlord,MUHAMMAD ALI ARSHAD MUHAMMAD ARSHAD CHOUDHRY,+971502825774,Azizi Plaza Hotel Apartments,621,Al Furjan,Hotel Apartment,-,2026-05-16 09:20:26.061+00,108,Awaiting availability,"Open to selling, prefers serious buyer, available for callback Monday",,https://storage.vapi.ai/019e3016-0d92-7000-810d-f7f0f29fce66-1778923336323-2a5b8a35-eeea-400e-a5ce-58f2a433ffc5-mono.wav,11450,019e3016-0d92-7000-810d-f7f0f29fce66
Hot Seller / Landlord,MAHMOUD JUMAA ALLAHAM,+971505744049,STARZ TOWER by DANUBE,1013,Al Furjan,Flat,-,2026-05-16 09:05:36.606+00,68,Awaiting availability,"Interested in selling, requested WhatsApp follow-up for proof",,https://storage.vapi.ai/019e3008-8dcb-7000-b262-61a0aca76b3f-1778922407449-20ec27d3-ec20-496b-860b-dd6171d641a2-mono.wav,13413,019e3008-8dcb-7000-b262-61a0aca76b3f
Hot Seller / Landlord,NABEELA MADARI,+971559866420,PEARLZ by Danube,615,Al Furjan,Flat,-,2026-05-16 08:52:11.869+00,124,Awaiting availability,"Customer willing to rent two apartments, requested callback before 8 PM",,https://storage.vapi.ai/019e2ffc-3daa-7000-8546-3d7dded872f8-1778921658764-0ff8db49-9b90-4769-9a00-4cff819d4f9c-mono.wav,11708,019e2ffc-3daa-7000-8546-3d7dded872f8
Hot Seller / Landlord,SHANAVAZ KUZHIPPAYIL SAIDALAVI,+971506557507,PEARLZ by Danube,204,Al Furjan,Flat,-,2026-05-16 08:45:02.401+00,27,Awaiting availability,Confirmed availability and willingness to discuss selling or renting,,https://storage.vapi.ai/019e2ff5-c9b2-7992-974b-3ee5ad48afa9-1778921131991-e475e088-3f22-475a-9328-34effafab791-mono.wav,11602,019e2ff5-c9b2-7992-974b-3ee5ad48afa9
Hot Seller / Landlord,SONIA LALIT MOTWANI TEJINDER KUMAR DUA,+971504692940,ALFURJAN PACKAGE 4,null,Al Furjan,Residential,-,2026-05-16 08:31:47.346+00,26,Awaiting availability,Customer confirms interest in selling or renting property,,https://storage.vapi.ai/019e2fe9-8ce0-7001-8172-0798d4266220-1778920335954-5650b5ba-b375-4403-a0ba-1266b9a0b188-mono.wav,11428,019e2fe9-8ce0-7001-8172-0798d4266220
Hot Seller / Landlord,HAMAD BAKHEET KHAMIS ABDULLA THABET,+971502133888,Azizi Farishta Residence,RETAIL-01,Al Furjan,Shop,-,2026-05-16 07:51:52.289+00,49,Awaiting availability,"Said sold property, owns real estate company, open to sell or rent",,https://storage.vapi.ai/019e2fc5-0092-799d-bd61-dd673bd3262e-1778917963977-189460ea-8f4d-47a3-a016-6133fc1eb604-mono.wav,11415,019e2fc5-0092-799d-bd61-dd673bd3262e
Hot Seller / Landlord,KRISHNA CHAITANYA DARBHAMULLA,+971528343880,PEARLZ by Danube,423,Al Furjan,Flat,-,2026-05-16 07:27:54.327+00,193,Awaiting availability,Wants to sell off plan property in Alfordjan for 2.1 million,,https://storage.vapi.ai/019e2fae-983a-7000-856d-c76066c0822b-1778916669825-33b5e4c3-6219-41b4-9cd8-9ecd6440ee4e-mono.wav,11677,019e2fae-983a-7000-856d-c76066c0822b
Hot Seller / Landlord,BRINDABEN NAVNEETKUMAR CHAUHAN,+971555939585,PEARLZ by Danube,217,Al Furjan,Flat,-,2026-05-16 07:26:59.995+00,40,Awaiting availability,"Customer confirmed property is sold, indicating selling intent",,https://storage.vapi.ai/019e2fae-44cb-7000-a7f3-527778567957-1778916462251-e467c887-5710-4263-8466-628e34928dfe-mono.wav,11652,019e2fae-44cb-7000-a7f3-527778567957
Hot Seller / Landlord,KUNHI RAMAN PARAYIL,+971506413522,STARZ TOWER by DANUBE,205,Al Furjan,Flat,-,2026-05-16 06:59:25.452+00,30,Awaiting availability,Customer said property already sold,,https://storage.vapi.ai/019e2f94-ef53-7663-b3ad-85ae906be5ce-1778914797958-7f0b4881-64b2-4e7a-837b-0ee3d5ccd12f-mono.wav,13315,019e2f94-ef53-7663-b3ad-85ae906be5ce
Hot Seller / Landlord,SARKHAN ABBASOV,+971506554697,PEARLZ by Danube,625,Al Furjan,Flat,-,2026-05-16 06:51:48.071+00,30,Awaiting availability,"Confirmed property rented, requested WhatsApp contact",,https://storage.vapi.ai/019e2f8d-e35e-7000-81f1-e4c3ed587b08-1778914340541-5a258993-88b4-4386-826f-15413f481f8b-mono.wav,11761,019e2f8d-e35e-7000-81f1-e4c3ed587b08
Hot Seller / Landlord,KISHOR RAMAKANT PATKAR,+971507158689,DREAMZ,null,Al Furjan,Villa,-,2026-05-16 06:32:00.643+00,23,Awaiting availability,Confirmed unit is sold,,https://storage.vapi.ai/019e2f7b-ce83-722d-bc4e-ed8ab781d1a2-1778913145820-89ad64af-51eb-493d-99ef-262c0413f247-mono.wav,11524,019e2f7b-ce83-722d-bc4e-ed8ab781d1a2
Hot Seller / Landlord,MUHAMMAD HASSAN SIDDIQUI MUHAMMAD YOUNUS SIDDIQUI,+971501398074,ALFURJAN PACKAGE 4,null,Al Furjan,Residential,-,2026-05-16 06:30:49.36+00,122,Awaiting availability,"Interested in selling unit around five million, prefers callback Monday",,https://storage.vapi.ai/019e2f7a-d119-7000-998f-ea3ad72dd7c8-1778913173501-e3b95259-aaeb-4da1-92d7-e7dcd2bbe7a6-mono.wav,11463,019e2f7a-d119-7000-998f-ea3ad72dd7c8
Hot Seller / Landlord,MUFADDAL SHABBIR,+971558836752,GEMZ by Danube,1014,Al Furjan,Flat,-,2026-05-16 06:27:21.36+00,25,Awaiting availability,Customer confirmed property already sold,,https://storage.vapi.ai/019e2f77-a7bc-7000-a6ba-8f64cbf46409-1778912869434-9b20af33-6fda-453c-82e9-feee6f2607d0-mono.wav,11383,019e2f77-a7bc-7000-a6ba-8f64cbf46409
Hot Seller / Landlord,GANDHAR GOPAL KULKARNI,+971559870431,Azizi Samia Residence,825,Al Furjan,Flat,-,2026-05-16 06:07:17.662+00,100,Awaiting availability,Confirmed property details and availability for callback between 3-6,,https://storage.vapi.ai/019e2f65-1304-722d-9bbf-47cfe98b819e-1778911740080-5bd6f1b9-9aeb-4ce0-81b7-842d68e090e0-mono.wav,11738,019e2f65-1304-722d-9bbf-47cfe98b819e
Hot Seller / Landlord,SAJITH KUMAR PUVOTH MEETHAL,+971564412131,Azizi Farishta Residence,409,Al Furjan,Flat,-,2026-05-16 05:38:20.338+00,32,Awaiting availability,Asked about selling or renting unit at Azizi Farishta residence,,https://storage.vapi.ai/019e2f4a-a259-7884-b122-1f9fe45b7a41-1778909935431-b8af0979-9066-4304-8f1a-4a3cb291dddc-mono.wav,13265,019e2f4a-a259-7884-b122-1f9fe45b7a41
Hot Seller / Landlord,CHETAN SATYAWAN GAVAS,+971502757024,GLAMZ RESIDENCE,913,Al Furjan,Flat,-,2026-05-16 05:30:05.827+00,57,Awaiting availability,"Property not available, self-occupied, no current interest",,https://storage.vapi.ai/019e2f43-28b6-7000-a3a1-f9f6c247c8a0-1778909465066-647a53c4-3354-4643-ab2a-1a61e709e11e-mono.wav,11747,019e2f43-28b6-7000-a3a1-f9f6c247c8a0
Hot Seller / Landlord,KAVITA CHANDNANI,+971505843486,PEARLZ by Danube,519,Al Furjan,Flat,-,2026-05-16 05:22:36.374+00,44,Awaiting availability,"Unit already rented, no other properties to sell or rent",,https://storage.vapi.ai/019e2f3b-a268-7aa3-97e2-07fdc36ebb52-1778909003191-10b82f8d-4952-4c76-980e-d50a91283742-mono.wav,11582,019e2f3b-a268-7aa3-97e2-07fdc36ebb52
Hot Seller / Landlord,KENJA MADHAVA,+971555397373,Azizi Plaza Hotel Apartments,734,Al Furjan,Hotel Apartment,-,2026-05-16 05:22:27.748+00,39,Awaiting availability,"Wants to rent at 600k, insists no lower, expressed frustration",,https://storage.vapi.ai/019e2f3c-49af-7000-85d6-9087f92f917b-1778908989236-5de48db0-25d5-43a6-aac3-57fe9609ec9f-mono.wav,11612,019e2f3c-49af-7000-85d6-9087f92f917b
Hot Seller / Landlord,SADANAND ARVIND CHHATBAR CHHATBAR ARVIND ODHAVJI,+971505185079,GEMZ by Danube,302,Al Furjan,Flat,-,2026-05-15 13:30:47.316+00,58,Awaiting availability,"Customer says property already rented, not open to listing now",,https://storage.vapi.ai/019e2bd4-e26d-7445-b401-c08018cf448f-1778851908124-c2e6a9cb-017c-4e45-8c3f-9f4541672f19-mono.wav,11399,019e2bd4-e26d-7445-b401-c08018cf448f
Buyer Lead,DELPHIN FRANCIZCA CHILIKATTU ANTONY,+971562655023,The Estate - II,null,Al Furjan,Commercial,-,2026-05-15 12:51:38.898+00,137,Create Buyers Lead,Interested in buying ten compound villas at five million each,,https://storage.vapi.ai/019e2bb1-1a05-7aaa-b116-c14dbdb382d5-1778849638077-9b0687ff-ca20-4bd0-99e1-bedf6677df76-mono.wav,11576,019e2bb1-1a05-7aaa-b116-c14dbdb382d5
Hot Seller / Landlord,DILLIP KUMAR TAMADA,+971526993289,Maria Tower,503,Al Furjan,Unit,-,2026-05-15 08:13:34.115+00,85,Awaiting availability,"Wants to sell property for five million, scheduled callback today evening",,https://storage.vapi.ai/019e2ab2-7e2e-722a-9957-100a50e268c0-1778832902006-7b82e7ed-635f-41a2-a6a1-98e35e5eca49-mono.wav,10789,019e2ab2-7e2e-722a-9957-100a50e268c0
Hot Seller / Landlord,RASHEED CHATHORIL MOHAMMADALI,+971507648903,Al Furjan,null,Al Furjan,Land,-,2026-05-15 07:30:44.825+00,40,Awaiting availability,"Expressed frustration about renting, open to discussing property details",,https://storage.vapi.ai/019e2a8b-4a27-7bb1-b4f7-0084a67c72d4-1778830287258-552144f9-2542-46e9-8722-9bcdcbcf86ec-mono.wav,10792,019e2a8b-4a27-7bb1-b4f7-0084a67c72d4
Hot Seller / Landlord,AJAY PAL SINGH MEHAR HARMINDER SINGH MEHAR,+971557737323,Al Fouad,703,Al Furjan,Flat,-,2026-05-15 07:07:17.183+00,33,Awaiting availability,"Interested in selling or renting, requested WhatsApp contact",,https://storage.vapi.ai/019e2a75-d6f7-799b-a710-b8006448c109-1778828872669-3ee7f566-6a10-4ee8-919d-7545389870c5-mono.wav,11114,019e2a75-d6f7-799b-a710-b8006448c109
Hot Seller / Landlord,SAJIMON PADMALAYAM RAJAN,+971559898055,GLAMZ RESIDENCE,207,Al Furjan,Flat,-,2026-05-15 06:59:59.271+00,147,Awaiting availability,"Open to renting studio, flexible on price and callback time",,https://storage.vapi.ai/019e2a6f-2a35-711d-9014-52b22a56232a-1778828548864-bb476685-a682-4e88-bcf8-13ab5c2645bb-mono.wav,10983,019e2a6f-2a35-711d-9014-52b22a56232a
Hot Seller / Landlord,BHARATKUMAR BHANUSHANKAR JOSHI,+971501856367,Al Fouad,1002,Al Furjan,Flat,-,2026-05-15 06:13:22.885+00,100,Awaiting availability,"Interested in selling studio apartment in Venez, shared price range",,https://storage.vapi.ai/019e2a44-7ffa-766c-b3c0-87a5cb5304fc-1778825705689-1d4f6509-f4ce-4013-b2da-65fd0639782a-mono.wav,10925,019e2a44-7ffa-766c-b3c0-87a5cb5304fc
Hot Seller / Landlord,PALAK MIDHA,+971585623017,ALFURJAN PACKAGE 4,null,Al Furjan,Residential,-,2026-05-15 05:31:04.194+00,58,Awaiting availability,"Customer has property but currently living in it, not selling or renting",,https://storage.vapi.ai/019e2a1d-b843-7bb9-9cc2-62d45f21cb17-1778823125363-90969002-0aab-432c-a2ac-2cbd4f7cef85-mono.wav,10919,019e2a1d-b843-7bb9-9cc2-62d45f21cb17
Hot Seller / Landlord,MUHAMMAD KASHIF KHAN DOST MUHAMMAD,+971551508177,GLAMZ RESIDENCE,1205,Al Furjan,Flat,-,2026-05-14 14:00:41.58+00,17,Awaiting availability,Asked about selling or renting unit at Glam's Residence,,https://storage.vapi.ai/019e26c9-74ee-7000-befb-f281b7f4859f-1778767260935-37244a2b-e536-46e2-a665-487399e05d0b-mono.wav,10993,019e26c9-74ee-7000-befb-f281b7f4859f
Hot Seller / Landlord,OMAR MOHD ALI ALSAHT,+971559479805,Azizi Star Hotel Apartments,620,Al Furjan,Hotel Apartment,-,2026-05-14 13:21:11.421+00,74,Awaiting availability,"Unit rented already, not for sale, open to renting plans",,https://storage.vapi.ai/019e26a5-b9fa-7000-adfd-ead5f75b6411-1778764947802-2b6554cf-8bec-44ee-a7a5-1578259f1ea8-mono.wav,11048,019e26a5-b9fa-7000-adfd-ead5f75b6411
Hot Seller / Landlord,LURAJIM SAYLON JIMENEZ,+971551954302,Azizi Star Hotel Apartments,332,Al Furjan,Hotel Apartment,-,2026-05-14 13:14:06.39+00,46,Awaiting availability,Confirmed willingness to discuss selling unit at Azizi Star Hotel apartments,,https://storage.vapi.ai/019e269f-2423-7000-b078-0d552498c429-1778764494677-e9ebedb0-9e39-411e-8b49-339a1c531c23-mono.wav,10936,019e269f-2423-7000-b078-0d552498c429
Hot Seller / Landlord,RAFIQUE MUHAMMAD IQBAL MEMON,+971562735608,Al Furjan,410,Al Furjan,Unit,-,2026-05-14 12:59:31.542+00,87,Awaiting availability,"Wants to sell two-bedroom; busy, call back tomorrow",,https://storage.vapi.ai/019e2692-0188-7000-a8a1-fe8dd7dac554-1778763661349-8a4f26a4-253b-4e31-a78b-e76cc8cffae3-mono.wav,10721,019e2692-0188-7000-a8a1-fe8dd7dac554
Hot Seller / Landlord,AHMED SHAH HAJI ABDULLAH JAN,+971506116449,Roy Mediterranean Hotel Apartments,617,Al Furjan,Hotel Apartment,-,2026-05-14 11:59:10.022+00,50,Awaiting availability,"Responded with brief answers, interested in WhatsApp contact",,https://storage.vapi.ai/019e265a-8e40-7000-89ec-a675336ba5d6-1778760002246-465aa908-ac6d-445c-9c3c-2f02f7539965-mono.wav,11025,019e265a-8e40-7000-89ec-a675336ba5d6
Hot Seller / Landlord,REHANU SSLAM MOHOMED ANSARI,+966583365517,PEARLZ by Danube,1029,Al Furjan,Unit,-,2026-05-14 11:44:54.652+00,28,Awaiting availability,Confirms property already rented,,https://storage.vapi.ai/019e264d-86ea-7333-8645-d9442c64282e-1778759124981-6771ba0b-07e1-4f7a-ae82-16e31b889434-mono.wav,10784,019e264d-86ea-7333-8645-d9442c64282e
Hot Seller / Landlord,HABIB ALI SYED MOHAMED,+971589664353,Roy Mediterranean Hotel Apartments,323,Al Furjan,Unit,-,2026-05-14 11:14:25.102+00,36,Awaiting availability,"Responded to rent or sell inquiry, no clear decision yet",,https://storage.vapi.ai/019e2631-711e-766b-a39b-60b51b9fc12b-1778757303885-71612d4c-6410-46d0-8abe-cc6677643ae5-mono.wav,11020,019e2631-711e-766b-a39b-60b51b9fc12b
Hot Seller / Landlord,UWE WIECZOREK,+4915237655810,GLAMZ RESIDENCE,1108,Al Furjan,Flat,-,2026-05-14 11:13:01.814+00,100,Awaiting availability,"Wants to sell properties, agreed to list and share details via WhatsApp",,https://storage.vapi.ai/019e2630-718e-7000-a0e9-26fda14b590c-1778757284766-32e9791f-f464-4b29-8513-02e4a2558b17-mono.wav,10951,019e2630-718e-7000-a0e9-26fda14b590c
Hot Seller / Landlord,SURESH SEETHARAMAN SEETHARAMAN KRISHNA IYER,+971501077345,AZIZI. YASAMINE,402,Al Furjan,Unit,-,2026-05-14 10:59:20.318+00,97,Awaiting availability,"Open to selling two-bedroom unit, expects callback tomorrow after 10 AM",,https://storage.vapi.ai/019e2623-ebb5-7881-bedc-e48cd958ccce-1778756459645-868609ae-be64-4218-a250-7f46248b231b-mono.wav,10763,019e2623-ebb5-7881-bedc-e48cd958ccce
Hot Seller / Landlord,HASSAN SHERAZ SYED MEHR SHAH,+971509695876,MURANO RESIDENCE 1,305,Al Furjan,Unit,-,2026-05-14 10:21:05.777+00,100,Awaiting availability,"Wants to sell one-bedroom unit, unsure about calls from UK",,https://storage.vapi.ai/019e2600-b4d1-7000-98f6-f1a24a6a175b-1778754168466-19eca358-c2a6-4494-b0f3-ffc5823fa8d8-mono.wav,10631,019e2600-b4d1-7000-98f6-f1a24a6a175b
Hot Seller / Landlord,AHMED MOHAMED SALAHELDIN MOUSSA MOHAMED NASEF,+971563147810,Roy Mediterranean Hotel Apartments,530,Al Furjan,Hotel Apartment,-,2026-05-14 10:06:14.792+00,39,Awaiting availability,Customer said property already sold,,https://storage.vapi.ai/019e25f3-18cf-7bb2-ac04-d2e1f7f15677-1778753216418-7bf304c0-051d-449f-9fda-2aaed3f1b3f0-mono.wav,13811,019e25f3-18cf-7bb2-ac04-d2e1f7f15677
Hot Seller / Landlord,ENAYATOLLAH MOHAMMAD SAEID GHIASI,+971506244527,The Stella,null,Al Furjan,Commercial,-,2026-05-14 09:45:52.685+00,139,Awaiting availability,"Has multiple properties, ready to sell or rent, prefers inbound calls",,https://storage.vapi.ai/019e25e0-7c4c-7bb0-ab23-2fc5cd878a93-1778752094262-4902ac81-ae12-4d0b-92a9-d5133affd41e-mono.wav,13570,019e25e0-7c4c-7bb0-ab23-2fc5cd878a93
Hot Seller / Landlord,JOSHY EMMANUEL MAI,+971504981660,Azizi Samia Residence,702,Al Furjan,Flat,-,2026-05-09 08:20:37.418+00,33,Awaiting availability,"Customer confirmed identity, unclear on interest to sell or rent",,https://storage.vapi.ai/019e0bd2-bad8-7ccd-8991-f5530a96cb87-1778314872885-4a4cf60d-504f-4923-9eec-0382f198809d-mono.wav,13319,019e0bd2-bad8-7ccd-8991-f5530a96cb87
Hot Seller / Landlord,AHMED MUBARAK YOUSIF HUMAID,+971501012220,Roy Mediterranean Hotel Apartments,436,Al Furjan,Hotel Apartment,-,2026-05-09 08:20:09.927+00,23,Awaiting availability,"Customer acknowledged, possibly interested in selling or renting property",,https://storage.vapi.ai/019e0bd2-67a4-7ccc-8715-124dce4963a2-1778314835609-ce05c109-945a-4e01-8f34-f1c10256af86-mono.wav,13301,019e0bd2-67a4-7ccc-8715-124dce4963a2
Hot Seller / Landlord,KHALID MAHGOUB ELSHAIKH ELGALAL,+971505469589,CANDACE ACACIA HOTEL APARTMENTS,703,Al Furjan,Hotel Apartment,-,2026-05-09 07:59:39.595+00,90,Awaiting availability,Customer intends to sell unit not yet handed over,,https://storage.vapi.ai/019e0bbf-acad-7bbf-a091-3e7f83a8bc5a-1778313672006-65d90533-25a0-4580-8953-70a2ef1baf48-mono.wav,13639,019e0bbf-acad-7bbf-a091-3e7f83a8bc5a
Hot Seller / Landlord,SEKHAR CHAKRABORTY,+971504691520,AL FURJAN,null,Al Furjan,Residential,-,2026-05-09 07:45:58.21+00,25,Awaiting availability,Customer responded but did not provide clear buying or selling intent,,https://storage.vapi.ai/019e0bb2-d757-7aad-841d-53c1ddb7f15b-1778312785937-083bae58-6860-4af3-a18b-02c1f6853238-mono.wav,13437,019e0bb2-d757-7aad-841d-53c1ddb7f15b
Hot Seller / Landlord,RITU KUMARI ANIL JOHN D CRUZ,+971526794291,Zazen Gardens,416,Al Furjan,Unit,-,2026-05-09 05:59:45.547+00,36,Awaiting availability,Customer agreed to stay on line after asking about selling or renting,,https://storage.vapi.ai/019e0b51-f9cd-7665-af8b-7d757b521a5b-1778306424287-13512184-2965-48d8-93f6-7bb4085bc72c-mono.wav,10403,019e0b51-f9cd-7665-af8b-7d757b521a5b
Hot Seller / Landlord,VIPAN KUMAR MISHRA DEVI PRASAD MISHRA,+971521327081,Roy Mediterranean Hotel Apartments,332,Al Furjan,Unit,-,2026-05-09 05:29:47.758+00,36,Awaiting availability,"Affirmed identity, open for selling or renting discussion",,https://storage.vapi.ai/019e0b36-5551-7bbf-9e87-7cb4f8881bf4-1778304626003-7925fc40-c3d3-46d5-ae7b-7c79ebb7a214-mono.wav,10530,019e0b36-5551-7bbf-9e87-7cb4f8881bf4
Hot Seller / Landlord,FARIS MUSTAFA AL KAISSI,+971553712221,Al Furjan,null,0,Land,-,2026-05-09 05:29:10.765+00,55,Awaiting availability,"Customer says yes, referring to renting property",,https://storage.vapi.ai/019e0b35-acd0-7aad-81da-51b2098208e4-1778304608785-b22b1951-d0f5-4ebb-8870-9046c48337d0-mono.wav,10488,019e0b35-acd0-7aad-81da-51b2098208e4
Hot Seller / Landlord,VAISHALI VIVEK CHATURVEDI,+971564765038,AL FURJAN,null,Al Furjan,Land,-,2026-05-09 05:22:12.61+00,40,Awaiting availability,Customer interested in renting out unit,,https://storage.vapi.ai/019e0b2f-6670-7884-91fb-d42b35d69803-1778304175416-b3a5f0e1-c49a-4eca-8ddd-fa03994a3784-mono.wav,10395,019e0b2f-6670-7884-91fb-d42b35d69803
Hot Seller / Landlord,SERGEI DOROGAN,+971585110696,CANDACE ACACIA HOTEL APARTMENTS,807,Al Furjan,Unit,-,,0,Awaiting availability,Indicated property not available for sale,,,10086,
Hot Seller / Landlord,WALEED MOHSEN MOHAMED ATTA,+971528999787,Elan,A001,TILAL AL GHAF,Villa,-,,0,Awaiting availability,"Customer suspicious, asked if collecting data or has buyer",,,5306,
Hot Seller / Landlord,WALEED MOHSEN MOHAMED ATTA,+971528999787,Elan,A001,TILAL AL GHAF,Building,-,,0,Awaiting availability,Customer uncertain if call is to collect data or buyer inquiry,,,5114,
Hot Seller / Landlord,ANIL KUMAR RAMESHWAR DASS,+971565316888,Azizi Shaista Residence,809,Al Furjan,Flat,-,,0,Awaiting availability,"Unit rented till October, prefers call next month",,,11805,
Hot Seller / Landlord,FAIZA ALI EISA BOSHARA,+971508977517,Azizi Berton,318,Al Furjan,Unit,-,,0,Awaiting availability,Confirmed property sold by Miss Sylvia,,,9764,
Hot Seller / Landlord,RAJNEESH PREM PRAKASH VARMA VARMA,+971528003767,Harmony,#N/A,TILAL AL GHAF,null,-,,0,Awaiting availability,"Has rented property, open for callback after contract ends",,,8673,
Hot Seller / Landlord,NAZIH OMAR EL CHAOULI,+971506124931,Harmony,#N/A,TILAL AL GHAF,null,-,,0,Awaiting availability,Customer asked to stay on line and engaged about rent or sell,,,8392,
Hot Seller / Landlord,FATEMA SAIFUDDIN RUPAWALA,+971551042990,Harmony,TAG-HAR-1-20,TILAL AL GHAF,General Use,-,,0,Awaiting availability,Customer confirmed property is sold,,,6503,
Hot Seller / Landlord,GURCHARANJIT SINGH,+971503459875,Harmony,#N/A,TILAL AL GHAF,null,-,,0,Awaiting availability,"Open to selling four-bedroom unit, shared price, currently listed",,,6325,
Hot Seller / Landlord,AHMAD ABDULRAHMAN AHMAD,+971506445576,Elan,B587,TILAL AL GHAF,Villa,-,,0,Awaiting availability,Confirmed interest in selling or renting property,,,6796,
Hot Seller / Landlord,MAHAMODHA FURVIN MOHAMED ISMAIL,+971506509163,Aura,TAG-AUR-2-041,TILAL AL GHAF,Building,-,,0,Awaiting availability – anyone who says yes to rent or sell according to the complete flow,"Wants to sell 6 bed, shared asking price, agreed to consultant callback",,https://qgxgtavkovqklijfpnfl.supabase.co/storage/v1/object/public/owners_data_second/019facb8-44c1-7227-9cce-03ddf1ab892c-1785309288780-d789eba5-bd6a-4632-86f0-c9b9ab342856-stereo.wav,4256,
Buyer Lead,AMIT SINGH SURJEET SINGH,+971554770670,Azizi Samia Residence,514,Al Furjan,Flat,-,,0,Create Buyers Lead,Asked about selling price and shared unit details,,,13346,
Hot Seller / Landlord,AYMAN AL HALABI,+971556458060,Elan,B409,TILAL AL GHAF,Villa,-,,0,Awaiting availability,"Property rented but open to selling, discussed price expectations",,,6735,
Hot Seller / Landlord,SAMIRA MOHSEN DALLALI,+971551900603,ALFURJAN PACKAGE 4,null,Al Furjan,Land,-,,0,Awaiting availability,"Open to selling property, shared price, asked location details",,,10425,
Hot Seller / Landlord,LAURENT DORIAN CEDRIC SAINT JEVIN,+971522915018,Elan,B291,TILAL AL GHAF,Villa,-,,0,Awaiting availability,"Open to selling villa, wants to speak with a human agent",,,6889,
Hot Seller / Landlord,MUHAMMAD ALEEM KHAN MUHAMMAD KHAN,+971506974176,Azizi Samia Residence,109,Al Furjan,Unit,-,,0,Awaiting availability,"Wants to sell property, agreed to callback availability",,,10312,
Hot Seller / Landlord,HANNA ABDUL HAKIM MOHAMED AL AKRABI,+971502407722,Elan,B035,TILAL AL GHAF,Villa,-,,0,Awaiting availability,"Customer available, asked to stay on line, no clear sell/rent answer yet",,,6961,
Hot Seller / Landlord,TULSI KEWALRAM SAMBHWANI KEWALRAM POHUMAL SAMBHWANI,+971527651111,Alaya,#N/A,TILAL AL GHAF,Land,-,,0,Awaiting availability – anyone who says yes to rent or sell according to the complete flow,"Wants to sell unit, asked about achievable price",,https://qgxgtavkovqklijfpnfl.supabase.co/storage/v1/object/public/owners_data_second/019fd086-af6a-7009-bb31-7f33658cd4f6-1785909977105-6cd086f2-0506-4675-83cc-f9ba83ac7523-stereo.wav,7146,019fbd81-c0b8-7002-8446-35739bda9004
Hot Seller / Landlord,RAJEN BIPIN LAKHANI,+971559532241,Alaya,#N/A,TILAL AL GHAF,Land,-,,0,Awaiting availability – anyone who says yes to rent or sell according to the complete flow,"positive - Wants to rent out 5BR at Alaya, expects 800,000 AED annually",,https://qgxgtavkovqklijfpnfl.supabase.co/storage/v1/object/public/owners_data_third/01a0b43f-a05e-7dd4-a250-1516b093f4f7-1789730558881-e1bd05a2-db0b-4c02-976b-bb416d473a05-stereo.wav,7128,
Buyer Lead,TAMER MAHMOUD MAHMOUD ELDAHSHAN,+971504848011,Elan,A199,TILAL AL GHAF,Villa,-,,0,Create Buyers Lead,"Interested in buying, asked about price and availability",,,6908,
Hot Seller / Landlord,CRISPIN ANTONY ANSELM,+971509647494,Aura,TAG-AUR-3-B043,TILAL AL GHAF,Villa,-,,0,Awaiting availability,Confirmed property is rented out and registered,,,8330,
Hot Seller / Landlord,EIAD IDREES AHMED ALI ALHAREERI,+971504447099,Montrell Hotel Aprtments,422,Al Furjan,Unit,-,,0,Awaiting availability,"Sold property, no interest in selling or renting more",,,9492,
Hot Seller / Landlord,KHAZNA MUBARAK SULTAN QARRAN ALMANSOORI,+971502122206,Elan,B291,TILAL AL GHAF,Villa,-,,0,Awaiting availability,"Customer agreed to discuss selling or renting, asked about bedrooms",,,5247,
Hot Seller / Landlord,VAHID PATEL RAFIK SHAMSHUDDIN PATEL,+971585140288,PG ONE AT AL FURJAN,310,Al Furjan,Unit,-,,0,Awaiting availability – anyone who says yes to rent or sell according to the complete flow,"Wants to sell, requested WhatsApp for details",,https://qgxgtavkovqklijfpnfl.supabase.co/storage/v1/object/public/owners_data_second/01a060d0-79d5-7000-8304-a71abe47fe51-1788330765053-efeb9e52-a4a8-432a-a1bb-1c65a8f9274d-stereo.wav,13952,019e3fde-1fce-7eec-96ff-dd57b1d3199f
Hot Seller / Landlord,KHAZNA MUBARAK SULTAN QARRAN ALMANSOORI,+971502122206,Elan,B291,TILAL AL GHAF,Building,-,,0,Awaiting availability,Open to discussing renting or selling property,,,4165,
Hot Seller / Landlord,VAHID PATEL RAFIK SHAMSHUDDIN PATEL,+971585140288,PG ONE AT AL FURJAN,310,Al Furjan,Unit,-,,0,Awaiting availability – anyone who says yes to rent or sell according to the complete flow,"Wants to sell, requested WhatsApp for details",,https://qgxgtavkovqklijfpnfl.supabase.co/storage/v1/object/public/owners_data_second/01a060d0-79d5-7000-8304-a71abe47fe51-1788330765053-efeb9e52-a4a8-432a-a1bb-1c65a8f9274d-stereo.wav,13952,019fdbc2-d337-7aa0-aaff-080705361f6c
Hot Seller / Landlord,EMADADDIN GHANEM,+971544446044,Aura,TAG-AUR-3-A047,TILAL AL GHAF,Villa,-,,0,Awaiting availability – anyone who says yes to rent or sell according to the complete flow,"Currently selling Aura unit, sale in final stage, moving out",,https://qgxgtavkovqklijfpnfl.supabase.co/storage/v1/object/public/owners_data_second/01a07b03-e1ca-7778-b6e1-42f85f8475ff-1788770310725-05addad9-08bb-4d5d-b863-7d04ff960561-stereo.wav,8162,01a07093-be4f-7000-8697-086d9f26bf4b
Hot Seller / Landlord,ANWAR ABBASAKOOR,+23057299899,GEMZ by Danube,1115,Al Furjan,Flat,-,,0,Awaiting availability,"Interested in private sale, requested WhatsApp communication for details",,,11423,01a07070-050a-7000-9539-7845826e2c02
Hot Seller / Landlord,JAMAL MOHAMMED EID KASSOUMA,+971562787207,PEARLZ by Danube,627,Al Furjan,Flat,-,,0,Awaiting availability – anyone who says yes to rent or sell according to the complete flow,Maybe interested in selling property,,https://qgxgtavkovqklijfpnfl.supabase.co/storage/v1/object/public/owners_data_second/01a05c37-bb91-7000-87fd-5dd84b0e4034-1788253583813-d87b9445-4def-4cf6-8b82-5c2eb5407479-stereo.wav,11597,019e301d-44bd-7000-b5b6-7f02ace3268a
Hot Seller / Landlord,HUSSAIN SAMEER MOUSA,+971557707745,Aura,TAG-AUR-3-B119,TILAL AL GHAF,Villa,-,,0,Awaiting availability,Customer stayed on line to discuss selling or renting villa,,,8152,01a0c3f8-6e2e-7ff2-bfc5-ed841c582dbe
Hot Seller / Landlord,RAHUL MEHROTRA,+971552746464,Aura,TAG-AUR-3-B154,TILAL AL GHAF,Villa,-,,0,Awaiting availability – anyone who says yes to rent or sell according to the complete flow,"Wants to rent out 4BR in Aura Gardens, expects 300k rent, prefers callback at 4pm",,https://qgxgtavkovqklijfpnfl.supabase.co/storage/v1/object/public/owners_data_second/01a07b2a-265c-7000-bc39-ec8d0e582344-1788772929298-d6faaa04-99f3-408f-ac54-c2d66b8c7234-stereo.wav,8310,01a070b1-3c77-7000-a5d1-56e66476e8c7
Hot Seller / Landlord,CHHAGAN KUMAR MANILAL PETHANI,+971505587411,Aura,TAG-AUR-1-065,TILAL AL GHAF,Villa,-,,0,Awaiting availability – anyone who says yes to rent or sell according to the complete flow,"Confirmed property sold years ago, declined further discussion",,https://qgxgtavkovqklijfpnfl.supabase.co/storage/v1/object/public/owners_data_second/01a085d8-a5e0-7000-8446-be3c2a323867-1788952029442-874bd3b0-6479-4105-bd9a-bcb4959ade42-stereo.wav,5673,019fbcbc-d8ed-7003-998d-16bb6b698b82
Hot Seller / Landlord,JUDE MANOJ SAPARAMADU,+971506860932,PG ONE AT AL FURJAN,1103,Al Furjan,Unit,-,,0,Awaiting availability,"Open to renting or selling, prefers callback, responsive",,,14335,019feff0-d68d-7553-9dd4-a8dc524fc9e0
Hot Seller / Landlord,ABDOLRAHIM SHEIKH MOHAMMAD SAEID FAGHIHI,+971506445228,AL FURJAN,null,Al Furjan,Land,-,,0,Awaiting availability – anyone who says yes to rent or sell according to the complete flow,"Has multiple Dubai properties for sale and rent, referred to contact Bernie",,https://qgxgtavkovqklijfpnfl.supabase.co/storage/v1/object/public/owners_data_second/01a01db3-8f21-7aab-b5b5-5b152b89d857-1787204781656-79147562-3bbf-4141-aa96-e0a3ee315496-stereo.wav,14655,01a0b92f-5fe8-7ff5-b5fb-3178baa58df1
Hot Seller / Landlord,KUNAL KUMAR RAJ KUMAR PODDAR,+971543081738,Nadine Residences 2,505,Al Furjan,Unit,-,,0,Awaiting availability – anyone who says yes to rent or sell according to the complete flow,"Wants to sell 2BR, shared price, agreed callback tomorrow",,,14075,01a01e48-1589-7000-8597-2cbf98d96bc5
Hot Seller / Landlord,MUHAMMAD SAAD ANSARI ISLAM UDDIN ANSARI,+971501828744,Elan,A111,TILAL AL GHAF,Building,-,,0,Awaiting availability,"Agreed to list rental unit, hesitant without customers",,,5112,01a03d88-12c6-700f-8cd9-694b15383fd5
Hot Seller / Landlord,AHMED ULLAH MANZOOR JUNAID,+971501828744,VICTORIA RESIDENCY,511,Al Furjan,Unit,-,,0,Awaiting availability,"Agreed to list rental unit, hesitant without customers",,,10226,01a03d88-12c6-700f-8cd9-694b15383fd5
Hot Seller / Landlord,RASHA MAGDY MAHMOUD ELSAIED,+971552219975,Aura,TAG-AUR-2-081,TILAL AL GHAF,Villa,-,,0,Awaiting availability,"Property rented, no listing now, callback requested next year",,,7774,01a0c30c-c6a3-7dd6-bd0d-dd48635b8151
Hot Seller / Landlord,JUDE MANOJ SAPARAMADU,+971506860932,PG ONE AT AL FURJAN,1103,Al Furjan,Unit,-,,0,Awaiting availability,"Open to renting or selling, prefers callback, responsive",,,14335,01a033bd-37ed-7eec-bc50-46b4ba824695
Hot Seller / Landlord,ANKUR GARG DUSHYANT KUMAR GARG,+971555342166,PG ONE AT AL FURJAN,302,Al Furjan,Unit,-,,0,Awaiting availability – anyone who says yes to rent or sell according to the complete flow,"Open to selling, requested WhatsApp communication",,https://qgxgtavkovqklijfpnfl.supabase.co/storage/v1/object/public/owners_data_second/019fea4d-50dc-7990-9976-70dbb81fb1f0-1786342427645-ac213ac5-46fe-4d43-8448-f9415fd33c64-stereo.wav,14340,019e449d-10a0-7446-85f3-dd08fc09893e
Buyer Lead,MEHUL DEOSKAR,+971585160202,Aura,TAG-AUR-3-A269,TILAL AL GHAF,Villa,-,,0,Create Buyers Lead,"Asked about selling, clients, and price range for villa",,,8193,01a07b7e-620f-7000-a5fa-7297ea6fd432
Hot Seller / Landlord,ANKUR GARG DUSHYANT KUMAR GARG,+971555342166,PG ONE AT AL FURJAN,302,Al Furjan,Unit,-,,0,Awaiting availability – anyone who says yes to rent or sell according to the complete flow,"Open to selling, requested WhatsApp communication",,https://qgxgtavkovqklijfpnfl.supabase.co/storage/v1/object/public/owners_data_second/019fea4d-50dc-7990-9976-70dbb81fb1f0-1786342427645-ac213ac5-46fe-4d43-8448-f9415fd33c64-stereo.wav,14340,019feff1-29d3-733d-b175-27b9ca19b1b2
Hot Seller / Landlord,RAFEEAH HUSAIN RAHMA ALZAABI,+971505300568,Aura,TAG-AUR-3-A285,TILAL AL GHAF,Villa,-,,0,Awaiting availability – anyone who says yes to rent or sell according to the complete flow,"Wants to sell 3BR at Aura, expects 4 million",,https://qgxgtavkovqklijfpnfl.supabase.co/storage/v1/object/public/owners_data_second/01a07094-1c32-7000-941d-49d5f63117c2-1788595207964-cd8b114f-5b35-4f53-b897-229f09aeb78d-stereo.wav,8179,01a07b7e-79f3-766f-907e-115b0e6d924f
Hot Seller / Landlord,SHEIKH SUJAUDDIN SK SAMSUDDIN,+971522071082,Azizi Berton,205,Al Furjan,Unit,-,,0,Awaiting availability – anyone who says yes to rent or sell according to the complete flow,"Wants to rent, open to selling, asked about sale price vs market",,https://qgxgtavkovqklijfpnfl.supabase.co/storage/v1/object/public/owners_data_second/019fff17-7190-7ff3-9d90-aa1c53279675-1786691393747-33edd6fd-94a1-4fa6-ae86-75f90c886460-stereo.wav,16268,019e4fe2-aa55-7ff8-b2b7-0461edbbce9b
Hot Seller / Landlord,RASHED BELAL HASSAN MOHAMMED,+971566676272,CANDACE ACACIA HOTEL APARTMENTS,916,Al Furjan,Unit,-,,0,Awaiting availability – anyone who says yes to rent or sell according to the complete flow,"hesitant - Requests valuation, wants total amount he can get, prefers Arabic",,https://qgxgtavkovqklijfpnfl.supabase.co/storage/v1/object/public/owners_data_second/01a0cd33-3a9a-7ee4-a233-dc68e667abbb-1790149188175-670e6d17-38ed-452a-9cbe-1a11c5cb4717-stereo.wav,10102,01a0c2f9-9a5e-7dd6-bca4-7c2941e045c9
Hot Seller / Landlord,KUNAL KUMAR RAJ KUMAR PODDAR,+971543081738,Nadine Residences 2,505,Al Furjan,Unit,-,,0,Awaiting availability – anyone who says yes to rent or sell according to the complete flow,"Wants to sell 2BR, shared price, agreed callback tomorrow",,,14075,019fef6e-27cd-733a-b9b1-6ce36bf56c99
Hot Seller / Landlord,OMAR SALEH AWAD SAEED ALHADHRAMI,+971506110041,Azizi Farishta Residence,RETAIL-02,Al Furjan,Shop,-,,0,Awaiting availability – anyone who says yes to rent or sell according to the complete flow,"Wants to rent out 1BR unit at 7700, discussed listing status",,https://qgxgtavkovqklijfpnfl.supabase.co/storage/v1/object/public/owners_data_second/019feb40-17fa-788f-bbe7-4c164a03536a-1786358455181-61a96715-df7f-412f-95c8-4f118ba3fc87-stereo.wav,12437,019fd6ac-ddb0-7ff0-990f-1cbd9928e3f3
Hot Seller / Landlord,HELENA CRISTINA DE FLAVIIS,+971564128875,Aura,TAG-AUR-3-A124,TILAL AL GHAF,Building,-,,0,Awaiting availability,"Customer said property already sold, no interest in selling or renting",,,4302,01a0c2d5-a92a-7000-9100-f653c8494005
Hot Seller / Landlord,HELENA CRISTINA DE FLAVIIS,+971564128875,Aura,TAG-AUR-3-A124,TILAL AL GHAF,Villa,-,,0,Awaiting availability,"Customer said property already sold, no interest in selling or renting",,,5729,01a0c2d5-a92a-7000-9100-f653c8494005
Hot Seller / Landlord,MOHAMMED AASHFEE HAMEED,+971554740611,Azizi. Iris,1101,Al Furjan,Flat,-,,0,Awaiting availability – anyone who says yes to rent or sell according to the complete flow,"Out of country, requests follow-up after August vacation",,https://qgxgtavkovqklijfpnfl.supabase.co/storage/v1/object/public/owners_data_second/019fd69c-27a9-7ff0-9853-d83e15f68f22-1786012072015-31269d3d-d8c5-462a-9cde-360128fa68c7-stereo.wav,11919,019e3a0b-9be8-7001-ba22-c82e3e1dc127
Hot Seller / Landlord,ROY EMMANUEL UPPUKANDATHIL MATHAI EMMANUEL,+971562108058,Nadine Residences 2,204,Al Furjan,Unit,-,,0,Awaiting availability – anyone who says yes to rent or sell according to the complete flow,"Wants to rent out from November, shared rent, bedrooms, area, open to WhatsApp follow-up",,https://qgxgtavkovqklijfpnfl.supabase.co/storage/v1/object/public/owners_data_second/019fdbfd-32dc-722b-919a-68485e1c2bcc-1786102409137-249a4991-a23c-4511-a13f-e7e72a01c5a1-stereo.wav,14216,019e4035-28d1-7000-ac59-d5aa1d4e51f3
Hot Seller / Landlord,KAMEL MOUHEB,+971501045066,Azizi Plaza Hotel Apartments,620,Al Furjan,Hotel Apartment,-,,0,Awaiting availability – anyone who says yes to rent or sell according to the complete flow,"Wants to rent out unit, requested WhatsApp follow-up",,https://qgxgtavkovqklijfpnfl.supabase.co/storage/v1/object/public/owners_data_second/019fd132-b74c-777b-a2c1-0db8884cdc3d-1785921337630-02a7ad18-6f32-4ff2-a0ba-6f0a18f7ae67-stereo.wav,10956,019e2a45-5316-7aa6-8e2b-188fcdd0316f
Hot Seller / Landlord,DANIA UMBETOVA,+971562239565,Montrell Hotel Aprtments,409,Al Furjan,Hotel Apartment,-,,0,Awaiting availability – anyone who says yes to rent or sell according to the complete flow,"Owns, renting now, open to selling in future, discussed valuation",,https://qgxgtavkovqklijfpnfl.supabase.co/storage/v1/object/public/owners_data_second/019fdbc2-e8fc-7bb7-9c46-3d52c6ae0a33-1786098629290-7234d4f8-b472-4453-959d-c9d2f37b23a4-stereo.wav,13792,019e3fd6-41cc-7000-a51f-bc519822c492
Hot Seller / Landlord,BAPURAO RAMCHANDRA BHOSLE,+971567225662,STARZ TOWER by DANUBE,815,Al Furjan,Flat,-,,0,Awaiting availability – anyone who says yes to rent or sell according to the complete flow,"In process of renting unit, asked to call later",,https://qgxgtavkovqklijfpnfl.supabase.co/storage/v1/object/public/owners_data_second/019fd0ee-8e2c-7447-8d53-41c2968079c9-1785916772302-b9fc41e5-458e-4075-b104-914cf11c5150-stereo.wav,11252,019e26b5-0487-7000-ab51-e22967ded631
Hot Seller / Landlord,NIKI NILESH SHAH,+971506997421,GLAMZ RESIDENCE,308,Al Furjan,Flat,-,,0,Awaiting availability – anyone who says yes to rent or sell according to the complete flow,"Property already rented, owner asked to call back later",,https://qgxgtavkovqklijfpnfl.supabase.co/storage/v1/object/public/owners_data_second/019fefcd-e0b7-7996-ab76-6bbc57fc94c8-1786434774885-8bee99e3-3877-4659-9094-7887e919ee4d-stereo.wav,12740,019fdb72-2edc-7ee7-9409-3f2692313b89
Hot Seller / Landlord,JAMAL MOHAMMED EID KASSOUMA,+971562787207,PEARLZ by Danube,627,Al Furjan,Flat,-,,0,Awaiting availability – anyone who says yes to rent or sell according to the complete flow,Maybe interested in selling property,,https://qgxgtavkovqklijfpnfl.supabase.co/storage/v1/object/public/owners_data_second/01a05c37-bb91-7000-87fd-5dd84b0e4034-1788253583813-d87b9445-4def-4cf6-8b82-5c2eb5407479-stereo.wav,11597,019fd5fb-c4a6-799b-9a16-7c6be4ce4276
Hot Seller / Landlord,FRANCIS SIMETHY,+971521151745,Azizi Star Hotel Apartments,327,Al Furjan,Unit,-,,0,Awaiting availability – anyone who says yes to rent or sell according to the complete flow,"Wants to rent out in December, 2BR at 90000, fully furnished",,https://qgxgtavkovqklijfpnfl.supabase.co/storage/v1/object/public/owners_data_second/019fd6e9-fc2e-7881-b42c-a58bae5bf465-1786017236916-6fa9b8cd-aea9-4b1b-a00b-f81c64cf398b-stereo.wav,9340,019fcc35-c5e0-7ff6-a3d0-f2178f92fabb
Hot Seller / Landlord,CHHAGAN KUMAR MANILAL PETHANI,+971505587411,Aura,TAG-AUR-1-065,TILAL AL GHAF,Villa,-,,0,Awaiting availability – anyone who says yes to rent or sell according to the complete flow,"Confirmed property sold years ago, declined further discussion",,https://qgxgtavkovqklijfpnfl.supabase.co/storage/v1/object/public/owners_data_second/01a085d8-a5e0-7000-8446-be3c2a323867-1788952029442-874bd3b0-6479-4105-bd9a-bcb4959ade42-stereo.wav,5673,019f74f5-2b03-7557-afe5-68c9f99f3f76
Hot Seller / Landlord,MAJID MUHAMMAD LATIF,+966552541137,Westwood By Imtiaz,1019,Al Furjan,Unit,-,,0,Awaiting availability – anyone who says yes to rent or sell according to the complete flow,"Wants to sell in December after tenant vacates, call back November 15th",,https://qgxgtavkovqklijfpnfl.supabase.co/storage/v1/object/public/owners_data_second/019fd704-0bd3-7226-91de-759b4b6f843a-1786018951049-e4d7abc0-eed0-4a2a-a520-fd71e5524eb8-stereo.wav,9453,019fcc54-0b23-7ccf-a019-f2cd9e86441e
Hot Seller / Landlord,ORKUN TURKMEN,+971565337615,Harmony,#N/A,TILAL AL GHAF,null,-,,0,Awaiting availability – anyone who says yes to rent or sell according to the complete flow,"Owner renting out 5BR villa, shared price, open to WhatsApp",,https://qgxgtavkovqklijfpnfl.supabase.co/storage/v1/object/public/owners_data_second/019fd199-e813-7ffa-9688-17356ab96b0e-1785928051711-18d281eb-fc62-448d-aec4-e4791a5b27fa-stereo.wav,8410,019fc6f2-ea71-7995-a724-978913ee0810
Hot Seller / Landlord,LUCY BRATTAN,+971585291021,Elan,A041,TILAL AL GHAF,Villa,-,,0,Awaiting availability,"Customer confirmed sold the property, no longer owns unit",,,5221,019fd093-64a0-7114-a9c1-15728ee01deb
Hot Seller / Landlord,HAREESH REDDY JINNA RAJI REDDY JINNA,+971589447897,Nadine Residences,601,Al Furjan,Unit,-,,0,Awaiting availability – anyone who says yes to rent or sell according to the complete flow,"Wants to rent out, shared price, open to WhatsApp from consultant",,https://qgxgtavkovqklijfpnfl.supabase.co/storage/v1/object/public/owners_data_second/019fb1d8-2a7c-799c-97ce-53df7931f0bd-1785395326631-b830a728-7c52-4423-9263-125cd1babc19-stereo.wav,14147,019e4033-ffd4-7000-be17-1a49a28d7ba5
Hot Seller / Landlord,DIA YASIN MOHAMAD HAMDAN,+971557647321,Azizi Star Hotel Apartments,921,Al Furjan,Hotel Apartment,-,,0,Awaiting availability – anyone who says yes to rent or sell according to the complete flow,Confirmed open to selling property,,https://qgxgtavkovqklijfpnfl.supabase.co/storage/v1/object/public/owners_data_second/019fd71a-9a75-7003-8fb8-92d6af6265b6-1786020316630-885f4f23-ffa5-433b-a723-29ae0d966540-stereo.wav,12490,019e3aca-110f-799f-9a73-53c2ac9f03d8
Hot Seller / Landlord,MOHANAD NADER ABBAS MOHAMED FORS,+971563700789,ALFURJAN PACKAGE 6,null,Al Furjan,Land,-,,0,Awaiting availability – anyone who says yes to rent or sell according to the complete flow,"Wants to sell 14-bed villa, prefers 4 AM call after prayers",,https://qgxgtavkovqklijfpnfl.supabase.co/storage/v1/object/public/owners_data_second/019fff6b-29d7-755d-bf96-e09be63ad296-1786696836732-81a08878-bc71-4420-9528-5c1ee90a99e9-stereo.wav,16438,019e5371-a907-7ff3-b0dd-c57030dba0fe
Hot Seller / Landlord,EMADADDIN GHANEM,+971544446044,Aura,TAG-AUR-3-A047,TILAL AL GHAF,Villa,-,,0,Awaiting availability – anyone who says yes to rent or sell according to the complete flow,"Currently selling Aura unit, sale in final stage, moving out",,https://qgxgtavkovqklijfpnfl.supabase.co/storage/v1/object/public/owners_data_second/01a07b03-e1ca-7778-b6e1-42f85f8475ff-1788770310725-05addad9-08bb-4d5d-b863-7d04ff960561-stereo.wav,8162,019fd214-2389-722e-9cb7-4e9aff15bfa6
Hot Seller / Landlord,BURAK ARDA ARAL,+971566813906,Aura,TAG-AUR-3-B162,TILAL AL GHAF,Villa,-,,0,Awaiting availability,"Has property rented, no need to list now, asked to talk later",,,6249,01a07b98-a7ab-7bbe-84f8-9caa8e692f60
Hot Seller / Landlord,EMADADDIN GHANEM,+971544446044,Aura,TAG-AUR-3-A047,TILAL AL GHAF,Villa,-,,0,Awaiting availability – anyone who says yes to rent or sell according to the complete flow,"Currently selling Aura unit, sale in final stage, moving out",,https://qgxgtavkovqklijfpnfl.supabase.co/storage/v1/object/public/owners_data_second/01a07b03-e1ca-7778-b6e1-42f85f8475ff-1788770310725-05addad9-08bb-4d5d-b863-7d04ff960561-stereo.wav,8162,01a0623b-6560-7000-8f6a-a1b46fa4036a
Hot Seller / Landlord,RAHUL MEHROTRA,+971552746464,Aura,TAG-AUR-3-B154,TILAL AL GHAF,Villa,-,,0,Awaiting availability – anyone who says yes to rent or sell according to the complete flow,"Wants to rent out 4BR in Aura Gardens, expects 300k rent, prefers callback at 4pm",,https://qgxgtavkovqklijfpnfl.supabase.co/storage/v1/object/public/owners_data_second/01a07b2a-265c-7000-bc39-ec8d0e582344-1788772929298-d6faaa04-99f3-408f-ac54-c2d66b8c7234-stereo.wav,8310,019fc7b4-e425-7999-9c37-5d6e7d93fbd5
Hot Seller / Landlord,DIETER SCHWARZ,+971526778072,Al Furjan,null,Al Furjan,Building,-,,0,Awaiting availability – anyone who says yes to rent or sell according to the complete flow,Confirmed willing to sell or rent unit,,https://qgxgtavkovqklijfpnfl.supabase.co/storage/v1/object/public/owners_data_second/019fffa2-8270-7ff3-a06a-a79e7b96bd09-1786700308597-2e208531-7dee-49f1-9bd1-2f2ae5b581d7-stereo.wav,16747,019e5394-6ef5-7ff3-b1b5-9f65ce4f07cf
Hot Seller / Landlord,THAARAK CHAREN SARAVANKUMAR,+971565959034,GEMZ by Danube,1009,Al Furjan,Flat,-,,0,Awaiting availability – anyone who says yes to rent or sell according to the complete flow,"Wants to rent out studio, prefers WhatsApp after 3 days",,https://qgxgtavkovqklijfpnfl.supabase.co/storage/v1/object/public/owners_data_second/019fff77-e0c8-7eef-adef-ad12af166738-1786697560949-1372a9fa-f33f-4750-b2e0-88e759ddeb4b-stereo.wav,11413,019e2f78-2689-7994-ba82-1193290af7a1
Hot Seller / Landlord,MONIKA SACHDEVA,+971557434623,Azizi Star Hotel Apartments,220,Al Furjan,Hotel Apartment,-,,0,Awaiting availability – anyone who says yes to rent or sell according to the complete flow,"Open to selling if price is good, mentioned 1 or 2 bedrooms",,https://qgxgtavkovqklijfpnfl.supabase.co/storage/v1/object/public/owners_data_second/01a00412-ff1a-7113-997b-3cdc824ada0a-1786774817852-690725f1-6b78-40b7-ab7e-55652eb5d8db-stereo.wav,16133,019e535e-2fc0-7ff3-b05b-b818a9762cd4
Hot Seller / Landlord,RAJKUMAR JAYARAMAN,+971559266869,PG UPPERHOUSE,301,Al Furjan,Unit,-,,0,Awaiting availability – anyone who says yes to rent or sell according to the complete flow,"Wants to sell 1BR, shared price and rental yield details",,https://qgxgtavkovqklijfpnfl.supabase.co/storage/v1/object/public/owners_data_second/019fff41-0a2e-766c-a399-364016b82254-1786694093007-7ccd0e8f-1b2f-4ed3-9930-ad1502af172a-stereo.wav,16352,019e5348-c7d1-7449-817a-a0ead93ffbc8
Hot Seller / Landlord,MARGISHI TUSHAR DESAI RAMESHCHANDRA NAIK,+971529031759,Al Furjan,503,Al Furjan,Unit,-,,0,Awaiting availability – anyone who says yes to rent or sell according to the complete flow,"Deciding on selling or renting, asked about source of number",,https://qgxgtavkovqklijfpnfl.supabase.co/storage/v1/object/public/owners_data_second/019fdbd3-56ba-7555-8f8b-6c0fb2c282fd-1786099550882-9f50b13c-f061-40d7-bb0f-4ff56ba991c2-stereo.wav,13183,019e3fea-5333-7000-a835-44c8bba8db9d
Hot Seller / Landlord,NIKI NILESH SHAH,+971506997421,GLAMZ RESIDENCE,308,Al Furjan,Flat,-,,0,Awaiting availability – anyone who says yes to rent or sell according to the complete flow,"Property already rented, owner asked to call back later",,https://qgxgtavkovqklijfpnfl.supabase.co/storage/v1/object/public/owners_data_second/019fefcd-e0b7-7996-ab76-6bbc57fc94c8-1786434774885-8bee99e3-3877-4659-9094-7887e919ee4d-stereo.wav,12740,019e3f7c-f5b5-7000-9c6a-fee14675df5f
Hot Seller / Landlord,RAHUL MEHROTRA,+971552746464,Aura,TAG-AUR-3-B154,TILAL AL GHAF,Villa,-,,0,Awaiting availability – anyone who says yes to rent or sell according to the complete flow,"Wants to rent out 4BR in Aura Gardens, expects 300k rent, prefers callback at 4pm",,https://qgxgtavkovqklijfpnfl.supabase.co/storage/v1/object/public/owners_data_second/01a07b2a-265c-7000-bc39-ec8d0e582344-1788772929298-d6faaa04-99f3-408f-ac54-c2d66b8c7234-stereo.wav,8310,01a06265-55bd-7000-8df6-27c928ff6bd5
Hot Seller / Landlord,VARUN GUPTA BAJRANG KUMAR GUPTA,+971509001962,Roy Mediterranean Hotel Apartments,412,Al Furjan,Hotel Apartment,-,,0,Awaiting availability – anyone who says yes to rent or sell according to the complete flow,Unit already rented out until May next year,,https://qgxgtavkovqklijfpnfl.supabase.co/storage/v1/object/public/owners_data_second/01a07192-fa0b-7000-9719-f7e9c84a5500-1788611932701-26730936-9961-4f46-9b0a-d101e623c1e1-stereo.wav,12719,019e3b49-8051-7001-9f62-04d36d14c09f
Hot Seller / Landlord,AMRITA JASBIRSINGH AHLUWALIA,+971502757494,EQUITI ARCADE,105,Al Furjan,Unit,-,,0,Awaiting availability – anyone who says yes to rent or sell according to the complete flow,"Currently tenanted, confirmed rental status at Equity Arcade, no sell intent denied",,https://qgxgtavkovqklijfpnfl.supabase.co/storage/v1/object/public/owners_data_second/01a070dd-5789-7000-8143-bd78bb5e315b-1788600031068-21d7e9aa-96ee-4646-bc63-f25f4b3fc1c6-stereo.wav,13051,019e3b12-4ae2-7ddd-9593-bc3fcea5942c
Hot Seller / Landlord,OMAR SALEH AWAD SAEED ALHADHRAMI,+971506110041,Azizi Farishta Residence,RETAIL-02,Al Furjan,Shop,-,,0,Awaiting availability – anyone who says yes to rent or sell according to the complete flow,"Wants to rent out 1BR unit at 7700, discussed listing status",,https://qgxgtavkovqklijfpnfl.supabase.co/storage/v1/object/public/owners_data_second/019feb40-17fa-788f-bbe7-4c164a03536a-1786358455181-61a96715-df7f-412f-95c8-4f118ba3fc87-stereo.wav,12437,019e3a2b-a47d-7003-8094-a9d5c2c591d0
Hot Seller / Landlord,VARUN GUPTA BAJRANG KUMAR GUPTA,+971509001962,Roy Mediterranean Hotel Apartments,412,Al Furjan,Hotel Apartment,-,,0,Awaiting availability – anyone who says yes to rent or sell according to the complete flow,Unit already rented out until May next year,,https://qgxgtavkovqklijfpnfl.supabase.co/storage/v1/object/public/owners_data_second/01a07192-fa0b-7000-9719-f7e9c84a5500-1788611932701-26730936-9961-4f46-9b0a-d101e623c1e1-stereo.wav,12719,019fdacd-8c77-7000-87e3-533c7d91c7ed
Hot Seller / Landlord,ASHOK KUMAR KHADKA,+971501501859,Azizi Farishta Residence,306,Al Furjan,Flat,-,,0,Awaiting availability – anyone who says yes to rent or sell according to the complete flow,Customer agreed can sell or rent out property,,https://qgxgtavkovqklijfpnfl.supabase.co/storage/v1/object/public/owners_data_second/019fd1d7-701f-722e-a5b7-ccce985f156a-1785932040487-d6327d46-3904-4394-910d-3edaf9134eb8-stereo.wav,13254,019e2bef-92da-7777-8fdc-8233a3422f51
Hot Seller / Landlord,ALKA SANJEEV KATYAL,+971558063978,PEARLZ by Danube,622,Al Furjan,Flat,-,,0,Awaiting availability – anyone who says yes to rent or sell according to the complete flow,"Owner will rent out in October, requested rent estimate update",,https://qgxgtavkovqklijfpnfl.supabase.co/storage/v1/object/public/owners_data_second/019fd1ca-1662-7aa0-b67c-d0e66a3a1b3e-1785931324907-8fdebc2d-81c7-4538-ab2e-e4fa1c2797c7-stereo.wav,11566,019e2bdc-0cd3-7555-bf65-752592263ca8
Hot Seller / Landlord,MOHAMAD KASSAM MOHAMAD AMIN,+971506514234,STARZ TOWER by DANUBE,106,Al Furjan,Flat,-,,0,Awaiting availability – anyone who says yes to rent or sell according to the complete flow,"Wants to sell studio, requested agent do more research",,https://qgxgtavkovqklijfpnfl.supabase.co/storage/v1/object/public/owners_data_second/019fd125-aaa8-7006-9ab5-b7bc0ed3a5d8-1785920409803-0971bb1c-4db0-4b9c-846b-90eeb455f5d3-stereo.wav,11270,019e2a31-8f57-777e-90b2-859622e6191d
Hot Seller / Landlord,FAIZAH NOREEN IQBAL,+971588770387,Harmony,#N/A,TILAL AL GHAF,null,-,,0,Awaiting availability,Confirmed unit is sold,,,5952,01a0c8e2-8b5e-7eed-b2d2-7942a34bd9cf
Hot Seller / Landlord,REHANA BEGUM BASIR KHAN,+971507970248,Azizi Star Hotel Apartments,RETAIL-02,Al Furjan,Unit,-,,0,Awaiting availability – anyone who says yes to rent or sell according to the complete flow,"Confirmed unit is tenanted, unit not available now",,https://qgxgtavkovqklijfpnfl.supabase.co/storage/v1/object/public/owners_data_second/019fdb17-da32-7aa3-99a0-5df8f635913e-1786087274371-755acb27-908a-457f-8afd-3eaf0fedd977-stereo.wav,10616,019e25f4-1336-7000-a763-91a2606f3616
Hot Seller / Landlord,EJAZ ALAM,+971521056597,GLAMZ RESIDENCE,1211,Al Furjan,Unit,-,,0,Awaiting availability – anyone who says yes to rent or sell according to the complete flow,"Wants to rent out unit, shared price, prefers exclusivity",,https://qgxgtavkovqklijfpnfl.supabase.co/storage/v1/object/public/owners_data_second/019fff84-ce06-7883-8552-a207f6a9b89a-1786698491898-69e3e3ea-7e20-40ff-928b-22f832c99757-stereo.wav,16608,019e537e-8ed4-7001-986b-9d205735cc4b
Hot Seller / Landlord,RASHED BELAL HASSAN MOHAMMED,+971566676272,CANDACE ACACIA HOTEL APARTMENTS,916,Al Furjan,Unit,-,,0,Awaiting availability – anyone who says yes to rent or sell according to the complete flow,"hesitant - Requests valuation, wants total amount he can get, prefers Arabic",,https://qgxgtavkovqklijfpnfl.supabase.co/storage/v1/object/public/owners_data_second/01a0cd33-3a9a-7ee4-a233-dc68e667abbb-1790149188175-670e6d17-38ed-452a-9cbe-1a11c5cb4717-stereo.wav,10102,01a0b327-452c-7eef-9249-2da16721c947
Hot Seller / Landlord,SUVISH VISWANADHAN,+971562265511,Aura,TAG-AUR-3-A069,TILAL AL GHAF,Building,-,,0,Awaiting availability,Asked to stay on line about selling or renting unit,,,4540,01a0c8fb-fd30-7bb0-be6e-42afd1352a64
Hot Seller / Landlord,AAYED ROBIAAN S ALQAHTANI,+971544412971,Elysian Mansions,#N/A,TILAL AL GHAF,null,-,,0,Awaiting availability – anyone who says yes to rent or sell according to the complete flow,"positive - Wants to sell Elysian Mansions unit, price expectation 25.5M AED",,https://qgxgtavkovqklijfpnfl.supabase.co/storage/v1/object/public/owners_data_second/01a0c2b6-0aeb-7aa6-9cfe-380db3dbc3a0-1789973198485-644fa51c-115a-464b-a51b-7de9e30143f3-stereo.wav,5801,01a0b307-8cd4-7994-8776-828e7259c58f
Hot Seller / Landlord,MAGED MOHAMED SALAH ELDIN SALEH WAHBA ABDELWAHAB,+971556465673,Azizi Plaza Hotel Apartments,705,Al Furjan,Unit,-,,0,Awaiting availability – anyone who says yes to rent or sell according to the complete flow,"Wants to sell Azizi Plaza studio, shared furniture info, offered WhatsApp follow-up",,https://qgxgtavkovqklijfpnfl.supabase.co/storage/v1/object/public/owners_data_second/019fad73-b425-7000-b818-b7b2ce261a61-1785321575534-c892cec2-bcc7-45db-a046-ebcd5b1bdbe9-stereo.wav,15783,019e4e60-e5cc-7556-a25f-11fa8785a527
Hot Seller / Landlord,AYHEM SALEH,+971564135668,DREAMZ,null,Al Furjan,Building,-,,0,Awaiting availability – anyone who says yes to rent or sell according to the complete flow,"Open to sell if price right, advised to research market before next call",,https://qgxgtavkovqklijfpnfl.supabase.co/storage/v1/object/public/owners_data_second/019fa7d9-51c4-7ff0-b314-f2af66bd4c85-1785227616530-a7f4f906-946c-481f-ade0-6def97e92b07-stereo.wav,16723,019e53b5-5416-799e-b7ca-e055517f3d5b
Hot Seller / Landlord,JIMMY GEORGE,+971555437885,GLAMZ RESIDENCE,603,Al Furjan,Flat,-,,0,Awaiting availability – anyone who says yes to rent or sell according to the complete flow,"Open to sell or rent, discussed price expectations, requested call back",,https://qgxgtavkovqklijfpnfl.supabase.co/storage/v1/object/public/owners_data_second/019ff025-4102-7cc8-b14c-d9c11448e39e-1786440556868-23b7f7e0-3c43-453c-b2fe-12e7466c7e3b-stereo.wav,15409,019e4e4a-1ab9-744f-9089-971a8694f111
Hot Seller / Landlord,MOHAMMED ALI HABIB,+971559655395,CANDACE ACACIA HOTEL APARTMENTS,801,Al Furjan,Hotel Apartment,-,,0,Awaiting availability – anyone who says yes to rent or sell according to the complete flow,"negative - Has property on market for sale, wants buyer, 1 bedroom at Candace Acacia",,https://qgxgtavkovqklijfpnfl.supabase.co/storage/v1/object/public/owners_data_second/01a0c330-a099-7000-935a-211fb1a00fd5-1789981209670-d2144df9-ecbb-4d8b-a2d1-9d4c043283ab-stereo.wav,15415,01a0b338-6c76-7999-b4f1-3f28d0db7fef
Hot Seller / Landlord,ZEESHAN AHMAD SULTAN AHMAD,+971505567970,AZIZI. YASAMINE,201,Al Furjan,Flat,-,,0,Awaiting availability – anyone who says yes to rent or sell according to the complete flow,"Willing to sell if price met, also interested in upgrading to 3 bed",,https://qgxgtavkovqklijfpnfl.supabase.co/storage/v1/object/public/owners_data_second/019fef3e-fdb8-7000-8709-6f03248d1ff3-1786425527479-2d71ac4e-3367-4eb3-8640-4fc42e126a2e-stereo.wav,15179,019e49c3-14f7-7000-8225-90b78b1a2db8
Buyer Lead,KAMAL KUMAR RAMNANI SEWAK DAS RAMNANI,+971557626299,Al Furjan,null,0,Land,-,,0,Create buyers lead – Anyone who wants to buy put in this,"Wants to buy 5BR villa in Al Furjan at 1.8M, for investment",,https://qgxgtavkovqklijfpnfl.supabase.co/storage/v1/object/public/owners_data_second/01a00f65-bbb3-7000-9391-b4717bba6ceb-1786964933653-9a14d5dc-0c8c-4728-ab66-b389f35f4031-stereo.wav,15682,019e4a5a-d33e-7000-95c7-d13ab8149b42
Buyer Lead,KAMAL KUMAR RAMNANI SEWAK DAS RAMNANI,+971557626299,Al Furjan,null,0,Land,-,,0,Create buyers lead – Anyone who wants to buy put in this,"Wants to buy 5BR villa in Al Furjan at 1.8M, for investment",,https://qgxgtavkovqklijfpnfl.supabase.co/storage/v1/object/public/owners_data_second/01a00f65-bbb3-7000-9391-b4717bba6ceb-1786964933653-9a14d5dc-0c8c-4728-ab66-b389f35f4031-stereo.wav,15682,019f6f09-2aa8-7000-851f-2e30b990f5bc
Hot Seller / Landlord,MADHAVI PENUGONDA,+971503114904,Azizi Plaza Hotel Apartments,1035,Al Furjan,Hotel Apartment,-,,0,Awaiting availability – anyone who says yes to rent or sell according to the complete flow,"Already listed, open to sell or rent, wants WhatsApp only if client",,https://qgxgtavkovqklijfpnfl.supabase.co/storage/v1/object/public/owners_data_second/019feb46-afd9-7eef-83ce-615833c5134a-1786358854105-8864980a-95cc-46b5-bd43-127b4fdcb11d-stereo.wav,14847,019e4591-e9a0-7001-b1cf-e86abedc586f
Hot Seller / Landlord,SUJITH BALAN KELOTH BALAN,+971507120370,Al Furjan,null,Al Furjan,Building,-,,0,Awaiting availability – anyone who says yes to rent or sell according to the complete flow,"Wants to sell, discussed recent sale price, wants valuation callback",,https://qgxgtavkovqklijfpnfl.supabase.co/storage/v1/object/public/owners_data_second/019feaf1-ee5f-7000-90aa-cab363799b3e-1786353334957-ecc95f1b-d905-4e64-bcf9-a8a71e494d65-stereo.wav,14348,019e4511-0c30-7002-89ec-73abf9d38548
Hot Seller / Landlord,REHANA BEGUM BASIR KHAN,+971507970248,Azizi Star Hotel Apartments,RETAIL-02,Al Furjan,Unit,-,,0,Awaiting availability – anyone who says yes to rent or sell according to the complete flow,"Confirmed unit is tenanted, unit not available now",,https://qgxgtavkovqklijfpnfl.supabase.co/storage/v1/object/public/owners_data_second/019fdb17-da32-7aa3-99a0-5df8f635913e-1786087274371-755acb27-908a-457f-8afd-3eaf0fedd977-stereo.wav,10616,019fd067-c4db-7441-ada2-60dec9c3c3ce
Hot Seller / Landlord,YASSER SAEED MOHAMED HUSSEIN,+971568088892,Aura,TAG-AUR-2-087,TILAL AL GHAF,Villa,-,,0,Awaiting availability,"Identified as broker, open to renting or selling",,,7705,01a0c915-6dc1-7000-84bc-943c54671023
Hot Seller / Landlord,RUTH GALLAFANT,+971568088892,Aura,TAG-AUR-2-087,TILAL AL GHAF,Villa,-,,0,Awaiting availability,"Identified as broker, open to renting or selling",,,7744,01a0c915-6dc1-7000-84bc-943c54671023
Hot Seller / Landlord,MOHD ZEESHAN NIYAZ HUSSAIN,+971558671873,Nadine Residences 2,106,Al Furjan,Unit,-,,0,Awaiting availability – anyone who says yes to rent or sell according to the complete flow,"Lives there now, may rent out in a year",,https://qgxgtavkovqklijfpnfl.supabase.co/storage/v1/object/public/owners_data_second/019fdc67-d5a6-7777-9e12-43948b0d5520-1786109333605-04df7193-c45e-4769-84c6-a2fcfd408558-stereo.wav,14204,019e43dc-77a1-7001-a6c7-8e77e4810241
Hot Seller / Landlord,MAGED MOHAMED SALAH ELDIN SALEH WAHBA ABDELWAHAB,+971556465673,Azizi Plaza Hotel Apartments,705,Al Furjan,Unit,-,,0,Awaiting availability – anyone who says yes to rent or sell according to the complete flow,"Wants to sell Azizi Plaza studio, shared furniture info, offered WhatsApp follow-up",,https://qgxgtavkovqklijfpnfl.supabase.co/storage/v1/object/public/owners_data_second/019fad73-b425-7000-b818-b7b2ce261a61-1785321575534-c892cec2-bcc7-45db-a046-ebcd5b1bdbe9-stereo.wav,15783,019fa370-b3cf-7ee4-af6a-7b6a255e85ac
Hot Seller / Landlord,OSAMA EBRAHEM YOUAKIM SAWERAS,+971507190559,Elan,B499,TILAL AL GHAF,Villa,-,,0,Awaiting availability,"Open to rent villa, shared price, agreed to callback today",,,6729,
Hot Seller / Landlord,VINOTH CHANDRASEKARAN CHANDRASEKARAN,+971544221839,PG ONE AT AL FURJAN,704,Al Furjan,Unit,-,,0,Awaiting availability,"Has off-plan property to sell, will send details on WhatsApp",,,14326,
Hot Seller / Landlord,FARID ARSHAD MASOOD,+971552584175,Alaya,#N/A,TILAL AL GHAF,Land,-,,0,Awaiting availability,Customer sold property already,,,5115,
Hot Seller / Landlord,AMR KAMALELDIN AHMED MOHAMED HUSSEIN,+971552201917,Elan,A033,TILAL AL GHAF,Villa,-,,0,Awaiting availability,"Confirmed identity, agent asked about selling or renting",,,5704,
Hot Seller / Landlord,AMR KAMALELDIN AHMED MOHAMED HUSSEIN,+971552201917,Elan,A033,TILAL AL GHAF,Building,-,,0,Awaiting availability,Confirmed identity and asked about selling or renting property,,,4379,
Hot Seller / Landlord,MOHAMED AHMED ABDALLA FIKRI,+971527835647,Azizi Star Hotel Apartments,726,Al Furjan,Unit,-,,0,Awaiting availability,"Willing to sell studio in Azizi Plaza, requested WhatsApp details",,,10046,
Hot Seller / Landlord,NAILA ALAM,+971564202276,Elan,B041,TILAL AL GHAF,Building,-,,0,Awaiting availability,"Asked if person is available, acknowledged call purpose about selling or renting",,,5093,
Hot Seller / Landlord,ANIL RAMCHANDANI,+971507449375,Harmony,#N/A,TILAL AL GHAF,null,-,,0,Awaiting availability,Confirmed interest in selling or renting two-bedroom unit,,,8681,
Hot Seller / Landlord,ISABEL BASSAS PEREZ,+971545098999,Elan,B081,TILAL AL GHAF,Villa,-,,0,Awaiting availability,"Open to selling if offer is good, prefers WhatsApp communication",,,6135,
Hot Seller / Landlord,SATHY SEKHAR KOZHITHODI CHANDRASEKHARAN,+971506500864,Aura,TAG-AUR-3-B150,TILAL AL GHAF,Villa,-,,0,Awaiting availability – anyone who says yes to rent or sell according to the complete flow,"Owner open to sell or rent, 4 bed, pool and park backing, requested market rates",,https://qgxgtavkovqklijfpnfl.supabase.co/storage/v1/object/public/owners_data_second/01a070b1-24ed-7555-bb4f-a35efbe42d46-1788597179718-5ca50f2f-b8d0-4dc6-bafd-e98ebf7794f5-stereo.wav,8313,
Hot Seller / Landlord,WAJDI JAMAL KHALID,+971528432122,Aura,TAG-AUR-2-079,TILAL AL GHAF,Villa,-,,0,Awaiting availability,"Confirmed identity, acknowledged call about unit at Aura",,,6010,
Hot Seller / Landlord,JUDITH GEB HALKENHAUBER CARTWRIGHT,+971566037925,Harmony,#N/A,TILAL AL GHAF,null,-,,0,Awaiting availability,"Open to selling or renting unit at Harmony, has additional info",,,6332,
Hot Seller / Landlord,MOHAMED MUSTAFA SHIMOGA,+971506506514,Al Furjan,null,Al Furjan,Land,-,,0,Awaiting availability,Said already sold the property,,,9521,
Hot Seller / Landlord,MUHAMMAD ZOHAIB ARIF MALIK MUHAMMAD ARIF,+971543134999,Azizi Plaza Hotel Apartments,120,Al Furjan,Unit,-,,0,Awaiting availability,"Unit rented till next year, no other property offered",,,10402,
Hot Seller / Landlord,MARYA MAZHAR MUNSHI,+971503893784,Elan,A013,TILAL AL GHAF,Villa,-,,0,Awaiting availability,Confirmed property details and agrees to list for sale,,,5011,
Hot Seller / Landlord,MD WAHID MIAH AL HAJ ABDUL KARIM MIAH,+971508801711,Elysian Mansions,#N/A,TILAL AL GHAF,null,-,,0,Awaiting availability,Customer confirmed interest but unclear on sell or rent,,,6107,
Hot Seller / Landlord,NITIN PASSI,+971506990133,Serenity Mansions,TAG-SM1-005,TILAL AL GHAF,Land,-,,0,Awaiting availability,Customer confirmed interest in selling or renting property,,,5103,
Hot Seller / Landlord,NICHOLAS JOHN MAYBOUR,+971505649327,Alaya,#N/A,TILAL AL GHAF,Land,-,,0,Awaiting availability,"Confirmed property sold, thanked for call",,,7072,
Hot Seller / Landlord,NICHOLAS JOHN MAYBOUR,+971505649327,Alaya,#N/A,TILAL AL GHAF,null,-,,0,Awaiting availability,"Said property sold, open to sell listing assistance",,,5804,
Hot Seller / Landlord,CHENXI LIU,+971555599686,Alaya,#N/A,TILAL AL GHAF,Land,-,,0,Awaiting availability,"Customer stayed on line, open to listing property for sale or rent",,,4996,
Hot Seller / Landlord,KHALIFA SULAIMAN GHARIB SULAIMAN ALMUTAWA,+971561442144,Elan,B461,TILAL AL GHAF,Building,-,,0,Awaiting availability – anyone who says yes to rent or sell according to the complete flow,"Currently rented out, wants to keep as rental investment",,https://qgxgtavkovqklijfpnfl.supabase.co/storage/v1/object/public/owners_data_second/019fad6d-d23f-7ddc-8a2f-97195ae10f10-1785321191586-e85f7763-a25f-4580-b87c-0ff7d8487d5b-stereo.wav,4600,
Hot Seller / Landlord,MONA SYED MIRZA,+971504670809,Harmony,#N/A,TILAL AL GHAF,null,-,,0,Awaiting availability,Customer asked to stay on line for discussion,,,8443,
Hot Seller / Landlord,MONA SYED MIRZA,+971504670809,Alaya,#N/A,TILAL AL GHAF,null,-,,0,Awaiting availability,Customer open to selling or renting property,,,6057,
Hot Seller / Landlord,HEND SALEM SOHAIL ALWALI ALKINDI,+971564222282,Elan,B355,TILAL AL GHAF,Villa,-,,0,Awaiting availability,Confirmed four bedrooms and open to sell or rent villa,,,6662,
Hot Seller / Landlord,MUNEEB AHMED,+971503440947,Al Furjan,null,0,Land,-,,0,Awaiting availability,Confirmed selling property with 3 to 4 bedrooms,,,13067,
Hot Seller / Landlord,BANTU JITENDRA KUMAR PATRO,+971561112567,STARZ TOWER by DANUBE,401,Al Furjan,Flat,-,,0,Awaiting availability,"Wants to rent and sell one-bedroom unit, open to callback anytime",,,13535,
Buyer Lead,BASHAR ISMAIEL ALTAHAN,+971509659962,Harmony,TAG-HAR-1-137,TILAL AL GHAF,General Use,-,,0,Create Buyers Lead,"Indicated budget and interest, but had to leave early",,,6461,
Buyer Lead,BASHAR ISMAIEL ALTAHAN,+971509659962,Harmony,#N/A,TILAL AL GHAF,null,-,,0,Create Buyers Lead,Shared budget and property preferences but had to leave,,,6282,
Hot Seller / Landlord,AWAT HAMA ALI,+971501485198,Aura,TAG-AUR-2-075,TILAL AL GHAF,Building,-,,0,Awaiting availability,Customer confirmed presence but no clear sell or rent intent stated,,,4244,
Hot Seller / Landlord,AYTAMI YONE SANTANA,+971558886736,Elan,A275,TILAL AL GHAF,Villa,-,,0,Awaiting availability,"Agreed to sell unit at Elan, declined listing on Property Finder",,,4812,
Hot Seller / Landlord,AYTAMI YONE SANTANA,+971558886736,Elan,A275,TILAL AL GHAF,Building,-,,0,Awaiting availability,"Customer wants to sell unit at Elan Telal, priced 4.65M",,,3865,
Hot Seller / Landlord,MOHAMMED HUSSAIN ALI ALABDULLA,+971506492999,GEMZ by Danube,1007,Al Furjan,Flat,-,,0,Awaiting availability,"Open to selling, asked about serious buyer and price",,,9164,
Hot Seller / Landlord,VIVEK CHANDRAKANT MISTRY,+971552234933,AZIZI. TULIP,910,Al Furjan,Unit,-,,0,Awaiting availability,Customer stated property already sold,,,9975,
Hot Seller / Landlord,JAAFAR M O Y AL AHMAD,+971565004077,Alaya,#N/A,TILAL AL GHAF,General Use,-,,0,Awaiting availability,"Customer acknowledges, willing to stay on line regarding selling or renting",,,7813,
Hot Seller / Landlord,PIOTR ARKADIUSZ BURAL,+971504848238,AMALIA RESIDENCES,214,Al Furjan,Unit,-,,0,Awaiting availability,Greeted agent; no explicit confirmation to sell or rent yet,,,8997,
Hot Seller / Landlord,ABDULRAHMAN AHMAD ALI BIN GHELAITA ALMHEIRI,+971502105555,AL FURJAN,null,Al Furjan,Land,-,,0,Awaiting availability,Customer confirmed property is sold,,,9184,
Hot Seller / Landlord,AFRA ISMAIL ABDULLA MOHD BUHUMAID,+971502535235,Elan,B049,TILAL AL GHAF,Villa,-,,0,Awaiting availability,Customer confirms interest in selling or renting property,,,6926,
Hot Seller / Landlord,PHILIP MATTHEW MAHONEY,+971503886230,Aura,TAG-AUR-2-005,TILAL AL GHAF,Building,-,,0,Awaiting availability – anyone who says yes to rent or sell according to the complete flow,Confirmed open to selling Aura at Telal Alghaf,,https://qgxgtavkovqklijfpnfl.supabase.co/storage/v1/object/public/owners_data_second/01a07a57-b0e3-766f-8a91-c3e6bec7711b-1788758999267-3a8bc0b8-5e35-4ac4-933f-bc719b496eb9-stereo.wav,4305,
Hot Seller / Landlord,ANTONY KOZHUVELIPARAMBIL LAWRENCE LAWRENCE KOZHUVELIPARAMBIL KOCHANTO,+971502538834,Al Furjan,1002,Al Furjan,Unit,-,,0,Awaiting availability,Customer discussed property related to selling or renting,,,9045,
Hot Seller / Landlord,JUMMAKHAN SABOORALI SABOOR ALI,+971502574494,AL FURJAN,null,Al Furjan,Residential,-,,0,Awaiting availability,"Open to selling after tenant vacates, shared price and agent details",,,9237,
Hot Seller / Landlord,ANDREI GUDUMAC,+971554987554,Harmony,#N/A,TILAL AL GHAF,null,-,,0,Awaiting availability,Customer responded affirmatively to selling or renting inquiry,,,6359,
Hot Seller / Landlord,PARESH SHANTILAL SHAH,+971508357966,ALFURJAN PACKAGE 4,null,Al Furjan,Land,-,,0,Awaiting availability,Customer confirmed willingness to sell or rent property,,,8846,
Hot Seller / Landlord,OLEG PROSKURIN,+971585761844,Zazen Gardens,318,Al Furjan,Unit,-,,0,Awaiting availability,"Confirmed identity, no direct answer on selling or renting",,,9000,
Hot Seller / Landlord,WALEED RASHED MUBARAK SAIF ALRIYAMI,+971506666810,Elan,B185,TILAL AL GHAF,Villa,-,,0,Awaiting availability,"Confirmed identity, no clear sell/rent answer",,,4826,
Hot Seller / Landlord,HUMAM WALID A QAFISHEH,+971559897905,Elan,B499,TILAL AL GHAF,Villa,-,,0,Awaiting availability,Interested in selling but wants to call back later,,,4859,
Hot Seller / Landlord,ARSHAD GULZAR SHEIKH GULZAR MUHAMMAD,+971504763702,Al Furjan,null,0,Land,-,,0,Awaiting availability,Confirmed interest in selling or renting property,,,9054,
Hot Seller / Landlord,ALEXANDER ROTAR,+971508854838,Azizi Plaza Hotel Apartments,1028,Al Furjan,Unit,-,,0,Awaiting availability,Confirmed interest in selling or renting unit at Azizi Plaza,,,9532,
Hot Seller / Landlord,MAHENDRA KUMAR JANGID,+971556611304,STARZ TOWER by DANUBE,1509,Al Furjan,Flat,-,,0,Awaiting availability,"Customer has property rented, not interested in selling now",,,9753,
Hot Seller / Landlord,NADDIN JEHAD FARID SAMRA,+971566838030,Aura,TAG-AUR-3-A229,TILAL AL GHAF,Villa,-,,0,Awaiting availability,"Property is rented and off the market, not interested now",,,5406,
Hot Seller / Landlord,NADDIN JEHAD FARID SAMRA,+971566838030,Aura,TAG-AUR-3-A229,TILAL AL GHAF,Building,-,,0,Awaiting availability,"Unit rented, currently not available, customer not interested",,,5184,
Hot Seller / Landlord,MUSTAPHA LOUNI,+971527222284,Elan,B553,TILAL AL GHAF,Villa,-,,0,Awaiting availability,Customer confirms willingness to sell or rent in Hawaii,,,6786,
Hot Seller / Landlord,JAIDEEP SINHA SUBRATA KUMAR SINHA,+971569349959,AL FURJAN,null,Al Furjan,Land,-,,0,Awaiting availability,"Not selling now, may discuss renting closer to handover",,,10027,
Hot Seller / Landlord,JERYL JOSEPH JOSEPH JOSEPH ERAPUZHA,+971543337470,Al Furjan,907,Al Furjan,Unit,-,,0,Awaiting availability,Customer wants to sell but not interested to proceed now,,,10165,
Hot Seller / Landlord,SANGEETA SINGH VIRENDRA SINGH,+971559505622,Zazen Gardens,319,Al Furjan,Unit,-,,0,Awaiting availability,Customer responded affirmatively to selling inquiry,,,10191,
Hot Seller / Landlord,NISHANT KUMAR VERMA RAM NARAYAN PRASAD VERMA,+971526338543,EQUITI ARCADE,904,Al Furjan,Unit,-,,0,Awaiting availability,"Wants to sell rented two-bedroom unit, available after 5:30 PM",,,9582,
Hot Seller / Landlord,ROSHI TANDON RAMAN TALWAR,+971559001006,CANDACE ACACIA HOTEL APARTMENTS,229,Al Furjan,Unit,-,,0,Awaiting availability,Customer confirmed availability and requested to stay on line,,,9021,
Hot Seller / Landlord,SHAGUFTAMOBIN JAMLANEY,+971504956621,Elan,B041,TILAL AL GHAF,Villa,-,,0,Awaiting availability,"Has townhouse listed, waiting for interested buyers to call",,,6296,
Hot Seller / Landlord,JORGEN HENRIK TORE PRAME,+971506395827,Harmony,#N/A,TILAL AL GHAF,null,-,,0,Awaiting availability,Confirmed interest in selling or renting property,,,5901,
Buyer Lead,PRIYANKA RABINDRA KUMAR VERMA,+971568053624,Al Furjan,105,Al Furjan,Unit,-,,0,Create Buyers Lead,Asked about selling price and property type details,,,9546,
Hot Seller / Landlord,SHAMMA RASHID ABDELAZIZ SALIM ALMAZROUA,+971504911149,Elan,B457,TILAL AL GHAF,Villa,-,,0,Awaiting availability,Customer confirmed property already sold,,,6758,
Hot Seller / Landlord,VASEEM AHMED MOHAMED LUTHFULLA,+971506674025,Aura,TAG-AUR-3-B179,TILAL AL GHAF,Villa,-,,0,Awaiting availability – anyone who says yes to rent or sell according to the complete flow,"Said rental only, tenant moving in October",,https://qgxgtavkovqklijfpnfl.supabase.co/storage/v1/object/public/owners_data_second/019faded-f7b2-777a-92b1-9d6af53794ea-1785329548998-86d4f46a-345e-4615-ad70-acf9c1933b2c-stereo.wav,8228,
Hot Seller / Landlord,NIKHIL KUMAR KOTHARI,+971509386943,ALFURJAN PACKAGE 6,null,Al Furjan,Land,-,,0,Awaiting availability,Customer wants to sell but doubts property details,,,9896,
Hot Seller / Landlord,NIRAV RAJU RAJPUT RAJU CHIMANLAL RAJPUT,+971544301949,Westwood By Imtiaz,109,Al Furjan,Unit,-,,0,Awaiting availability,"Confirmed identity, open to selling or renting inquiry",,,8969,
Hot Seller / Landlord,NANDITA MATHUR RAJNISH MATHUR,+971558098048,Harmony,#N/A,TILAL AL GHAF,null,-,,0,Awaiting availability,Customer confirmed identity but did not answer about selling or renting,,,7537,
Hot Seller / Landlord,HYMAVATHI RATHANKARAM SRINIVASARAJU RATHANKARAM,+971558308130,Zazen Gardens,114,Al Furjan,Unit,-,,0,Awaiting availability,"Wants to sell three off-plan units, will share details on WhatsApp",,,9181,
Hot Seller / Landlord,ZUBIN KARKARIA,+971561154662,Harmony,#N/A,TILAL AL GHAF,null,-,,0,Awaiting availability,Confirmed availability and willingness to discuss unit details,,,8473,
Hot Seller / Landlord,ALA EDDINE BEN AMOR,+971561328709,Al Furjan,null,Al Furjan,Building,-,,0,Awaiting availability,"Property rented, not selling, no callback needed",,,10067,
Hot Seller / Landlord,SHAHID JALAL SYED,+971501576546,Aura,TAG-AUR-2-031,TILAL AL GHAF,Villa,-,,0,Awaiting availability,Initially declined but then showed hesitation about selling or renting,,,6203,
Hot Seller / Landlord,YASIR SHAMIM AHMAD,+971501638477,Al Furjan,null,0,Land,-,,0,Awaiting availability,"Unit rented out until December, open to offers but no immediate interest",,,10378,
Hot Seller / Landlord,HASSAN MRIZN A ASIREE,+966556633442,Al Furjan,null,0,Land,-,,0,Awaiting availability,"Confirmed identity, asked about selling or renting",,,10490,
Hot Seller / Landlord,DANIELE GUIDI,+971551530900,Harmony,#N/A,TILAL AL GHAF,Land,-,,0,Awaiting availability,"Confirmed unit sold, potential seller interest",,,7317,
Hot Seller / Landlord,ALEX MICHAEL DIEGO FERNANDES,+971564135511,EQUITI RESIDENCE,1004,Al Furjan,Unit,-,,0,Awaiting availability,"Said property already rented, requested WhatsApp follow-up",,,9403,
Hot Seller / Landlord,MEHDI KHATIBZADEH,+971509181952,Alaya,#N/A,TILAL AL GHAF,Land,-,,0,Awaiting availability,"Customer open to selling or renting, asked to wait two minutes",,,6185,
Hot Seller / Landlord,MUNIR HASSAN MOHAMED ALI TAHER,+971588992255,Aura,TAG-AUR-3-A011,TILAL AL GHAF,Building,-,,0,Awaiting availability – anyone who says yes to rent or sell according to the complete flow,Open to sell or rent but suspects a scam due to UK number,,https://qgxgtavkovqklijfpnfl.supabase.co/storage/v1/object/public/owners_data_second/01a07043-18ca-766e-afe0-f4d82593c843-1788589903988-980087af-6de4-4ece-a496-4e844d8762ea-stereo.wav,4482,
Hot Seller / Landlord,OLEKSII NAZARENKOV,+971529234716,Elan,A275,TILAL AL GHAF,Building,-,,0,Awaiting availability,"Confirmed availability, asked about selling property",,,3897,
Hot Seller / Landlord,SHAJU APPUKUTTAN PILLAI VASANTHA,+971552690044,PEARLZ by Danube,411,Al Furjan,Unit,-,,0,Awaiting availability,Customer already sold the property,,,8899,
Hot Seller / Landlord,MICHAEL JOSEPH FODOR,+971558689140,Eight @ Al Furjan,null,Al Furjan,Building,-,,0,Awaiting availability,"Interested to sell townhouse, wants valuation before listing",,,9450,
Hot Seller / Landlord,FAISAL YOUSUF MUHAMMAD YOUSUF,+971529073471,Elan,B325,TILAL AL GHAF,Villa,-,,0,Awaiting availability,"Unit rented, asked to follow up in September",,,6154,
Hot Seller / Landlord,AMBREEN ISMAIL,+971504552414,Elan,B597,TILAL AL GHAF,Villa,-,,0,Awaiting availability,Customer available and willing to stay on line about selling or renting,,,6551,
Hot Seller / Landlord,AMBREEN ISMAIL MUHAMMAD SARWAR,+971504552414,Elan,B597,TILAL AL GHAF,Villa,-,,0,Awaiting availability,"Customer confirmed availability, open to selling or renting",,,4741,
Hot Seller / Landlord,AMBREEN ISMAIL MUHAMMAD SARWAR,+971504552414,Elan,B597,TILAL AL GHAF,Building,-,,0,Awaiting availability,"Confirmed availability, asked to stay on line regarding property selling or renting",,,4204,
Hot Seller / Landlord,ALBERT JARZEBAK,+971505324708,Roy Mediterranean Hotel Apartments,128,Al Furjan,Unit,-,,0,Awaiting availability,"Wants to sell two units, requested call from knowledgeable agent",,,14382,
Hot Seller / Landlord,ABDELSALAM ELSIDDIG MOHAMED AHMED ABDELMUTALIB,+971528109042,Azizi Farishta Residence,413,Al Furjan,Flat,-,,0,Awaiting availability,"Owns one-bedroom unit, wants callback after contacting other agencies",,,13288,
Hot Seller / Landlord,NADIIA BUTLER,+971504217254,DREAMZ,null,Al Furjan,Villa,-,,0,Awaiting availability,Confirmed interest to sell property but declined listing currently,,,9160,
Hot Seller / Landlord,SHRAVAN KHANNA VINOD KUMAR KHANNA,+971529212345,Alaya,#N/A,TILAL AL GHAF,Land,-,,0,Awaiting availability,"Wants no cold calls, only contact with buyer ready to pay 22 million",,,4866,
Hot Seller / Landlord,SHAMISELDIEN OSMAN NASR MOHAMED,+971508094087,Harmony,TAG-HAR-1-80,TILAL AL GHAF,Land,-,,0,Awaiting availability,"Has exhibit contract, wants to sell, referred to agent Josh",,,7343,
Hot Seller / Landlord,SHAMISELDIEN OSMAN NASR MOHAMED,+971508094087,Harmony,TAG-HAR-1-80,TILAL AL GHAF,General Use,-,,0,Awaiting availability,Has property for sale under exclusive contract with another agent,,,4053,
Hot Seller / Landlord,MHER SHIRINYAN,+971543531312,GLAMZ RESIDENCE,1403,Al Furjan,Unit,-,,0,Awaiting availability,Interested in discussing selling or renting unit in May,,,8963,
Hot Seller / Landlord,JIHAN SAADI,+971561155155,Elan,A153,TILAL AL GHAF,Building,-,,0,Awaiting availability,"Sold property years ago, currently owns multiple properties, wants to sell",,,7489,
Hot Seller / Landlord,MUHAMMAD ABDULLAH,+971527969697,STARZ TOWER by DANUBE,314,Al Furjan,Unit,-,,0,Awaiting availability,"Customer agreed to stay on line, open to discuss selling or renting",,,10180,
Buyer Lead,SABER MOHAMED AHMED ALI ALAMMARI,+971506234667,Elan,B175,TILAL AL GHAF,Villa,-,,0,Create Buyers Lead,Interested in selling villa and buying three-bedroom apartment in Dubai,,,6912,
Hot Seller / Landlord,TALHA BIN SALEEM SALEEM ALI ABID,+971526522935,Elan,B229,TILAL AL GHAF,Villa,-,,0,Awaiting availability,"Confirmed identity, responded to selling or renting inquiry",,,7580,
Hot Seller / Landlord,MAISAM ABBAS VIRANI ALI RAZA VIRANI,+971552581351,Elan,A123,TILAL AL GHAF,Villa,-,,0,Awaiting availability,Confirmed willingness to sell or rent unit at Ellen and Tyler LGF,,,7792,
Buyer Lead,MUHAMMAD ANEEK MUHAMMED AQIL,+971503437377,Al Furjan,null,0,Land,-,,0,Create Buyers Lead,Asked about pricing and shared budget for apartment,,,9591,
Hot Seller / Landlord,NITINKUMAR KHUSHALDAS GIYANANI KHUSHALDAS PAHLLAJRAI GIYANANI,+971502416868,Aura,TAG-AUR-2-003,TILAL AL GHAF,Villa,-,,0,Awaiting availability – anyone who says yes to rent or sell according to the complete flow,"Unit already sold, requested update to data, no further interest",,https://qgxgtavkovqklijfpnfl.supabase.co/storage/v1/object/public/owners_data_second/01a0711f-6173-7000-87de-8900344bbe21-1788604350696-cbfaffc8-30e2-4e38-b23a-b7d5ff4eb8b8-stereo.wav,6000,
Hot Seller / Landlord,MARWAN ATIQ THANI ABDULLA,+971522222322,Elan,B125,TILAL AL GHAF,Villa,-,,0,Awaiting availability,Confirmed interest in selling or renting unit,,,6707,
Hot Seller / Landlord,NATASHA RITCHIE OGILVIE,+971509493321,Al Furjan,null,Al Furjan,Building,-,,0,Awaiting availability,Confirmed previously informed about renting or selling property,,,9177,
Hot Seller / Landlord,MOHAMED FAIZ MOHAMED CASSIM,+966505492393,Azizi Star Hotel Apartments,1211,Al Furjan,Unit,-,,0,Awaiting availability,"Property rented but interested, requested link and will send message",,,10137,
Buyer Lead,AMAL ABDULRAHIM MOHAMED AHMED ALHAMMADI,+971505950565,Elan,B347,TILAL AL GHAF,Villa,-,,0,Create Buyers Lead,"Interested in buying, asked about pricing and property options",,,6625,
Hot Seller / Landlord,SHAUKATALI IBRAHIM BOBAT,+971505033705,Aura,TAG-AUR-3-B175,TILAL AL GHAF,Villa,-,,0,Awaiting availability – anyone who says yes to rent or sell according to the complete flow,"Open to selling or renting Oura unit, call dropped during details",,https://qgxgtavkovqklijfpnfl.supabase.co/storage/v1/object/public/owners_data_second/01a085cb-0075-7000-8a16-df6b9158e635-1788951129995-0f3dbd93-fe00-4812-b10a-371711b60e90-stereo.wav,8045,
Hot Seller / Landlord,AMGAD BADRELDIN MAHMOUD ABDELAZIZ,+971505593602,Elan,A271,TILAL AL GHAF,Villa,-,,0,Awaiting availability,Open to renting four-bedroom villa starting early August,,,6378,
Hot Seller / Landlord,FARHOOD AHMADI PISHKOHI,+971588088008,Aura,TAG-AUR-2-099,TILAL AL GHAF,Building,-,,0,Awaiting availability,"Customer confirmed identity, no clear sell or rent intent yet",,,4608,
Hot Seller / Landlord,SAMER A A DABBAS,+971506552622,Harmony,TAG-HAR-1-PV5,TILAL AL GHAF,Land,-,,0,Awaiting availability,Customer confirmed availability and willingness to discuss selling or renting,,,7408,
Hot Seller / Landlord,SAMER A A DABBAS,+971506552622,Harmony,TAG-HAR-1-PV5,TILAL AL GHAF,General Use,-,,0,Awaiting availability,"Customer confirmed availability, willing to discuss selling or renting",,,4819,
Hot Seller / Landlord,JACOB THOMAS JOY NEDUMPARAMBIL ANTONY,+971554835003,AMALIA RESIDENCES,504,Al Furjan,Unit,-,,0,Awaiting availability – anyone who says yes to rent or sell according to the complete flow,Customer confirmed property already entered and ongoing,,https://qgxgtavkovqklijfpnfl.supabase.co/storage/v1/object/public/owners_data_second/019f98d5-0262-7ff4-8adc-73b63200cf02-1784975601718-3835f3cd-9ea9-4664-a8c5-6b6ec185cdaa-stereo.wav,12836,019e3fac-5011-7001-9b97-785249a28a8c
Hot Seller / Landlord,OBAID HAJI OBAID HAJI AL MARASHDA,+971566661660,Elan,A095,TILAL AL GHAF,Villa,-,,0,Awaiting availability,"Responded about property status, not interested in selling or renting",,,7888,
Hot Seller / Landlord,SUHAIL ABDULLATIF IBRAHIM HASSAN GALADARI,+971549947743,Harmony,TAG-HAR-1-PV16,TILAL AL GHAF,General Use,-,,0,Awaiting availability – anyone who says yes to rent or sell according to the complete flow,"Owner has multiple units, asked to send on WhatsApp",,https://qgxgtavkovqklijfpnfl.supabase.co/storage/v1/object/public/owners_data_second/019fae0e-32bd-7000-a58b-f6eeb3384de9-1785331772067-f3409a07-e931-4279-b205-978eb8c52f46-stereo.wav,4954,
Hot Seller / Landlord,NITA RAJ BHATIA,+971505642092,Aura,TAG-AUR-3-B031,TILAL AL GHAF,Building,-,,0,Awaiting availability – anyone who says yes to rent or sell according to the complete flow,"Wants to sell two properties, shared locations, bedrooms, prices, requested WhatsApp follow-up",,https://qgxgtavkovqklijfpnfl.supabase.co/storage/v1/object/public/owners_data_second/019fad32-a50b-777c-a536-f6ae9e56d83d-1785317417960-59cd1dc4-f784-494d-a323-5724a5f0600b-stereo.wav,4441,
Hot Seller / Landlord,GAUTAM SINHA ANIL KUMAR SRIVASTAVA,+971509435560,Al Furjan,105,Al Furjan,Unit,-,,0,Awaiting availability,"Interested to sell property, expects minimum price, prefers callback Monday",,,9540,
Hot Seller / Landlord,HITESH VERMA ISHWAR DAYAL VERMA,+971503047096,ALFURJAN PACKAGE 6,null,Al Furjan,Land,-,,0,Awaiting availability,"Open to selling unit in Al Furjan, declined listing offer",,,9336,
Hot Seller / Landlord,SHEIKH MAQSOOD RASHID AHMED SHEIKH RASHID AHMED,+971506449581,Harmony,#N/A,TILAL AL GHAF,Residential,-,,0,Awaiting availability,"Property rented out, not ready to list, prefers callback in January",,,4846,
Hot Seller / Landlord,THOMAS KARNER,+971544311640,Alaya,#N/A,TILAL AL GHAF,Land,-,,0,Awaiting availability – anyone who says yes to rent or sell according to the complete flow,"Asked about setup, support, agreed demo, open to sell",,https://qgxgtavkovqklijfpnfl.supabase.co/storage/v1/object/public/owners_data_second/01a03232-6770-7dda-87e0-67877d43ed94-1787548629539-c630bfd6-6af4-4ee9-a2b5-6a613cecb756-stereo.wav,7175,
Hot Seller / Landlord,MICKEY ADEREMI LAWAL,+971508612762,Azizi Plaza Hotel Apartments,309,Al Furjan,Unit,-,,0,Awaiting availability,"Interested in selling studio apartment, agreed to consultant callback",,,8829,
Hot Seller / Landlord,KAILASH BHAGWANDAS LAUNGANI,+971506443502,Harmony,#N/A,TILAL AL GHAF,null,-,,0,Awaiting availability,"Customer repeated message, implies previously answered about selling status",,,6403,
Hot Seller / Landlord,KOMAL AGARWAL SHARWAN KUMAR AGARWAL,+971567148115,Elan,A071,TILAL AL GHAF,Building,-,,0,Awaiting availability,"Wants to sell townhouses in Jabali village, seeking better rental rate",,,5109,
Hot Seller / Landlord,TEHNIYAT MIR SHMAZ MIR,+971503583681,AVENUE RESIDENCE 4,907,Al Furjan,Unit,-,,0,Awaiting availability,Unit already rented; not interested in selling or listing,,,10047,
Hot Seller / Landlord,AYUSH GUPTA MANOJ KUMAR GUPTA,+971566749044,ALFURJAN PACKAGE 6,null,Al Furjan,Land,-,,0,Awaiting availability,"Open to renting, no listing, agreed to callback from senior consultant",,,9946,
Hot Seller / Landlord,MUHAMMAD RIZWAN PATEL MUHAMMAD YASIN PATEL,+971551083239,CANDACE ACACIA HOTEL APARTMENTS,229,Al Furjan,Unit,-,,0,Awaiting availability,"Confirmed identity, open to discuss selling or renting",,,8971,
Hot Seller / Landlord,KHADIJA EBRAHIM AHMED ABDULNABI ALABBAS,+971556055558,Elan,A241,TILAL AL GHAF,Villa,-,,0,Awaiting availability,Expressed interest in selling or renting property,,,5980,
Hot Seller / Landlord,TRACY GEORGES ALCHAYEB,+971585027830,CANDACE ASTER HOTEL APARTMENTS,206,Al Furjan,Unit,-,,0,Awaiting availability,"Unit already sold or rented, no other properties available",,,10549,
Hot Seller / Landlord,HODA IBRAHIM HUSSEIN ELSOBKY,+971506562882,Aura,TAG-AUR-2-035,TILAL AL GHAF,Villa,-,,0,Awaiting availability,"Open to selling or renting property, asked about bedrooms",,,8545,01a0b447-7824-7fff-924f-ece5b0897eaa
